2026-03-30 11:18:21.896 +05:30 [INF] Executed DbCommand (301ms) [Parameters=[@normalizedName='?' (Size = 256)], CommandType='"Text"', CommandTimeout='30']
SELECT TOP(1) [a].[Id], [a].[ConcurrencyStamp], [a].[Name], [a].[NormalizedName]
FROM [AspNetRoles] AS [a]
WHERE [a].[NormalizedName] = @normalizedName
2026-03-30 11:18:22.246 +05:30 [INF] Executed DbCommand (7ms) [Parameters=[@normalizedName='?' (Size = 256)], CommandType='"Text"', CommandTimeout='30']
SELECT TOP(1) [a].[Id], [a].[ConcurrencyStamp], [a].[Name], [a].[NormalizedName]
FROM [AspNetRoles] AS [a]
WHERE [a].[NormalizedName] = @normalizedName
2026-03-30 11:18:22.254 +05:30 [INF] Executed DbCommand (1ms) [Parameters=[@normalizedName='?' (Size = 256)], CommandType='"Text"', CommandTimeout='30']
SELECT TOP(1) [a].[Id], [a].[ConcurrencyStamp], [a].[Name], [a].[NormalizedName]
FROM [AspNetRoles] AS [a]
WHERE [a].[NormalizedName] = @normalizedName
2026-03-30 11:18:23.023 +05:30 [INF] Executed DbCommand (6ms) [Parameters=[], CommandType='"Text"', CommandTimeout='30']
SELECT 1
2026-03-30 11:18:23.035 +05:30 [INF] Acquiring an exclusive lock for migration application. See https://aka.ms/efcore-docs-migrations-lock for more information if this takes too long.
2026-03-30 11:18:23.053 +05:30 [INF] Executed DbCommand (11ms) [Parameters=[], CommandType='"Text"', CommandTimeout='30']
DECLARE @result int;
EXEC @result = sp_getapplock @Resource = '__EFMigrationsLock', @LockOwner = 'Session', @LockMode = 'Exclusive';
SELECT @result
2026-03-30 11:18:23.200 +05:30 [INF] Executed DbCommand (2ms) [Parameters=[], CommandType='"Text"', CommandTimeout='30']
IF OBJECT_ID(N'[__EFMigrationsHistory]') IS NULL
BEGIN
    CREATE TABLE [__EFMigrationsHistory] (
        [MigrationId] nvarchar(150) NOT NULL,
        [ProductVersion] nvarchar(32) NOT NULL,
        CONSTRAINT [PK___EFMigrationsHistory] PRIMARY KEY ([MigrationId])
    );
END;
2026-03-30 11:18:23.218 +05:30 [INF] Executed DbCommand (1ms) [Parameters=[], CommandType='"Text"', CommandTimeout='30']
SELECT 1
2026-03-30 11:18:23.222 +05:30 [INF] Executed DbCommand (1ms) [Parameters=[], CommandType='"Text"', CommandTimeout='30']
SELECT OBJECT_ID(N'[__EFMigrationsHistory]');
2026-03-30 11:18:23.230 +05:30 [INF] Executed DbCommand (3ms) [Parameters=[], CommandType='"Text"', CommandTimeout='30']
SELECT [MigrationId], [ProductVersion]
FROM [__EFMigrationsHistory]
ORDER BY [MigrationId];
2026-03-30 11:18:23.241 +05:30 [INF] No migrations were applied. The database is already up to date.
2026-03-30 11:18:23.245 +05:30 [INF] Executed DbCommand (1ms) [Parameters=[], CommandType='"Text"', CommandTimeout='30']
DECLARE @result int;
EXEC @result = sp_releaseapplock @Resource = '__EFMigrationsLock', @LockOwner = 'Session';
SELECT @result
2026-03-30 11:18:23.512 +05:30 [INF] User profile is available. Using 'C:\Users\Srikrishna\AppData\Local\ASP.NET\DataProtection-Keys' as key repository and Windows DPAPI to encrypt keys at rest.
2026-03-30 11:18:23.735 +05:30 [WRN] The WebRootPath was not found: D:\DotNetCorePractise\MicroservicesAssesment\Services\UserService\UserService.API\wwwroot. Static files may be unavailable.
2026-03-30 11:18:24.004 +05:30 [INF] Now listening on: https://localhost:5011
2026-03-30 11:18:24.020 +05:30 [INF] Now listening on: http://localhost:5010
2026-03-30 11:18:24.171 +05:30 [INF] Application started. Press Ctrl+C to shut down.
2026-03-30 11:18:24.182 +05:30 [INF] Hosting environment: Development
2026-03-30 11:18:24.184 +05:30 [INF] Content root path: D:\DotNetCorePractise\MicroservicesAssesment\Services\UserService\UserService.API
2026-03-30 11:18:26.618 +05:30 [INF] Request starting HTTP/2 GET https://localhost:5011/ - null null
2026-03-30 11:18:29.800 +05:30 [INF] HTTP GET / responded 404 in 2886.2503 ms
2026-03-30 11:18:29.810 +05:30 [INF] Request finished HTTP/2 GET https://localhost:5011/ - 404 null null 3197.0771ms
2026-03-30 11:18:29.819 +05:30 [INF] Request reached the end of the middleware pipeline without being handled by application code. Request path: GET https://localhost:5011/, Response status code: 404
2026-03-30 11:31:09.035 +05:30 [INF] Executed DbCommand (123ms) [Parameters=[@normalizedName='?' (Size = 256)], CommandType='"Text"', CommandTimeout='30']
SELECT TOP(1) [a].[Id], [a].[ConcurrencyStamp], [a].[Name], [a].[NormalizedName]
FROM [AspNetRoles] AS [a]
WHERE [a].[NormalizedName] = @normalizedName
2026-03-30 11:31:09.316 +05:30 [INF] Executed DbCommand (17ms) [Parameters=[@normalizedName='?' (Size = 256)], CommandType='"Text"', CommandTimeout='30']
SELECT TOP(1) [a].[Id], [a].[ConcurrencyStamp], [a].[Name], [a].[NormalizedName]
FROM [AspNetRoles] AS [a]
WHERE [a].[NormalizedName] = @normalizedName
2026-03-30 11:31:09.325 +05:30 [INF] Executed DbCommand (1ms) [Parameters=[@normalizedName='?' (Size = 256)], CommandType='"Text"', CommandTimeout='30']
SELECT TOP(1) [a].[Id], [a].[ConcurrencyStamp], [a].[Name], [a].[NormalizedName]
FROM [AspNetRoles] AS [a]
WHERE [a].[NormalizedName] = @normalizedName
2026-03-30 11:31:09.684 +05:30 [INF] Executed DbCommand (7ms) [Parameters=[], CommandType='"Text"', CommandTimeout='30']
SELECT 1
2026-03-30 11:31:09.701 +05:30 [INF] Acquiring an exclusive lock for migration application. See https://aka.ms/efcore-docs-migrations-lock for more information if this takes too long.
2026-03-30 11:31:09.785 +05:30 [INF] Executed DbCommand (45ms) [Parameters=[], CommandType='"Text"', CommandTimeout='30']
DECLARE @result int;
EXEC @result = sp_getapplock @Resource = '__EFMigrationsLock', @LockOwner = 'Session', @LockMode = 'Exclusive';
SELECT @result
2026-03-30 11:31:09.981 +05:30 [INF] Executed DbCommand (2ms) [Parameters=[], CommandType='"Text"', CommandTimeout='30']
IF OBJECT_ID(N'[__EFMigrationsHistory]') IS NULL
BEGIN
    CREATE TABLE [__EFMigrationsHistory] (
        [MigrationId] nvarchar(150) NOT NULL,
        [ProductVersion] nvarchar(32) NOT NULL,
        CONSTRAINT [PK___EFMigrationsHistory] PRIMARY KEY ([MigrationId])
    );
END;
2026-03-30 11:31:10.013 +05:30 [INF] Executed DbCommand (1ms) [Parameters=[], CommandType='"Text"', CommandTimeout='30']
SELECT 1
2026-03-30 11:31:10.022 +05:30 [INF] Executed DbCommand (1ms) [Parameters=[], CommandType='"Text"', CommandTimeout='30']
SELECT OBJECT_ID(N'[__EFMigrationsHistory]');
2026-03-30 11:31:10.036 +05:30 [INF] Executed DbCommand (5ms) [Parameters=[], CommandType='"Text"', CommandTimeout='30']
SELECT [MigrationId], [ProductVersion]
FROM [__EFMigrationsHistory]
ORDER BY [MigrationId];
2026-03-30 11:31:10.051 +05:30 [INF] No migrations were applied. The database is already up to date.
2026-03-30 11:31:10.074 +05:30 [INF] Executed DbCommand (3ms) [Parameters=[], CommandType='"Text"', CommandTimeout='30']
DECLARE @result int;
EXEC @result = sp_releaseapplock @Resource = '__EFMigrationsLock', @LockOwner = 'Session';
SELECT @result
2026-03-30 11:31:10.443 +05:30 [INF] User profile is available. Using 'C:\Users\Srikrishna\AppData\Local\ASP.NET\DataProtection-Keys' as key repository and Windows DPAPI to encrypt keys at rest.
2026-03-30 11:31:10.617 +05:30 [WRN] The WebRootPath was not found: D:\DotNetCorePractise\MicroservicesAssesment\Services\UserService\UserService.API\wwwroot. Static files may be unavailable.
2026-03-30 11:31:10.826 +05:30 [INF] Now listening on: https://localhost:5011
2026-03-30 11:31:10.828 +05:30 [INF] Now listening on: http://localhost:5010
2026-03-30 11:31:10.962 +05:30 [INF] Application started. Press Ctrl+C to shut down.
2026-03-30 11:31:10.967 +05:30 [INF] Hosting environment: Development
2026-03-30 11:31:10.971 +05:30 [INF] Content root path: D:\DotNetCorePractise\MicroservicesAssesment\Services\UserService\UserService.API
2026-03-30 11:31:11.350 +05:30 [INF] Request starting HTTP/2 GET https://localhost:5011/ - null null
2026-03-30 11:31:11.596 +05:30 [INF] HTTP GET / responded 404 in 90.7899 ms
2026-03-30 11:31:11.610 +05:30 [INF] Request finished HTTP/2 GET https://localhost:5011/ - 404 null null 260.4554ms
2026-03-30 11:31:11.619 +05:30 [INF] Request reached the end of the middleware pipeline without being handled by application code. Request path: GET https://localhost:5011/, Response status code: 404
2026-03-30 11:41:49.517 +05:30 [INF] Request starting HTTP/1.1 GET http://localhost:5010/swagger - null null
2026-03-30 11:41:49.536 +05:30 [INF] HTTP GET /swagger responded 301 in 2.8419 ms
2026-03-30 11:41:49.551 +05:30 [INF] Request finished HTTP/1.1 GET http://localhost:5010/swagger - 301 null null 34.3189ms
2026-03-30 11:41:49.558 +05:30 [INF] Request starting HTTP/1.1 GET http://localhost:5010/swagger/index.html - null null
2026-03-30 11:41:49.694 +05:30 [INF] HTTP GET /swagger/index.html responded 200 in 126.1593 ms
2026-03-30 11:41:49.702 +05:30 [INF] Request finished HTTP/1.1 GET http://localhost:5010/swagger/index.html - 200 null text/html;charset=utf-8 142.9687ms
2026-03-30 11:41:49.753 +05:30 [INF] Request starting HTTP/1.1 GET http://localhost:5010/swagger/swagger-ui.css - null null
2026-03-30 11:41:49.762 +05:30 [INF] Request starting HTTP/1.1 GET http://localhost:5010/swagger/swagger-ui-standalone-preset.js - null null
2026-03-30 11:41:49.753 +05:30 [INF] Request starting HTTP/1.1 GET http://localhost:5010/swagger/index.css - null null
2026-03-30 11:41:49.765 +05:30 [INF] Request starting HTTP/1.1 GET http://localhost:5010/swagger/index.js - null null
2026-03-30 11:41:49.761 +05:30 [INF] Request starting HTTP/1.1 GET http://localhost:5010/swagger/swagger-ui-bundle.js - null null
2026-03-30 11:41:49.781 +05:30 [INF] HTTP GET /swagger/index.js responded 200 in 2.3712 ms
2026-03-30 11:41:49.766 +05:30 [INF] Request starting HTTP/1.1 GET http://localhost:5010/_framework/aspnetcore-browser-refresh.js - null null
2026-03-30 11:41:49.788 +05:30 [INF] Request finished HTTP/1.1 GET http://localhost:5010/swagger/index.js - 200 null application/javascript;charset=utf-8 23.0224ms
2026-03-30 11:41:49.791 +05:30 [INF] HTTP GET /swagger/index.css responded 200 in 15.0676 ms
2026-03-30 11:41:49.791 +05:30 [INF] HTTP GET /swagger/swagger-ui.css responded 200 in 20.7561 ms
2026-03-30 11:41:49.803 +05:30 [INF] Request finished HTTP/1.1 GET http://localhost:5010/swagger/index.css - 200 152 text/css 50.0898ms
2026-03-30 11:41:49.801 +05:30 [INF] Request finished HTTP/1.1 GET http://localhost:5010/_framework/aspnetcore-browser-refresh.js - 200 14935 application/javascript; charset=utf-8 35.0574ms
2026-03-30 11:41:49.813 +05:30 [INF] Request finished HTTP/1.1 GET http://localhost:5010/swagger/swagger-ui.css - 200 26479 text/css 59.1843ms
2026-03-30 11:41:49.817 +05:30 [INF] HTTP GET /swagger/swagger-ui-standalone-preset.js responded 200 in 44.2802 ms
2026-03-30 11:41:49.817 +05:30 [INF] HTTP GET /swagger/swagger-ui-bundle.js responded 200 in 34.8068 ms
2026-03-30 11:41:49.821 +05:30 [INF] Request starting HTTP/1.1 GET http://localhost:5010/_vs/browserLink - null null
2026-03-30 11:41:49.829 +05:30 [INF] Request finished HTTP/1.1 GET http://localhost:5010/swagger/swagger-ui-standalone-preset.js - 200 76613 text/javascript 67.4085ms
2026-03-30 11:41:49.830 +05:30 [INF] Request finished HTTP/1.1 GET http://localhost:5010/swagger/swagger-ui-bundle.js - 200 418181 text/javascript 68.7557ms
2026-03-30 11:41:49.874 +05:30 [INF] Request finished HTTP/1.1 GET http://localhost:5010/_vs/browserLink - 200 null text/javascript; charset=UTF-8 52.654ms
2026-03-30 11:41:50.092 +05:30 [INF] Request starting HTTP/1.1 GET http://localhost:5010/swagger/v1/swagger.json - null null
2026-03-30 11:41:50.117 +05:30 [INF] HTTP GET /swagger/v1/swagger.json responded 200 in 21.1656 ms
2026-03-30 11:41:50.120 +05:30 [INF] Request finished HTTP/1.1 GET http://localhost:5010/swagger/v1/swagger.json - 200 null application/json;charset=utf-8 28.0972ms
2026-03-30 11:42:35.311 +05:30 [INF] Request starting HTTP/1.1 POST http://localhost:5010/api/v1/auth/login - application/json 71
2026-03-30 11:42:35.322 +05:30 [INF] CORS policy execution successful.
2026-03-30 11:42:35.333 +05:30 [INF] Executing endpoint 'UserService.API.Controllers.AuthController.Login (UserService.API)'
2026-03-30 11:42:35.377 +05:30 [INF] Route matched with {action = "Login", controller = "Auth"}. Executing controller action with signature System.Threading.Tasks.Task`1[Microsoft.AspNetCore.Mvc.IActionResult] Login(UserService.Application.DTOs.LoginDto) on controller UserService.API.Controllers.AuthController (UserService.API).
2026-03-30 11:42:35.630 +05:30 [INF] Executed DbCommand (19ms) [Parameters=[@normalizedEmail='?' (Size = 256)], CommandType='"Text"', CommandTimeout='30']
SELECT TOP(2) [a].[Id], [a].[AccessFailedCount], [a].[ConcurrencyStamp], [a].[CreatedAt], [a].[Email], [a].[EmailConfirmed], [a].[FirstName], [a].[IsActive], [a].[IsMfaEnabled], [a].[LastName], [a].[LockoutEnabled], [a].[LockoutEnd], [a].[NormalizedEmail], [a].[NormalizedUserName], [a].[PasswordHash], [a].[PhoneNumber], [a].[PhoneNumberConfirmed], [a].[ProfileImageUrl], [a].[RefreshToken], [a].[RefreshTokenExpiry], [a].[SecurityStamp], [a].[TwoFactorEnabled], [a].[UpdatedAt], [a].[UserName]
FROM [AspNetUsers] AS [a]
WHERE [a].[NormalizedEmail] = @normalizedEmail
2026-03-30 11:42:35.850 +05:30 [INF] Executed DbCommand (12ms) [Parameters=[@userId='?' (Size = 450)], CommandType='"Text"', CommandTimeout='30']
SELECT [a0].[Name]
FROM [AspNetUserRoles] AS [a]
INNER JOIN [AspNetRoles] AS [a0] ON [a].[RoleId] = [a0].[Id]
WHERE [a].[UserId] = @userId
2026-03-30 11:42:35.981 +05:30 [INF] Executed DbCommand (5ms) [Parameters=[@normalizedUserName='?' (Size = 256)], CommandType='"Text"', CommandTimeout='30']
SELECT TOP(1) [a].[Id], [a].[AccessFailedCount], [a].[ConcurrencyStamp], [a].[CreatedAt], [a].[Email], [a].[EmailConfirmed], [a].[FirstName], [a].[IsActive], [a].[IsMfaEnabled], [a].[LastName], [a].[LockoutEnabled], [a].[LockoutEnd], [a].[NormalizedEmail], [a].[NormalizedUserName], [a].[PasswordHash], [a].[PhoneNumber], [a].[PhoneNumberConfirmed], [a].[ProfileImageUrl], [a].[RefreshToken], [a].[RefreshTokenExpiry], [a].[SecurityStamp], [a].[TwoFactorEnabled], [a].[UpdatedAt], [a].[UserName]
FROM [AspNetUsers] AS [a]
WHERE [a].[NormalizedUserName] = @normalizedUserName
2026-03-30 11:42:35.997 +05:30 [INF] Executed DbCommand (2ms) [Parameters=[@normalizedEmail='?' (Size = 256)], CommandType='"Text"', CommandTimeout='30']
SELECT TOP(2) [a].[Id], [a].[AccessFailedCount], [a].[ConcurrencyStamp], [a].[CreatedAt], [a].[Email], [a].[EmailConfirmed], [a].[FirstName], [a].[IsActive], [a].[IsMfaEnabled], [a].[LastName], [a].[LockoutEnabled], [a].[LockoutEnd], [a].[NormalizedEmail], [a].[NormalizedUserName], [a].[PasswordHash], [a].[PhoneNumber], [a].[PhoneNumberConfirmed], [a].[ProfileImageUrl], [a].[RefreshToken], [a].[RefreshTokenExpiry], [a].[SecurityStamp], [a].[TwoFactorEnabled], [a].[UpdatedAt], [a].[UserName]
FROM [AspNetUsers] AS [a]
WHERE [a].[NormalizedEmail] = @normalizedEmail
2026-03-30 11:42:36.199 +05:30 [INF] Executed DbCommand (34ms) [Parameters=[@p23='?' (Size = 450), @p0='?' (DbType = Int32), @p1='?' (Size = 4000), @p24='?' (Size = 4000), @p2='?' (DbType = DateTime2), @p3='?' (Size = 256), @p4='?' (DbType = Boolean), @p5='?' (Size = 50), @p6='?' (DbType = Boolean), @p7='?' (DbType = Boolean), @p8='?' (Size = 50), @p9='?' (DbType = Boolean), @p10='?' (DbType = DateTimeOffset), @p11='?' (Size = 256), @p12='?' (Size = 256), @p13='?' (Size = 4000), @p14='?' (Size = 4000), @p15='?' (DbType = Boolean), @p16='?' (Size = 4000), @p17='?' (Size = 4000), @p18='?' (DbType = DateTime2), @p19='?' (Size = 4000), @p20='?' (DbType = Boolean), @p21='?' (DbType = DateTime2), @p22='?' (Size = 256)], CommandType='"Text"', CommandTimeout='30']
SET IMPLICIT_TRANSACTIONS OFF;
SET NOCOUNT ON;
UPDATE [AspNetUsers] SET [AccessFailedCount] = @p0, [ConcurrencyStamp] = @p1, [CreatedAt] = @p2, [Email] = @p3, [EmailConfirmed] = @p4, [FirstName] = @p5, [IsActive] = @p6, [IsMfaEnabled] = @p7, [LastName] = @p8, [LockoutEnabled] = @p9, [LockoutEnd] = @p10, [NormalizedEmail] = @p11, [NormalizedUserName] = @p12, [PasswordHash] = @p13, [PhoneNumber] = @p14, [PhoneNumberConfirmed] = @p15, [ProfileImageUrl] = @p16, [RefreshToken] = @p17, [RefreshTokenExpiry] = @p18, [SecurityStamp] = @p19, [TwoFactorEnabled] = @p20, [UpdatedAt] = @p21, [UserName] = @p22
OUTPUT 1
WHERE [Id] = @p23 AND [ConcurrencyStamp] = @p24;
2026-03-30 11:42:36.230 +05:30 [INF] Executing OkObjectResult, writing value of type '<>f__AnonymousType0`2[[System.Boolean, System.Private.CoreLib, Version=10.0.0.0, Culture=neutral, PublicKeyToken=7cec85d7bea7798e],[UserService.Application.DTOs.TokenResponseDto, UserService.Application, Version=1.0.0.0, Culture=neutral, PublicKeyToken=null]]'.
2026-03-30 11:42:36.259 +05:30 [INF] Executed action UserService.API.Controllers.AuthController.Login (UserService.API) in 873.3849ms
2026-03-30 11:42:36.263 +05:30 [INF] Executed endpoint 'UserService.API.Controllers.AuthController.Login (UserService.API)'
2026-03-30 11:42:36.265 +05:30 [INF] HTTP POST /api/v1/auth/login responded 200 in 939.3729 ms
2026-03-30 11:42:36.273 +05:30 [INF] Request finished HTTP/1.1 POST http://localhost:5010/api/v1/auth/login - 200 null application/json; charset=utf-8 961.7418ms
2026-03-30 14:11:17.571 +05:30 [INF] Executed DbCommand (30ms) [Parameters=[], CommandType='"Text"', CommandTimeout='30']
SELECT 1
2026-03-30 14:11:17.632 +05:30 [INF] Acquiring an exclusive lock for migration application. See https://aka.ms/efcore-docs-migrations-lock for more information if this takes too long.
2026-03-30 14:11:17.725 +05:30 [INF] Executed DbCommand (89ms) [Parameters=[], CommandType='"Text"', CommandTimeout='30']
DECLARE @result int;
EXEC @result = sp_getapplock @Resource = '__EFMigrationsLock', @LockOwner = 'Session', @LockMode = 'Exclusive';
SELECT @result
2026-03-30 14:11:17.863 +05:30 [INF] Executed DbCommand (27ms) [Parameters=[], CommandType='"Text"', CommandTimeout='30']
IF OBJECT_ID(N'[__EFMigrationsHistory]') IS NULL
BEGIN
    CREATE TABLE [__EFMigrationsHistory] (
        [MigrationId] nvarchar(150) NOT NULL,
        [ProductVersion] nvarchar(32) NOT NULL,
        CONSTRAINT [PK___EFMigrationsHistory] PRIMARY KEY ([MigrationId])
    );
END;
2026-03-30 14:11:17.891 +05:30 [INF] Executed DbCommand (1ms) [Parameters=[], CommandType='"Text"', CommandTimeout='30']
SELECT 1
2026-03-30 14:11:17.898 +05:30 [INF] Executed DbCommand (5ms) [Parameters=[], CommandType='"Text"', CommandTimeout='30']
SELECT OBJECT_ID(N'[__EFMigrationsHistory]');
2026-03-30 14:11:17.975 +05:30 [INF] Executed DbCommand (71ms) [Parameters=[], CommandType='"Text"', CommandTimeout='30']
SELECT [MigrationId], [ProductVersion]
FROM [__EFMigrationsHistory]
ORDER BY [MigrationId];
2026-03-30 14:11:18.000 +05:30 [INF] Applying migration '20260330083807_inialCreate'.
2026-03-30 14:11:18.101 +05:30 [ERR] Failed executing DbCommand (47ms) [Parameters=[], CommandType='"Text"', CommandTimeout='30']
CREATE TABLE [AspNetRoles] (
    [Id] nvarchar(450) NOT NULL,
    [Name] nvarchar(256) NULL,
    [NormalizedName] nvarchar(256) NULL,
    [ConcurrencyStamp] nvarchar(max) NULL,
    CONSTRAINT [PK_AspNetRoles] PRIMARY KEY ([Id])
);
2026-03-30 14:21:39.301 +05:30 [INF] Executed DbCommand (375ms) [Parameters=[], CommandType='"Text"', CommandTimeout='60']
CREATE DATABASE [ECommerceMSUserDb];
2026-03-30 14:21:39.492 +05:30 [INF] Executed DbCommand (140ms) [Parameters=[], CommandType='"Text"', CommandTimeout='60']
IF SERVERPROPERTY('EngineEdition') <> 5
BEGIN
    ALTER DATABASE [ECommerceMSUserDb] SET READ_COMMITTED_SNAPSHOT ON;
END;
2026-03-30 14:21:39.535 +05:30 [INF] Executed DbCommand (12ms) [Parameters=[], CommandType='"Text"', CommandTimeout='30']
SELECT 1
2026-03-30 14:21:39.539 +05:30 [INF] Acquiring an exclusive lock for migration application. See https://aka.ms/efcore-docs-migrations-lock for more information if this takes too long.
2026-03-30 14:21:39.569 +05:30 [INF] Executed DbCommand (28ms) [Parameters=[], CommandType='"Text"', CommandTimeout='30']
DECLARE @result int;
EXEC @result = sp_getapplock @Resource = '__EFMigrationsLock', @LockOwner = 'Session', @LockMode = 'Exclusive';
SELECT @result
2026-03-30 14:21:39.650 +05:30 [INF] Executed DbCommand (11ms) [Parameters=[], CommandType='"Text"', CommandTimeout='30']
IF OBJECT_ID(N'[__EFMigrationsHistory]') IS NULL
BEGIN
    CREATE TABLE [__EFMigrationsHistory] (
        [MigrationId] nvarchar(150) NOT NULL,
        [ProductVersion] nvarchar(32) NOT NULL,
        CONSTRAINT [PK___EFMigrationsHistory] PRIMARY KEY ([MigrationId])
    );
END;
2026-03-30 14:21:39.671 +05:30 [INF] Executed DbCommand (1ms) [Parameters=[], CommandType='"Text"', CommandTimeout='30']
SELECT 1
2026-03-30 14:21:39.672 +05:30 [INF] Executed DbCommand (1ms) [Parameters=[], CommandType='"Text"', CommandTimeout='30']
SELECT OBJECT_ID(N'[__EFMigrationsHistory]');
2026-03-30 14:21:39.694 +05:30 [INF] Executed DbCommand (18ms) [Parameters=[], CommandType='"Text"', CommandTimeout='30']
SELECT [MigrationId], [ProductVersion]
FROM [__EFMigrationsHistory]
ORDER BY [MigrationId];
2026-03-30 14:21:39.723 +05:30 [INF] Applying migration '20260330083807_inialCreate'.
2026-03-30 14:21:39.794 +05:30 [INF] Executed DbCommand (3ms) [Parameters=[], CommandType='"Text"', CommandTimeout='30']
CREATE TABLE [AspNetRoles] (
    [Id] nvarchar(450) NOT NULL,
    [Name] nvarchar(256) NULL,
    [NormalizedName] nvarchar(256) NULL,
    [ConcurrencyStamp] nvarchar(max) NULL,
    CONSTRAINT [PK_AspNetRoles] PRIMARY KEY ([Id])
);
2026-03-30 14:21:39.801 +05:30 [INF] Executed DbCommand (6ms) [Parameters=[], CommandType='"Text"', CommandTimeout='30']
CREATE TABLE [AspNetUsers] (
    [Id] nvarchar(450) NOT NULL,
    [FirstName] nvarchar(50) NOT NULL,
    [LastName] nvarchar(50) NOT NULL,
    [ProfileImageUrl] nvarchar(max) NULL,
    [RefreshToken] nvarchar(max) NULL,
    [RefreshTokenExpiry] datetime2 NULL,
    [IsMfaEnabled] bit NOT NULL,
    [CreatedAt] datetime2 NOT NULL,
    [UpdatedAt] datetime2 NULL,
    [IsActive] bit NOT NULL,
    [UserName] nvarchar(256) NULL,
    [NormalizedUserName] nvarchar(256) NULL,
    [Email] nvarchar(256) NULL,
    [NormalizedEmail] nvarchar(256) NULL,
    [EmailConfirmed] bit NOT NULL,
    [PasswordHash] nvarchar(max) NULL,
    [SecurityStamp] nvarchar(max) NULL,
    [ConcurrencyStamp] nvarchar(max) NULL,
    [PhoneNumber] nvarchar(max) NULL,
    [PhoneNumberConfirmed] bit NOT NULL,
    [TwoFactorEnabled] bit NOT NULL,
    [LockoutEnd] datetimeoffset NULL,
    [LockoutEnabled] bit NOT NULL,
    [AccessFailedCount] int NOT NULL,
    CONSTRAINT [PK_AspNetUsers] PRIMARY KEY ([Id])
);
2026-03-30 14:21:39.807 +05:30 [INF] Executed DbCommand (6ms) [Parameters=[], CommandType='"Text"', CommandTimeout='30']
CREATE TABLE [OtpRecords] (
    [Id] uniqueidentifier NOT NULL,
    [UserId] nvarchar(450) NOT NULL,
    [OtpCode] nvarchar(10) NOT NULL,
    [Purpose] nvarchar(50) NOT NULL,
    [Channel] nvarchar(20) NOT NULL,
    [ExpiresAt] datetime2 NOT NULL,
    [IsUsed] bit NOT NULL,
    [CreatedAt] datetime2 NOT NULL,
    CONSTRAINT [PK_OtpRecords] PRIMARY KEY ([Id])
);
2026-03-30 14:21:39.816 +05:30 [INF] Executed DbCommand (8ms) [Parameters=[], CommandType='"Text"', CommandTimeout='30']
CREATE TABLE [AspNetRoleClaims] (
    [Id] int NOT NULL IDENTITY,
    [RoleId] nvarchar(450) NOT NULL,
    [ClaimType] nvarchar(max) NULL,
    [ClaimValue] nvarchar(max) NULL,
    CONSTRAINT [PK_AspNetRoleClaims] PRIMARY KEY ([Id]),
    CONSTRAINT [FK_AspNetRoleClaims_AspNetRoles_RoleId] FOREIGN KEY ([RoleId]) REFERENCES [AspNetRoles] ([Id]) ON DELETE CASCADE
);
2026-03-30 14:21:39.821 +05:30 [INF] Executed DbCommand (4ms) [Parameters=[], CommandType='"Text"', CommandTimeout='30']
CREATE TABLE [AspNetUserClaims] (
    [Id] int NOT NULL IDENTITY,
    [UserId] nvarchar(450) NOT NULL,
    [ClaimType] nvarchar(max) NULL,
    [ClaimValue] nvarchar(max) NULL,
    CONSTRAINT [PK_AspNetUserClaims] PRIMARY KEY ([Id]),
    CONSTRAINT [FK_AspNetUserClaims_AspNetUsers_UserId] FOREIGN KEY ([UserId]) REFERENCES [AspNetUsers] ([Id]) ON DELETE CASCADE
);
2026-03-30 14:21:39.830 +05:30 [INF] Executed DbCommand (9ms) [Parameters=[], CommandType='"Text"', CommandTimeout='30']
CREATE TABLE [AspNetUserLogins] (
    [LoginProvider] nvarchar(450) NOT NULL,
    [ProviderKey] nvarchar(450) NOT NULL,
    [ProviderDisplayName] nvarchar(max) NULL,
    [UserId] nvarchar(450) NOT NULL,
    CONSTRAINT [PK_AspNetUserLogins] PRIMARY KEY ([LoginProvider], [ProviderKey]),
    CONSTRAINT [FK_AspNetUserLogins_AspNetUsers_UserId] FOREIGN KEY ([UserId]) REFERENCES [AspNetUsers] ([Id]) ON DELETE CASCADE
);
2026-03-30 14:21:39.835 +05:30 [INF] Executed DbCommand (5ms) [Parameters=[], CommandType='"Text"', CommandTimeout='30']
CREATE TABLE [AspNetUserRoles] (
    [UserId] nvarchar(450) NOT NULL,
    [RoleId] nvarchar(450) NOT NULL,
    CONSTRAINT [PK_AspNetUserRoles] PRIMARY KEY ([UserId], [RoleId]),
    CONSTRAINT [FK_AspNetUserRoles_AspNetRoles_RoleId] FOREIGN KEY ([RoleId]) REFERENCES [AspNetRoles] ([Id]) ON DELETE CASCADE,
    CONSTRAINT [FK_AspNetUserRoles_AspNetUsers_UserId] FOREIGN KEY ([UserId]) REFERENCES [AspNetUsers] ([Id]) ON DELETE CASCADE
);
2026-03-30 14:21:39.840 +05:30 [INF] Executed DbCommand (4ms) [Parameters=[], CommandType='"Text"', CommandTimeout='30']
CREATE TABLE [AspNetUserTokens] (
    [UserId] nvarchar(450) NOT NULL,
    [LoginProvider] nvarchar(450) NOT NULL,
    [Name] nvarchar(450) NOT NULL,
    [Value] nvarchar(max) NULL,
    CONSTRAINT [PK_AspNetUserTokens] PRIMARY KEY ([UserId], [LoginProvider], [Name]),
    CONSTRAINT [FK_AspNetUserTokens_AspNetUsers_UserId] FOREIGN KEY ([UserId]) REFERENCES [AspNetUsers] ([Id]) ON DELETE CASCADE
);
2026-03-30 14:21:39.846 +05:30 [INF] Executed DbCommand (6ms) [Parameters=[], CommandType='"Text"', CommandTimeout='30']
CREATE INDEX [IX_AspNetRoleClaims_RoleId] ON [AspNetRoleClaims] ([RoleId]);
2026-03-30 14:21:39.851 +05:30 [INF] Executed DbCommand (5ms) [Parameters=[], CommandType='"Text"', CommandTimeout='30']
CREATE UNIQUE INDEX [RoleNameIndex] ON [AspNetRoles] ([NormalizedName]) WHERE [NormalizedName] IS NOT NULL;
2026-03-30 14:21:39.853 +05:30 [INF] Executed DbCommand (2ms) [Parameters=[], CommandType='"Text"', CommandTimeout='30']
CREATE INDEX [IX_AspNetUserClaims_UserId] ON [AspNetUserClaims] ([UserId]);
2026-03-30 14:21:39.855 +05:30 [INF] Executed DbCommand (2ms) [Parameters=[], CommandType='"Text"', CommandTimeout='30']
CREATE INDEX [IX_AspNetUserLogins_UserId] ON [AspNetUserLogins] ([UserId]);
2026-03-30 14:21:39.857 +05:30 [INF] Executed DbCommand (2ms) [Parameters=[], CommandType='"Text"', CommandTimeout='30']
CREATE INDEX [IX_AspNetUserRoles_RoleId] ON [AspNetUserRoles] ([RoleId]);
2026-03-30 14:21:39.859 +05:30 [INF] Executed DbCommand (1ms) [Parameters=[], CommandType='"Text"', CommandTimeout='30']
CREATE INDEX [EmailIndex] ON [AspNetUsers] ([NormalizedEmail]);
2026-03-30 14:21:39.862 +05:30 [INF] Executed DbCommand (2ms) [Parameters=[], CommandType='"Text"', CommandTimeout='30']
CREATE UNIQUE INDEX [UserNameIndex] ON [AspNetUsers] ([NormalizedUserName]) WHERE [NormalizedUserName] IS NOT NULL;
2026-03-30 14:21:39.864 +05:30 [INF] Executed DbCommand (2ms) [Parameters=[], CommandType='"Text"', CommandTimeout='30']
CREATE INDEX [IX_OtpRecords_UserId_Purpose] ON [OtpRecords] ([UserId], [Purpose]);
2026-03-30 14:21:39.872 +05:30 [INF] Executed DbCommand (8ms) [Parameters=[], CommandType='"Text"', CommandTimeout='30']
INSERT INTO [__EFMigrationsHistory] ([MigrationId], [ProductVersion])
VALUES (N'20260330083807_inialCreate', N'10.0.5');
2026-03-30 14:21:39.879 +05:30 [INF] Executed DbCommand (4ms) [Parameters=[], CommandType='"Text"', CommandTimeout='30']
DECLARE @result int;
EXEC @result = sp_releaseapplock @Resource = '__EFMigrationsLock', @LockOwner = 'Session';
SELECT @result
2026-03-30 14:44:24.118 +05:30 [INF] Executed DbCommand (884ms) [Parameters=[@normalizedName='?' (Size = 256)], CommandType='"Text"', CommandTimeout='30']
SELECT TOP(1) [a].[Id], [a].[ConcurrencyStamp], [a].[Name], [a].[NormalizedName]
FROM [AspNetRoles] AS [a]
WHERE [a].[NormalizedName] = @normalizedName
2026-03-30 14:44:24.416 +05:30 [INF] Executed DbCommand (30ms) [Parameters=[@normalizedName='?' (Size = 256)], CommandType='"Text"', CommandTimeout='30']
SELECT TOP(1) [a].[Id], [a].[ConcurrencyStamp], [a].[Name], [a].[NormalizedName]
FROM [AspNetRoles] AS [a]
WHERE [a].[NormalizedName] = @normalizedName
2026-03-30 14:44:24.893 +05:30 [INF] Executed DbCommand (32ms) [Parameters=[@p0='?' (Size = 450), @p1='?' (Size = 4000), @p2='?' (Size = 256), @p3='?' (Size = 256)], CommandType='"Text"', CommandTimeout='30']
SET IMPLICIT_TRANSACTIONS OFF;
SET NOCOUNT ON;
INSERT INTO [AspNetRoles] ([Id], [ConcurrencyStamp], [Name], [NormalizedName])
VALUES (@p0, @p1, @p2, @p3);
2026-03-30 14:44:25.008 +05:30 [INF] Executed DbCommand (87ms) [Parameters=[@normalizedName='?' (Size = 256)], CommandType='"Text"', CommandTimeout='30']
SELECT TOP(1) [a].[Id], [a].[ConcurrencyStamp], [a].[Name], [a].[NormalizedName]
FROM [AspNetRoles] AS [a]
WHERE [a].[NormalizedName] = @normalizedName
2026-03-30 14:44:25.081 +05:30 [INF] Executed DbCommand (8ms) [Parameters=[@normalizedName='?' (Size = 256)], CommandType='"Text"', CommandTimeout='30']
SELECT TOP(1) [a].[Id], [a].[ConcurrencyStamp], [a].[Name], [a].[NormalizedName]
FROM [AspNetRoles] AS [a]
WHERE [a].[NormalizedName] = @normalizedName
2026-03-30 14:44:25.103 +05:30 [INF] Executed DbCommand (7ms) [Parameters=[@p0='?' (Size = 450), @p1='?' (Size = 4000), @p2='?' (Size = 256), @p3='?' (Size = 256)], CommandType='"Text"', CommandTimeout='30']
SET IMPLICIT_TRANSACTIONS OFF;
SET NOCOUNT ON;
INSERT INTO [AspNetRoles] ([Id], [ConcurrencyStamp], [Name], [NormalizedName])
VALUES (@p0, @p1, @p2, @p3);
2026-03-30 14:44:25.114 +05:30 [INF] Executed DbCommand (4ms) [Parameters=[@normalizedName='?' (Size = 256)], CommandType='"Text"', CommandTimeout='30']
SELECT TOP(1) [a].[Id], [a].[ConcurrencyStamp], [a].[Name], [a].[NormalizedName]
FROM [AspNetRoles] AS [a]
WHERE [a].[NormalizedName] = @normalizedName
2026-03-30 14:44:25.121 +05:30 [INF] Executed DbCommand (1ms) [Parameters=[@normalizedName='?' (Size = 256)], CommandType='"Text"', CommandTimeout='30']
SELECT TOP(1) [a].[Id], [a].[ConcurrencyStamp], [a].[Name], [a].[NormalizedName]
FROM [AspNetRoles] AS [a]
WHERE [a].[NormalizedName] = @normalizedName
2026-03-30 14:44:25.131 +05:30 [INF] Executed DbCommand (2ms) [Parameters=[@p0='?' (Size = 450), @p1='?' (Size = 4000), @p2='?' (Size = 256), @p3='?' (Size = 256)], CommandType='"Text"', CommandTimeout='30']
SET IMPLICIT_TRANSACTIONS OFF;
SET NOCOUNT ON;
INSERT INTO [AspNetRoles] ([Id], [ConcurrencyStamp], [Name], [NormalizedName])
VALUES (@p0, @p1, @p2, @p3);
2026-03-30 14:44:25.703 +05:30 [INF] Executed DbCommand (9ms) [Parameters=[], CommandType='"Text"', CommandTimeout='30']
SELECT 1
2026-03-30 14:44:25.716 +05:30 [INF] Acquiring an exclusive lock for migration application. See https://aka.ms/efcore-docs-migrations-lock for more information if this takes too long.
2026-03-30 14:44:25.745 +05:30 [INF] Executed DbCommand (22ms) [Parameters=[], CommandType='"Text"', CommandTimeout='30']
DECLARE @result int;
EXEC @result = sp_getapplock @Resource = '__EFMigrationsLock', @LockOwner = 'Session', @LockMode = 'Exclusive';
SELECT @result
2026-03-30 14:44:25.909 +05:30 [INF] Executed DbCommand (4ms) [Parameters=[], CommandType='"Text"', CommandTimeout='30']
IF OBJECT_ID(N'[__EFMigrationsHistory]') IS NULL
BEGIN
    CREATE TABLE [__EFMigrationsHistory] (
        [MigrationId] nvarchar(150) NOT NULL,
        [ProductVersion] nvarchar(32) NOT NULL,
        CONSTRAINT [PK___EFMigrationsHistory] PRIMARY KEY ([MigrationId])
    );
END;
2026-03-30 14:44:25.932 +05:30 [INF] Executed DbCommand (1ms) [Parameters=[], CommandType='"Text"', CommandTimeout='30']
SELECT 1
2026-03-30 14:44:25.940 +05:30 [INF] Executed DbCommand (2ms) [Parameters=[], CommandType='"Text"', CommandTimeout='30']
SELECT OBJECT_ID(N'[__EFMigrationsHistory]');
2026-03-30 14:44:25.951 +05:30 [INF] Executed DbCommand (5ms) [Parameters=[], CommandType='"Text"', CommandTimeout='30']
SELECT [MigrationId], [ProductVersion]
FROM [__EFMigrationsHistory]
ORDER BY [MigrationId];
2026-03-30 14:44:25.969 +05:30 [INF] No migrations were applied. The database is already up to date.
2026-03-30 14:44:25.976 +05:30 [INF] Executed DbCommand (3ms) [Parameters=[], CommandType='"Text"', CommandTimeout='30']
DECLARE @result int;
EXEC @result = sp_releaseapplock @Resource = '__EFMigrationsLock', @LockOwner = 'Session';
SELECT @result
2026-03-30 14:44:26.294 +05:30 [INF] User profile is available. Using 'C:\Users\Satvik\AppData\Local\ASP.NET\DataProtection-Keys' as key repository and Windows DPAPI to encrypt keys at rest.
2026-03-30 14:44:26.501 +05:30 [WRN] The WebRootPath was not found: C:\Users\Satvik\Downloads\MicroservicesAssesment\MicroservicesAssesment\Services\UserService\UserService.API\wwwroot. Static files may be unavailable.
2026-03-30 14:44:26.821 +05:30 [INF] Now listening on: https://localhost:5011
2026-03-30 14:44:26.832 +05:30 [INF] Now listening on: http://localhost:5010
2026-03-30 14:44:27.673 +05:30 [INF] Application started. Press Ctrl+C to shut down.
2026-03-30 14:44:27.678 +05:30 [INF] Hosting environment: Development
2026-03-30 14:44:27.682 +05:30 [INF] Content root path: C:\Users\Satvik\Downloads\MicroservicesAssesment\MicroservicesAssesment\Services\UserService\UserService.API
2026-03-30 14:44:27.826 +05:30 [INF] Request starting HTTP/2 GET https://localhost:5011/ - null null
2026-03-30 14:44:30.979 +05:30 [INF] HTTP GET / responded 404 in 2840.1814 ms
2026-03-30 14:44:30.999 +05:30 [INF] Request finished HTTP/2 GET https://localhost:5011/ - 404 null null 3176.8657ms
2026-03-30 14:44:31.010 +05:30 [INF] Request reached the end of the middleware pipeline without being handled by application code. Request path: GET https://localhost:5011/, Response status code: 404
2026-03-30 14:46:01.440 +05:30 [INF] Request starting HTTP/1.1 GET http://localhost:5010/swagger - null null
2026-03-30 14:46:01.478 +05:30 [INF] HTTP GET /swagger responded 301 in 5.5650 ms
2026-03-30 14:46:01.508 +05:30 [INF] Request finished HTTP/1.1 GET http://localhost:5010/swagger - 301 null null 67.8964ms
2026-03-30 14:46:01.533 +05:30 [INF] Request starting HTTP/1.1 GET http://localhost:5010/swagger/index.html - null null
2026-03-30 14:46:01.814 +05:30 [INF] HTTP GET /swagger/index.html responded 200 in 248.1782 ms
2026-03-30 14:46:01.828 +05:30 [INF] Request finished HTTP/1.1 GET http://localhost:5010/swagger/index.html - 200 null text/html;charset=utf-8 294.8733ms
2026-03-30 14:46:01.912 +05:30 [INF] Request starting HTTP/1.1 GET http://localhost:5010/swagger/swagger-ui.css - null null
2026-03-30 14:46:01.987 +05:30 [INF] Request starting HTTP/1.1 GET http://localhost:5010/swagger/swagger-ui-bundle.js - null null
2026-03-30 14:46:01.939 +05:30 [INF] Request starting HTTP/1.1 GET http://localhost:5010/swagger/swagger-ui-standalone-preset.js - null null
2026-03-30 14:46:01.918 +05:30 [INF] Request starting HTTP/1.1 GET http://localhost:5010/swagger/index.css - null null
2026-03-30 14:46:02.023 +05:30 [INF] Request starting HTTP/1.1 GET http://localhost:5010/swagger/index.js - null null
2026-03-30 14:46:02.073 +05:30 [INF] HTTP GET /swagger/swagger-ui.css responded 200 in 82.7865 ms
2026-03-30 14:46:02.072 +05:30 [INF] HTTP GET /swagger/index.css responded 200 in 20.3340 ms
2026-03-30 14:46:01.990 +05:30 [INF] Request starting HTTP/1.1 GET http://localhost:5010/_framework/aspnetcore-browser-refresh.js - null null
2026-03-30 14:46:02.144 +05:30 [INF] HTTP GET /swagger/index.js responded 200 in 19.5880 ms
2026-03-30 14:46:02.184 +05:30 [INF] HTTP GET /swagger/swagger-ui-bundle.js responded 200 in 155.0490 ms
2026-03-30 14:46:02.184 +05:30 [INF] HTTP GET /swagger/swagger-ui-standalone-preset.js responded 200 in 144.0398 ms
2026-03-30 14:46:02.187 +05:30 [INF] Request finished HTTP/1.1 GET http://localhost:5010/swagger/swagger-ui.css - 200 26479 text/css 274.1013ms
2026-03-30 14:46:02.193 +05:30 [INF] Request finished HTTP/1.1 GET http://localhost:5010/swagger/index.css - 200 152 text/css 274.7496ms
2026-03-30 14:46:02.206 +05:30 [INF] Request finished HTTP/1.1 GET http://localhost:5010/swagger/index.js - 200 null application/javascript;charset=utf-8 183.178ms
2026-03-30 14:46:02.210 +05:30 [INF] Request finished HTTP/1.1 GET http://localhost:5010/_framework/aspnetcore-browser-refresh.js - 200 14935 application/javascript; charset=utf-8 220.1873ms
2026-03-30 14:46:02.224 +05:30 [INF] Request finished HTTP/1.1 GET http://localhost:5010/swagger/swagger-ui-bundle.js - 200 418181 text/javascript 236.4427ms
2026-03-30 14:46:02.231 +05:30 [INF] Request finished HTTP/1.1 GET http://localhost:5010/swagger/swagger-ui-standalone-preset.js - 200 76613 text/javascript 291.8263ms
2026-03-30 14:46:02.254 +05:30 [INF] Request starting HTTP/1.1 GET http://localhost:5010/_vs/browserLink - null null
2026-03-30 14:46:02.689 +05:30 [INF] Request finished HTTP/1.1 GET http://localhost:5010/_vs/browserLink - 200 null text/javascript; charset=UTF-8 434.7773ms
2026-03-30 14:46:02.801 +05:30 [INF] Request starting HTTP/1.1 GET http://localhost:5010/swagger/v1/swagger.json - null null
2026-03-30 14:46:02.861 +05:30 [INF] Request starting HTTP/1.1 GET http://localhost:5010/swagger/favicon-32x32.png - null null
2026-03-30 14:46:02.876 +05:30 [INF] HTTP GET /swagger/v1/swagger.json responded 200 in 64.4593 ms
2026-03-30 14:46:02.888 +05:30 [INF] HTTP GET /swagger/favicon-32x32.png responded 200 in 6.9312 ms
2026-03-30 14:46:02.893 +05:30 [INF] Request finished HTTP/1.1 GET http://localhost:5010/swagger/v1/swagger.json - 200 null application/json;charset=utf-8 91.7586ms
2026-03-30 14:46:02.903 +05:30 [INF] Request finished HTTP/1.1 GET http://localhost:5010/swagger/favicon-32x32.png - 200 628 image/png 41.2371ms
2026-03-30 14:47:48.326 +05:30 [INF] Request starting HTTP/1.1 POST http://localhost:5010/api/v1/auth/register - application/json 206
2026-03-30 14:47:48.368 +05:30 [INF] CORS policy execution successful.
2026-03-30 14:47:48.425 +05:30 [INF] Executing endpoint 'UserService.API.Controllers.AuthController.Register (UserService.API)'
2026-03-30 14:47:48.562 +05:30 [INF] Route matched with {action = "Register", controller = "Auth"}. Executing controller action with signature System.Threading.Tasks.Task`1[Microsoft.AspNetCore.Mvc.IActionResult] Register(UserService.Application.DTOs.RegisterDto) on controller UserService.API.Controllers.AuthController (UserService.API).
2026-03-30 14:47:49.411 +05:30 [INF] Executed DbCommand (52ms) [Parameters=[@normalizedEmail='?' (Size = 256)], CommandType='"Text"', CommandTimeout='30']
SELECT TOP(2) [a].[Id], [a].[AccessFailedCount], [a].[ConcurrencyStamp], [a].[CreatedAt], [a].[Email], [a].[EmailConfirmed], [a].[FirstName], [a].[IsActive], [a].[IsMfaEnabled], [a].[LastName], [a].[LockoutEnabled], [a].[LockoutEnd], [a].[NormalizedEmail], [a].[NormalizedUserName], [a].[PasswordHash], [a].[PhoneNumber], [a].[PhoneNumberConfirmed], [a].[ProfileImageUrl], [a].[RefreshToken], [a].[RefreshTokenExpiry], [a].[SecurityStamp], [a].[TwoFactorEnabled], [a].[UpdatedAt], [a].[UserName]
FROM [AspNetUsers] AS [a]
WHERE [a].[NormalizedEmail] = @normalizedEmail
2026-03-30 14:47:49.687 +05:30 [INF] Executed DbCommand (13ms) [Parameters=[@normalizedUserName='?' (Size = 256)], CommandType='"Text"', CommandTimeout='30']
SELECT TOP(1) [a].[Id], [a].[AccessFailedCount], [a].[ConcurrencyStamp], [a].[CreatedAt], [a].[Email], [a].[EmailConfirmed], [a].[FirstName], [a].[IsActive], [a].[IsMfaEnabled], [a].[LastName], [a].[LockoutEnabled], [a].[LockoutEnd], [a].[NormalizedEmail], [a].[NormalizedUserName], [a].[PasswordHash], [a].[PhoneNumber], [a].[PhoneNumberConfirmed], [a].[ProfileImageUrl], [a].[RefreshToken], [a].[RefreshTokenExpiry], [a].[SecurityStamp], [a].[TwoFactorEnabled], [a].[UpdatedAt], [a].[UserName]
FROM [AspNetUsers] AS [a]
WHERE [a].[NormalizedUserName] = @normalizedUserName
2026-03-30 14:47:49.717 +05:30 [INF] Executed DbCommand (9ms) [Parameters=[@normalizedEmail='?' (Size = 256)], CommandType='"Text"', CommandTimeout='30']
SELECT TOP(2) [a].[Id], [a].[AccessFailedCount], [a].[ConcurrencyStamp], [a].[CreatedAt], [a].[Email], [a].[EmailConfirmed], [a].[FirstName], [a].[IsActive], [a].[IsMfaEnabled], [a].[LastName], [a].[LockoutEnabled], [a].[LockoutEnd], [a].[NormalizedEmail], [a].[NormalizedUserName], [a].[PasswordHash], [a].[PhoneNumber], [a].[PhoneNumberConfirmed], [a].[ProfileImageUrl], [a].[RefreshToken], [a].[RefreshTokenExpiry], [a].[SecurityStamp], [a].[TwoFactorEnabled], [a].[UpdatedAt], [a].[UserName]
FROM [AspNetUsers] AS [a]
WHERE [a].[NormalizedEmail] = @normalizedEmail
2026-03-30 14:47:49.992 +05:30 [INF] Executed DbCommand (23ms) [Parameters=[@p0='?' (Size = 450), @p1='?' (DbType = Int32), @p2='?' (Size = 4000), @p3='?' (DbType = DateTime2), @p4='?' (Size = 256), @p5='?' (DbType = Boolean), @p6='?' (Size = 50), @p7='?' (DbType = Boolean), @p8='?' (DbType = Boolean), @p9='?' (Size = 50), @p10='?' (DbType = Boolean), @p11='?' (DbType = DateTimeOffset), @p12='?' (Size = 256), @p13='?' (Size = 256), @p14='?' (Size = 4000), @p15='?' (Size = 4000), @p16='?' (DbType = Boolean), @p17='?' (Size = 4000), @p18='?' (Size = 4000), @p19='?' (DbType = DateTime2), @p20='?' (Size = 4000), @p21='?' (DbType = Boolean), @p22='?' (DbType = DateTime2), @p23='?' (Size = 256)], CommandType='"Text"', CommandTimeout='30']
SET IMPLICIT_TRANSACTIONS OFF;
SET NOCOUNT ON;
INSERT INTO [AspNetUsers] ([Id], [AccessFailedCount], [ConcurrencyStamp], [CreatedAt], [Email], [EmailConfirmed], [FirstName], [IsActive], [IsMfaEnabled], [LastName], [LockoutEnabled], [LockoutEnd], [NormalizedEmail], [NormalizedUserName], [PasswordHash], [PhoneNumber], [PhoneNumberConfirmed], [ProfileImageUrl], [RefreshToken], [RefreshTokenExpiry], [SecurityStamp], [TwoFactorEnabled], [UpdatedAt], [UserName])
VALUES (@p0, @p1, @p2, @p3, @p4, @p5, @p6, @p7, @p8, @p9, @p10, @p11, @p12, @p13, @p14, @p15, @p16, @p17, @p18, @p19, @p20, @p21, @p22, @p23);
2026-03-30 14:47:50.054 +05:30 [INF] Executed DbCommand (24ms) [Parameters=[@normalizedRoleName='?' (Size = 256)], CommandType='"Text"', CommandTimeout='30']
SELECT TOP(2) [a].[Id], [a].[ConcurrencyStamp], [a].[Name], [a].[NormalizedName]
FROM [AspNetRoles] AS [a]
WHERE [a].[NormalizedName] = @normalizedRoleName
2026-03-30 14:47:50.229 +05:30 [INF] Executed DbCommand (10ms) [Parameters=[@p='?' (Size = 450), @p1='?' (Size = 450)], CommandType='"Text"', CommandTimeout='30']
SELECT TOP(1) [a].[UserId], [a].[RoleId]
FROM [AspNetUserRoles] AS [a]
WHERE [a].[UserId] = @p AND [a].[RoleId] = @p1
2026-03-30 14:47:50.252 +05:30 [INF] Executed DbCommand (8ms) [Parameters=[@normalizedRoleName='?' (Size = 256)], CommandType='"Text"', CommandTimeout='30']
SELECT TOP(2) [a].[Id], [a].[ConcurrencyStamp], [a].[Name], [a].[NormalizedName]
FROM [AspNetRoles] AS [a]
WHERE [a].[NormalizedName] = @normalizedRoleName
2026-03-30 14:47:50.353 +05:30 [INF] Executed DbCommand (43ms) [Parameters=[@normalizedUserName='?' (Size = 256)], CommandType='"Text"', CommandTimeout='30']
SELECT TOP(1) [a].[Id], [a].[AccessFailedCount], [a].[ConcurrencyStamp], [a].[CreatedAt], [a].[Email], [a].[EmailConfirmed], [a].[FirstName], [a].[IsActive], [a].[IsMfaEnabled], [a].[LastName], [a].[LockoutEnabled], [a].[LockoutEnd], [a].[NormalizedEmail], [a].[NormalizedUserName], [a].[PasswordHash], [a].[PhoneNumber], [a].[PhoneNumberConfirmed], [a].[ProfileImageUrl], [a].[RefreshToken], [a].[RefreshTokenExpiry], [a].[SecurityStamp], [a].[TwoFactorEnabled], [a].[UpdatedAt], [a].[UserName]
FROM [AspNetUsers] AS [a]
WHERE [a].[NormalizedUserName] = @normalizedUserName
2026-03-30 14:47:50.391 +05:30 [INF] Executed DbCommand (17ms) [Parameters=[@normalizedEmail='?' (Size = 256)], CommandType='"Text"', CommandTimeout='30']
SELECT TOP(2) [a].[Id], [a].[AccessFailedCount], [a].[ConcurrencyStamp], [a].[CreatedAt], [a].[Email], [a].[EmailConfirmed], [a].[FirstName], [a].[IsActive], [a].[IsMfaEnabled], [a].[LastName], [a].[LockoutEnabled], [a].[LockoutEnd], [a].[NormalizedEmail], [a].[NormalizedUserName], [a].[PasswordHash], [a].[PhoneNumber], [a].[PhoneNumberConfirmed], [a].[ProfileImageUrl], [a].[RefreshToken], [a].[RefreshTokenExpiry], [a].[SecurityStamp], [a].[TwoFactorEnabled], [a].[UpdatedAt], [a].[UserName]
FROM [AspNetUsers] AS [a]
WHERE [a].[NormalizedEmail] = @normalizedEmail
2026-03-30 14:47:50.551 +05:30 [INF] Executed DbCommand (96ms) [Parameters=[@p0='?' (Size = 450), @p1='?' (Size = 450), @p25='?' (Size = 450), @p2='?' (DbType = Int32), @p3='?' (Size = 4000), @p26='?' (Size = 4000), @p4='?' (DbType = DateTime2), @p5='?' (Size = 256), @p6='?' (DbType = Boolean), @p7='?' (Size = 50), @p8='?' (DbType = Boolean), @p9='?' (DbType = Boolean), @p10='?' (Size = 50), @p11='?' (DbType = Boolean), @p12='?' (DbType = DateTimeOffset), @p13='?' (Size = 256), @p14='?' (Size = 256), @p15='?' (Size = 4000), @p16='?' (Size = 4000), @p17='?' (DbType = Boolean), @p18='?' (Size = 4000), @p19='?' (Size = 4000), @p20='?' (DbType = DateTime2), @p21='?' (Size = 4000), @p22='?' (DbType = Boolean), @p23='?' (DbType = DateTime2), @p24='?' (Size = 256)], CommandType='"Text"', CommandTimeout='30']
SET NOCOUNT ON;
INSERT INTO [AspNetUserRoles] ([RoleId], [UserId])
VALUES (@p0, @p1);
UPDATE [AspNetUsers] SET [AccessFailedCount] = @p2, [ConcurrencyStamp] = @p3, [CreatedAt] = @p4, [Email] = @p5, [EmailConfirmed] = @p6, [FirstName] = @p7, [IsActive] = @p8, [IsMfaEnabled] = @p9, [LastName] = @p10, [LockoutEnabled] = @p11, [LockoutEnd] = @p12, [NormalizedEmail] = @p13, [NormalizedUserName] = @p14, [PasswordHash] = @p15, [PhoneNumber] = @p16, [PhoneNumberConfirmed] = @p17, [ProfileImageUrl] = @p18, [RefreshToken] = @p19, [RefreshTokenExpiry] = @p20, [SecurityStamp] = @p21, [TwoFactorEnabled] = @p22, [UpdatedAt] = @p23, [UserName] = @p24
OUTPUT 1
WHERE [Id] = @p25 AND [ConcurrencyStamp] = @p26;
2026-03-30 14:47:50.747 +05:30 [INF] Executed DbCommand (40ms) [Parameters=[@userId='?' (Size = 450)], CommandType='"Text"', CommandTimeout='30']
SELECT [a0].[Name]
FROM [AspNetUserRoles] AS [a]
INNER JOIN [AspNetRoles] AS [a0] ON [a].[RoleId] = [a0].[Id]
WHERE [a].[UserId] = @userId
2026-03-30 14:47:51.022 +05:30 [INF] Executed DbCommand (21ms) [Parameters=[@normalizedUserName='?' (Size = 256)], CommandType='"Text"', CommandTimeout='30']
SELECT TOP(1) [a].[Id], [a].[AccessFailedCount], [a].[ConcurrencyStamp], [a].[CreatedAt], [a].[Email], [a].[EmailConfirmed], [a].[FirstName], [a].[IsActive], [a].[IsMfaEnabled], [a].[LastName], [a].[LockoutEnabled], [a].[LockoutEnd], [a].[NormalizedEmail], [a].[NormalizedUserName], [a].[PasswordHash], [a].[PhoneNumber], [a].[PhoneNumberConfirmed], [a].[ProfileImageUrl], [a].[RefreshToken], [a].[RefreshTokenExpiry], [a].[SecurityStamp], [a].[TwoFactorEnabled], [a].[UpdatedAt], [a].[UserName]
FROM [AspNetUsers] AS [a]
WHERE [a].[NormalizedUserName] = @normalizedUserName
2026-03-30 14:47:51.052 +05:30 [INF] Executed DbCommand (21ms) [Parameters=[@normalizedEmail='?' (Size = 256)], CommandType='"Text"', CommandTimeout='30']
SELECT TOP(2) [a].[Id], [a].[AccessFailedCount], [a].[ConcurrencyStamp], [a].[CreatedAt], [a].[Email], [a].[EmailConfirmed], [a].[FirstName], [a].[IsActive], [a].[IsMfaEnabled], [a].[LastName], [a].[LockoutEnabled], [a].[LockoutEnd], [a].[NormalizedEmail], [a].[NormalizedUserName], [a].[PasswordHash], [a].[PhoneNumber], [a].[PhoneNumberConfirmed], [a].[ProfileImageUrl], [a].[RefreshToken], [a].[RefreshTokenExpiry], [a].[SecurityStamp], [a].[TwoFactorEnabled], [a].[UpdatedAt], [a].[UserName]
FROM [AspNetUsers] AS [a]
WHERE [a].[NormalizedEmail] = @normalizedEmail
2026-03-30 14:47:51.092 +05:30 [INF] Executed DbCommand (29ms) [Parameters=[@p23='?' (Size = 450), @p0='?' (DbType = Int32), @p1='?' (Size = 4000), @p24='?' (Size = 4000), @p2='?' (DbType = DateTime2), @p3='?' (Size = 256), @p4='?' (DbType = Boolean), @p5='?' (Size = 50), @p6='?' (DbType = Boolean), @p7='?' (DbType = Boolean), @p8='?' (Size = 50), @p9='?' (DbType = Boolean), @p10='?' (DbType = DateTimeOffset), @p11='?' (Size = 256), @p12='?' (Size = 256), @p13='?' (Size = 4000), @p14='?' (Size = 4000), @p15='?' (DbType = Boolean), @p16='?' (Size = 4000), @p17='?' (Size = 4000), @p18='?' (DbType = DateTime2), @p19='?' (Size = 4000), @p20='?' (DbType = Boolean), @p21='?' (DbType = DateTime2), @p22='?' (Size = 256)], CommandType='"Text"', CommandTimeout='30']
SET IMPLICIT_TRANSACTIONS OFF;
SET NOCOUNT ON;
UPDATE [AspNetUsers] SET [AccessFailedCount] = @p0, [ConcurrencyStamp] = @p1, [CreatedAt] = @p2, [Email] = @p3, [EmailConfirmed] = @p4, [FirstName] = @p5, [IsActive] = @p6, [IsMfaEnabled] = @p7, [LastName] = @p8, [LockoutEnabled] = @p9, [LockoutEnd] = @p10, [NormalizedEmail] = @p11, [NormalizedUserName] = @p12, [PasswordHash] = @p13, [PhoneNumber] = @p14, [PhoneNumberConfirmed] = @p15, [ProfileImageUrl] = @p16, [RefreshToken] = @p17, [RefreshTokenExpiry] = @p18, [SecurityStamp] = @p19, [TwoFactorEnabled] = @p20, [UpdatedAt] = @p21, [UserName] = @p22
OUTPUT 1
WHERE [Id] = @p23 AND [ConcurrencyStamp] = @p24;
2026-03-30 14:47:51.132 +05:30 [INF] Executing OkObjectResult, writing value of type '<>f__AnonymousType0`2[[System.Boolean, System.Private.CoreLib, Version=10.0.0.0, Culture=neutral, PublicKeyToken=7cec85d7bea7798e],[UserService.Application.DTOs.TokenResponseDto, UserService.Application, Version=1.0.0.0, Culture=neutral, PublicKeyToken=null]]'.
2026-03-30 14:47:51.206 +05:30 [INF] Executed action UserService.API.Controllers.AuthController.Register (UserService.API) in 2625.0756ms
2026-03-30 14:47:51.210 +05:30 [INF] Executed endpoint 'UserService.API.Controllers.AuthController.Register (UserService.API)'
2026-03-30 14:47:51.216 +05:30 [INF] HTTP POST /api/v1/auth/register responded 200 in 2837.9688 ms
2026-03-30 14:47:51.231 +05:30 [INF] Request finished HTTP/1.1 POST http://localhost:5010/api/v1/auth/register - 200 null application/json; charset=utf-8 2904.8167ms
2026-03-30 14:48:55.488 +05:30 [INF] Request starting HTTP/1.1 POST http://localhost:5010/api/v1/auth/login - application/json 69
2026-03-30 14:48:55.503 +05:30 [INF] CORS policy execution successful.
2026-03-30 14:48:55.738 +05:30 [INF] Executing endpoint 'UserService.API.Controllers.AuthController.Login (UserService.API)'
2026-03-30 14:48:55.790 +05:30 [INF] Route matched with {action = "Login", controller = "Auth"}. Executing controller action with signature System.Threading.Tasks.Task`1[Microsoft.AspNetCore.Mvc.IActionResult] Login(UserService.Application.DTOs.LoginDto) on controller UserService.API.Controllers.AuthController (UserService.API).
2026-03-30 14:48:55.839 +05:30 [INF] Executed DbCommand (10ms) [Parameters=[@normalizedEmail='?' (Size = 256)], CommandType='"Text"', CommandTimeout='30']
SELECT TOP(2) [a].[Id], [a].[AccessFailedCount], [a].[ConcurrencyStamp], [a].[CreatedAt], [a].[Email], [a].[EmailConfirmed], [a].[FirstName], [a].[IsActive], [a].[IsMfaEnabled], [a].[LastName], [a].[LockoutEnabled], [a].[LockoutEnd], [a].[NormalizedEmail], [a].[NormalizedUserName], [a].[PasswordHash], [a].[PhoneNumber], [a].[PhoneNumberConfirmed], [a].[ProfileImageUrl], [a].[RefreshToken], [a].[RefreshTokenExpiry], [a].[SecurityStamp], [a].[TwoFactorEnabled], [a].[UpdatedAt], [a].[UserName]
FROM [AspNetUsers] AS [a]
WHERE [a].[NormalizedEmail] = @normalizedEmail
2026-03-30 14:48:56.054 +05:30 [INF] Executed DbCommand (8ms) [Parameters=[@userId='?' (Size = 450)], CommandType='"Text"', CommandTimeout='30']
SELECT [a0].[Name]
FROM [AspNetUserRoles] AS [a]
INNER JOIN [AspNetRoles] AS [a0] ON [a].[RoleId] = [a0].[Id]
WHERE [a].[UserId] = @userId
2026-03-30 14:48:56.070 +05:30 [INF] Executed DbCommand (6ms) [Parameters=[@normalizedUserName='?' (Size = 256)], CommandType='"Text"', CommandTimeout='30']
SELECT TOP(1) [a].[Id], [a].[AccessFailedCount], [a].[ConcurrencyStamp], [a].[CreatedAt], [a].[Email], [a].[EmailConfirmed], [a].[FirstName], [a].[IsActive], [a].[IsMfaEnabled], [a].[LastName], [a].[LockoutEnabled], [a].[LockoutEnd], [a].[NormalizedEmail], [a].[NormalizedUserName], [a].[PasswordHash], [a].[PhoneNumber], [a].[PhoneNumberConfirmed], [a].[ProfileImageUrl], [a].[RefreshToken], [a].[RefreshTokenExpiry], [a].[SecurityStamp], [a].[TwoFactorEnabled], [a].[UpdatedAt], [a].[UserName]
FROM [AspNetUsers] AS [a]
WHERE [a].[NormalizedUserName] = @normalizedUserName
2026-03-30 14:48:56.079 +05:30 [INF] Executed DbCommand (1ms) [Parameters=[@normalizedEmail='?' (Size = 256)], CommandType='"Text"', CommandTimeout='30']
SELECT TOP(2) [a].[Id], [a].[AccessFailedCount], [a].[ConcurrencyStamp], [a].[CreatedAt], [a].[Email], [a].[EmailConfirmed], [a].[FirstName], [a].[IsActive], [a].[IsMfaEnabled], [a].[LastName], [a].[LockoutEnabled], [a].[LockoutEnd], [a].[NormalizedEmail], [a].[NormalizedUserName], [a].[PasswordHash], [a].[PhoneNumber], [a].[PhoneNumberConfirmed], [a].[ProfileImageUrl], [a].[RefreshToken], [a].[RefreshTokenExpiry], [a].[SecurityStamp], [a].[TwoFactorEnabled], [a].[UpdatedAt], [a].[UserName]
FROM [AspNetUsers] AS [a]
WHERE [a].[NormalizedEmail] = @normalizedEmail
2026-03-30 14:48:56.107 +05:30 [INF] Executed DbCommand (19ms) [Parameters=[@p23='?' (Size = 450), @p0='?' (DbType = Int32), @p1='?' (Size = 4000), @p24='?' (Size = 4000), @p2='?' (DbType = DateTime2), @p3='?' (Size = 256), @p4='?' (DbType = Boolean), @p5='?' (Size = 50), @p6='?' (DbType = Boolean), @p7='?' (DbType = Boolean), @p8='?' (Size = 50), @p9='?' (DbType = Boolean), @p10='?' (DbType = DateTimeOffset), @p11='?' (Size = 256), @p12='?' (Size = 256), @p13='?' (Size = 4000), @p14='?' (Size = 4000), @p15='?' (DbType = Boolean), @p16='?' (Size = 4000), @p17='?' (Size = 4000), @p18='?' (DbType = DateTime2), @p19='?' (Size = 4000), @p20='?' (DbType = Boolean), @p21='?' (DbType = DateTime2), @p22='?' (Size = 256)], CommandType='"Text"', CommandTimeout='30']
SET IMPLICIT_TRANSACTIONS OFF;
SET NOCOUNT ON;
UPDATE [AspNetUsers] SET [AccessFailedCount] = @p0, [ConcurrencyStamp] = @p1, [CreatedAt] = @p2, [Email] = @p3, [EmailConfirmed] = @p4, [FirstName] = @p5, [IsActive] = @p6, [IsMfaEnabled] = @p7, [LastName] = @p8, [LockoutEnabled] = @p9, [LockoutEnd] = @p10, [NormalizedEmail] = @p11, [NormalizedUserName] = @p12, [PasswordHash] = @p13, [PhoneNumber] = @p14, [PhoneNumberConfirmed] = @p15, [ProfileImageUrl] = @p16, [RefreshToken] = @p17, [RefreshTokenExpiry] = @p18, [SecurityStamp] = @p19, [TwoFactorEnabled] = @p20, [UpdatedAt] = @p21, [UserName] = @p22
OUTPUT 1
WHERE [Id] = @p23 AND [ConcurrencyStamp] = @p24;
2026-03-30 14:48:56.128 +05:30 [INF] Executing OkObjectResult, writing value of type '<>f__AnonymousType0`2[[System.Boolean, System.Private.CoreLib, Version=10.0.0.0, Culture=neutral, PublicKeyToken=7cec85d7bea7798e],[UserService.Application.DTOs.TokenResponseDto, UserService.Application, Version=1.0.0.0, Culture=neutral, PublicKeyToken=null]]'.
2026-03-30 14:48:56.132 +05:30 [INF] Executed action UserService.API.Controllers.AuthController.Login (UserService.API) in 335.7541ms
2026-03-30 14:48:56.136 +05:30 [INF] Executed endpoint 'UserService.API.Controllers.AuthController.Login (UserService.API)'
2026-03-30 14:48:56.138 +05:30 [INF] HTTP POST /api/v1/auth/login responded 200 in 631.5949 ms
2026-03-30 14:48:56.142 +05:30 [INF] Request finished HTTP/1.1 POST http://localhost:5010/api/v1/auth/login - 200 null application/json; charset=utf-8 653.3063ms
2026-03-30 14:50:17.651 +05:30 [INF] Executed DbCommand (328ms) [Parameters=[@normalizedName='?' (Size = 256)], CommandType='"Text"', CommandTimeout='30']
SELECT TOP(1) [a].[Id], [a].[ConcurrencyStamp], [a].[Name], [a].[NormalizedName]
FROM [AspNetRoles] AS [a]
WHERE [a].[NormalizedName] = @normalizedName
2026-03-30 14:50:18.901 +05:30 [INF] Executed DbCommand (57ms) [Parameters=[@normalizedName='?' (Size = 256)], CommandType='"Text"', CommandTimeout='30']
SELECT TOP(1) [a].[Id], [a].[ConcurrencyStamp], [a].[Name], [a].[NormalizedName]
FROM [AspNetRoles] AS [a]
WHERE [a].[NormalizedName] = @normalizedName
2026-03-30 14:50:19.089 +05:30 [INF] Executed DbCommand (30ms) [Parameters=[@normalizedName='?' (Size = 256)], CommandType='"Text"', CommandTimeout='30']
SELECT TOP(1) [a].[Id], [a].[ConcurrencyStamp], [a].[Name], [a].[NormalizedName]
FROM [AspNetRoles] AS [a]
WHERE [a].[NormalizedName] = @normalizedName
2026-03-30 14:50:20.596 +05:30 [INF] Executed DbCommand (23ms) [Parameters=[], CommandType='"Text"', CommandTimeout='30']
SELECT 1
2026-03-30 14:50:21.099 +05:30 [INF] Acquiring an exclusive lock for migration application. See https://aka.ms/efcore-docs-migrations-lock for more information if this takes too long.
2026-03-30 14:50:21.337 +05:30 [INF] Executed DbCommand (69ms) [Parameters=[], CommandType='"Text"', CommandTimeout='30']
DECLARE @result int;
EXEC @result = sp_getapplock @Resource = '__EFMigrationsLock', @LockOwner = 'Session', @LockMode = 'Exclusive';
SELECT @result
2026-03-30 14:50:22.397 +05:30 [INF] Executed DbCommand (23ms) [Parameters=[], CommandType='"Text"', CommandTimeout='30']
IF OBJECT_ID(N'[__EFMigrationsHistory]') IS NULL
BEGIN
    CREATE TABLE [__EFMigrationsHistory] (
        [MigrationId] nvarchar(150) NOT NULL,
        [ProductVersion] nvarchar(32) NOT NULL,
        CONSTRAINT [PK___EFMigrationsHistory] PRIMARY KEY ([MigrationId])
    );
END;
2026-03-30 14:50:22.912 +05:30 [INF] Executed DbCommand (4ms) [Parameters=[], CommandType='"Text"', CommandTimeout='30']
SELECT 1
2026-03-30 14:50:22.998 +05:30 [INF] Executed DbCommand (12ms) [Parameters=[], CommandType='"Text"', CommandTimeout='30']
SELECT OBJECT_ID(N'[__EFMigrationsHistory]');
2026-03-30 14:50:23.164 +05:30 [INF] Executed DbCommand (30ms) [Parameters=[], CommandType='"Text"', CommandTimeout='30']
SELECT [MigrationId], [ProductVersion]
FROM [__EFMigrationsHistory]
ORDER BY [MigrationId];
2026-03-30 14:50:23.371 +05:30 [INF] No migrations were applied. The database is already up to date.
2026-03-30 14:50:23.508 +05:30 [INF] Executed DbCommand (27ms) [Parameters=[], CommandType='"Text"', CommandTimeout='30']
DECLARE @result int;
EXEC @result = sp_releaseapplock @Resource = '__EFMigrationsLock', @LockOwner = 'Session';
SELECT @result
2026-03-30 14:50:24.434 +05:30 [INF] User profile is available. Using 'C:\Users\Satvik\AppData\Local\ASP.NET\DataProtection-Keys' as key repository and Windows DPAPI to encrypt keys at rest.
2026-03-30 14:50:24.859 +05:30 [WRN] The WebRootPath was not found: C:\Users\Satvik\Downloads\MicroservicesAssesment\MicroservicesAssesment\Services\UserService\UserService.API\wwwroot. Static files may be unavailable.
2026-03-30 14:50:25.412 +05:30 [INF] Now listening on: https://localhost:5011
2026-03-30 14:50:25.474 +05:30 [INF] Now listening on: http://localhost:5010
2026-03-30 14:50:26.052 +05:30 [INF] Application started. Press Ctrl+C to shut down.
2026-03-30 14:50:26.187 +05:30 [INF] Hosting environment: Development
2026-03-30 14:50:26.269 +05:30 [INF] Content root path: C:\Users\Satvik\Downloads\MicroservicesAssesment\MicroservicesAssesment\Services\UserService\UserService.API
2026-03-30 14:50:26.396 +05:30 [INF] Request starting HTTP/2 GET https://localhost:5011/ - null null
2026-03-30 14:50:27.473 +05:30 [INF] HTTP GET / responded 404 in 250.2902 ms
2026-03-30 14:50:27.616 +05:30 [INF] Request finished HTTP/2 GET https://localhost:5011/ - 404 null null 1232.9061ms
2026-03-30 14:50:27.652 +05:30 [INF] Request reached the end of the middleware pipeline without being handled by application code. Request path: GET https://localhost:5011/, Response status code: 404
2026-03-30 15:05:59.131 +05:30 [INF] Request starting HTTP/1.1 POST http://localhost:5010/api/v1/auth/send-otp - application/json 100
2026-03-30 15:05:59.224 +05:30 [INF] CORS policy execution successful.
2026-03-30 15:05:59.516 +05:30 [INF] Executing endpoint 'UserService.API.Controllers.AuthController.SendOtp (UserService.API)'
2026-03-30 15:05:59.621 +05:30 [INF] Route matched with {action = "SendOtp", controller = "Auth"}. Executing controller action with signature System.Threading.Tasks.Task`1[Microsoft.AspNetCore.Mvc.IActionResult] SendOtp(UserService.Application.DTOs.SendOtpDto) on controller UserService.API.Controllers.AuthController (UserService.API).
2026-03-30 15:06:00.628 +05:30 [INF] Executed DbCommand (64ms) [Parameters=[@p='?' (Size = 450)], CommandType='"Text"', CommandTimeout='30']
SELECT TOP(1) [a].[Id], [a].[AccessFailedCount], [a].[ConcurrencyStamp], [a].[CreatedAt], [a].[Email], [a].[EmailConfirmed], [a].[FirstName], [a].[IsActive], [a].[IsMfaEnabled], [a].[LastName], [a].[LockoutEnabled], [a].[LockoutEnd], [a].[NormalizedEmail], [a].[NormalizedUserName], [a].[PasswordHash], [a].[PhoneNumber], [a].[PhoneNumberConfirmed], [a].[ProfileImageUrl], [a].[RefreshToken], [a].[RefreshTokenExpiry], [a].[SecurityStamp], [a].[TwoFactorEnabled], [a].[UpdatedAt], [a].[UserName]
FROM [AspNetUsers] AS [a]
WHERE [a].[Id] = @p
2026-03-30 15:06:00.840 +05:30 [INF] Executing OkObjectResult, writing value of type '<>f__AnonymousType2`3[[System.Boolean, System.Private.CoreLib, Version=10.0.0.0, Culture=neutral, PublicKeyToken=7cec85d7bea7798e],[System.String, System.Private.CoreLib, Version=10.0.0.0, Culture=neutral, PublicKeyToken=7cec85d7bea7798e],[System.String, System.Private.CoreLib, Version=10.0.0.0, Culture=neutral, PublicKeyToken=7cec85d7bea7798e]]'.
2026-03-30 15:06:00.885 +05:30 [INF] Executed action UserService.API.Controllers.AuthController.SendOtp (UserService.API) in 1246.7478ms
2026-03-30 15:06:00.892 +05:30 [INF] Executed endpoint 'UserService.API.Controllers.AuthController.SendOtp (UserService.API)'
2026-03-30 15:06:00.906 +05:30 [INF] HTTP POST /api/v1/auth/send-otp responded 200 in 1671.1020 ms
2026-03-30 15:06:00.929 +05:30 [INF] Request finished HTTP/1.1 POST http://localhost:5010/api/v1/auth/send-otp - 200 null application/json; charset=utf-8 1799.9532ms
2026-03-30 15:07:05.170 +05:30 [INF] Request starting HTTP/1.1 POST http://localhost:5010/api/v1/auth/verify-otp - application/json 103
2026-03-30 15:07:05.192 +05:30 [INF] CORS policy execution successful.
2026-03-30 15:07:05.237 +05:30 [INF] Executing endpoint 'UserService.API.Controllers.AuthController.VerifyOtp (UserService.API)'
2026-03-30 15:07:05.296 +05:30 [INF] Route matched with {action = "VerifyOtp", controller = "Auth"}. Executing controller action with signature System.Threading.Tasks.Task`1[Microsoft.AspNetCore.Mvc.IActionResult] VerifyOtp(UserService.Application.DTOs.VerifyOtpDto) on controller UserService.API.Controllers.AuthController (UserService.API).
2026-03-30 15:07:05.322 +05:30 [INF] Executing BadRequestObjectResult, writing value of type '<>f__AnonymousType1`2[[System.Boolean, System.Private.CoreLib, Version=10.0.0.0, Culture=neutral, PublicKeyToken=7cec85d7bea7798e],[System.String, System.Private.CoreLib, Version=10.0.0.0, Culture=neutral, PublicKeyToken=7cec85d7bea7798e]]'.
2026-03-30 15:07:05.330 +05:30 [INF] Executed action UserService.API.Controllers.AuthController.VerifyOtp (UserService.API) in 24.9139ms
2026-03-30 15:07:05.334 +05:30 [INF] Executed endpoint 'UserService.API.Controllers.AuthController.VerifyOtp (UserService.API)'
2026-03-30 15:07:05.339 +05:30 [INF] HTTP POST /api/v1/auth/verify-otp responded 400 in 140.9935 ms
2026-03-30 15:07:05.345 +05:30 [INF] Request finished HTTP/1.1 POST http://localhost:5010/api/v1/auth/verify-otp - 400 null application/json; charset=utf-8 175.3429ms
2026-03-30 15:08:03.950 +05:30 [INF] Request starting HTTP/1.1 POST http://localhost:5010/api/v1/auth/verify-otp - application/json 103
2026-03-30 15:08:03.963 +05:30 [INF] CORS policy execution successful.
2026-03-30 15:08:03.983 +05:30 [INF] Executing endpoint 'UserService.API.Controllers.AuthController.VerifyOtp (UserService.API)'
2026-03-30 15:08:03.999 +05:30 [INF] Route matched with {action = "VerifyOtp", controller = "Auth"}. Executing controller action with signature System.Threading.Tasks.Task`1[Microsoft.AspNetCore.Mvc.IActionResult] VerifyOtp(UserService.Application.DTOs.VerifyOtpDto) on controller UserService.API.Controllers.AuthController (UserService.API).
2026-03-30 15:08:04.070 +05:30 [INF] Executing BadRequestObjectResult, writing value of type '<>f__AnonymousType1`2[[System.Boolean, System.Private.CoreLib, Version=10.0.0.0, Culture=neutral, PublicKeyToken=7cec85d7bea7798e],[System.String, System.Private.CoreLib, Version=10.0.0.0, Culture=neutral, PublicKeyToken=7cec85d7bea7798e]]'.
2026-03-30 15:08:04.074 +05:30 [INF] Executed action UserService.API.Controllers.AuthController.VerifyOtp (UserService.API) in 65.1143ms
2026-03-30 15:08:04.077 +05:30 [INF] Executed endpoint 'UserService.API.Controllers.AuthController.VerifyOtp (UserService.API)'
2026-03-30 15:08:04.080 +05:30 [INF] HTTP POST /api/v1/auth/verify-otp responded 400 in 111.8177 ms
2026-03-30 15:08:04.087 +05:30 [INF] Request finished HTTP/1.1 POST http://localhost:5010/api/v1/auth/verify-otp - 400 null application/json; charset=utf-8 136.4074ms
2026-03-30 15:08:08.834 +05:30 [INF] Request starting HTTP/1.1 POST http://localhost:5010/api/v1/auth/verify-otp - application/json 103
2026-03-30 15:08:08.844 +05:30 [INF] CORS policy execution successful.
2026-03-30 15:08:08.847 +05:30 [INF] Executing endpoint 'UserService.API.Controllers.AuthController.VerifyOtp (UserService.API)'
2026-03-30 15:08:08.849 +05:30 [INF] Route matched with {action = "VerifyOtp", controller = "Auth"}. Executing controller action with signature System.Threading.Tasks.Task`1[Microsoft.AspNetCore.Mvc.IActionResult] VerifyOtp(UserService.Application.DTOs.VerifyOtpDto) on controller UserService.API.Controllers.AuthController (UserService.API).
2026-03-30 15:08:08.860 +05:30 [INF] Executing BadRequestObjectResult, writing value of type '<>f__AnonymousType1`2[[System.Boolean, System.Private.CoreLib, Version=10.0.0.0, Culture=neutral, PublicKeyToken=7cec85d7bea7798e],[System.String, System.Private.CoreLib, Version=10.0.0.0, Culture=neutral, PublicKeyToken=7cec85d7bea7798e]]'.
2026-03-30 15:08:08.864 +05:30 [INF] Executed action UserService.API.Controllers.AuthController.VerifyOtp (UserService.API) in 7.0742ms
2026-03-30 15:08:08.868 +05:30 [INF] Executed endpoint 'UserService.API.Controllers.AuthController.VerifyOtp (UserService.API)'
2026-03-30 15:08:08.873 +05:30 [INF] HTTP POST /api/v1/auth/verify-otp responded 400 in 26.8534 ms
2026-03-30 15:08:08.881 +05:30 [INF] Request finished HTTP/1.1 POST http://localhost:5010/api/v1/auth/verify-otp - 400 null application/json; charset=utf-8 46.5117ms
2026-03-30 15:08:28.887 +05:30 [INF] Request starting HTTP/1.1 POST http://localhost:5010/api/v1/auth/send-otp - application/json 101
2026-03-30 15:08:28.917 +05:30 [INF] CORS policy execution successful.
2026-03-30 15:08:28.920 +05:30 [INF] Executing endpoint 'UserService.API.Controllers.AuthController.SendOtp (UserService.API)'
2026-03-30 15:08:28.927 +05:30 [INF] Route matched with {action = "SendOtp", controller = "Auth"}. Executing controller action with signature System.Threading.Tasks.Task`1[Microsoft.AspNetCore.Mvc.IActionResult] SendOtp(UserService.Application.DTOs.SendOtpDto) on controller UserService.API.Controllers.AuthController (UserService.API).
2026-03-30 15:08:28.988 +05:30 [INF] Executed DbCommand (35ms) [Parameters=[@p='?' (Size = 450)], CommandType='"Text"', CommandTimeout='30']
SELECT TOP(1) [a].[Id], [a].[AccessFailedCount], [a].[ConcurrencyStamp], [a].[CreatedAt], [a].[Email], [a].[EmailConfirmed], [a].[FirstName], [a].[IsActive], [a].[IsMfaEnabled], [a].[LastName], [a].[LockoutEnabled], [a].[LockoutEnd], [a].[NormalizedEmail], [a].[NormalizedUserName], [a].[PasswordHash], [a].[PhoneNumber], [a].[PhoneNumberConfirmed], [a].[ProfileImageUrl], [a].[RefreshToken], [a].[RefreshTokenExpiry], [a].[SecurityStamp], [a].[TwoFactorEnabled], [a].[UpdatedAt], [a].[UserName]
FROM [AspNetUsers] AS [a]
WHERE [a].[Id] = @p
2026-03-30 15:08:28.999 +05:30 [INF] Executing OkObjectResult, writing value of type '<>f__AnonymousType2`3[[System.Boolean, System.Private.CoreLib, Version=10.0.0.0, Culture=neutral, PublicKeyToken=7cec85d7bea7798e],[System.String, System.Private.CoreLib, Version=10.0.0.0, Culture=neutral, PublicKeyToken=7cec85d7bea7798e],[System.String, System.Private.CoreLib, Version=10.0.0.0, Culture=neutral, PublicKeyToken=7cec85d7bea7798e]]'.
2026-03-30 15:08:29.005 +05:30 [INF] Executed action UserService.API.Controllers.AuthController.SendOtp (UserService.API) in 67.8828ms
2026-03-30 15:08:29.010 +05:30 [INF] Executed endpoint 'UserService.API.Controllers.AuthController.SendOtp (UserService.API)'
2026-03-30 15:08:29.014 +05:30 [INF] HTTP POST /api/v1/auth/send-otp responded 200 in 95.0287 ms
2026-03-30 15:08:29.022 +05:30 [INF] Request finished HTTP/1.1 POST http://localhost:5010/api/v1/auth/send-otp - 200 null application/json; charset=utf-8 134.2157ms
2026-03-30 15:08:43.128 +05:30 [INF] Request starting HTTP/1.1 POST http://localhost:5010/api/v1/auth/verify-otp - application/json 104
2026-03-30 15:08:43.161 +05:30 [INF] CORS policy execution successful.
2026-03-30 15:08:43.165 +05:30 [INF] Executing endpoint 'UserService.API.Controllers.AuthController.VerifyOtp (UserService.API)'
2026-03-30 15:08:43.168 +05:30 [INF] Route matched with {action = "VerifyOtp", controller = "Auth"}. Executing controller action with signature System.Threading.Tasks.Task`1[Microsoft.AspNetCore.Mvc.IActionResult] VerifyOtp(UserService.Application.DTOs.VerifyOtpDto) on controller UserService.API.Controllers.AuthController (UserService.API).
2026-03-30 15:08:43.175 +05:30 [INF] Executing BadRequestObjectResult, writing value of type '<>f__AnonymousType1`2[[System.Boolean, System.Private.CoreLib, Version=10.0.0.0, Culture=neutral, PublicKeyToken=7cec85d7bea7798e],[System.String, System.Private.CoreLib, Version=10.0.0.0, Culture=neutral, PublicKeyToken=7cec85d7bea7798e]]'.
2026-03-30 15:08:43.179 +05:30 [INF] Executed action UserService.API.Controllers.AuthController.VerifyOtp (UserService.API) in 6.4242ms
2026-03-30 15:08:43.183 +05:30 [INF] Executed endpoint 'UserService.API.Controllers.AuthController.VerifyOtp (UserService.API)'
2026-03-30 15:08:43.187 +05:30 [INF] HTTP POST /api/v1/auth/verify-otp responded 400 in 22.8133 ms
2026-03-30 15:08:43.193 +05:30 [INF] Request finished HTTP/1.1 POST http://localhost:5010/api/v1/auth/verify-otp - 400 null application/json; charset=utf-8 64.9804ms
2026-03-30 15:08:54.637 +05:30 [INF] Request starting HTTP/1.1 GET http://localhost:5010/api/v1/oauth/google - null null
2026-03-30 15:08:54.647 +05:30 [INF] Executing endpoint 'UserService.API.Controllers.OAuthController.GoogleLogin (UserService.API)'
2026-03-30 15:08:54.655 +05:30 [INF] Route matched with {action = "GoogleLogin", controller = "OAuth"}. Executing controller action with signature Microsoft.AspNetCore.Mvc.IActionResult GoogleLogin() on controller UserService.API.Controllers.OAuthController (UserService.API).
2026-03-30 15:08:54.722 +05:30 [INF] Executing ChallengeResult with authentication schemes (["Google"]).
2026-03-30 15:08:54.806 +05:30 [INF] AuthenticationScheme: Google was challenged.
2026-03-30 15:08:54.809 +05:30 [INF] Executed action UserService.API.Controllers.OAuthController.GoogleLogin (UserService.API) in 149.7342ms
2026-03-30 15:08:54.812 +05:30 [INF] Executed endpoint 'UserService.API.Controllers.OAuthController.GoogleLogin (UserService.API)'
2026-03-30 15:08:54.815 +05:30 [INF] HTTP GET /api/v1/oauth/google responded 302 in 170.9866 ms
2026-03-30 15:08:54.820 +05:30 [INF] Request finished HTTP/1.1 GET http://localhost:5010/api/v1/oauth/google - 302 0 null 183.2319ms
2026-03-30 15:09:07.088 +05:30 [INF] Request starting HTTP/1.1 GET http://localhost:5010/api/v1/oauth/google/callback - null null
2026-03-30 15:09:07.100 +05:30 [INF] Executing endpoint 'UserService.API.Controllers.OAuthController.GoogleCallback (UserService.API)'
2026-03-30 15:09:07.123 +05:30 [INF] Route matched with {action = "GoogleCallback", controller = "OAuth"}. Executing controller action with signature System.Threading.Tasks.Task`1[Microsoft.AspNetCore.Mvc.IActionResult] GoogleCallback() on controller UserService.API.Controllers.OAuthController (UserService.API).
2026-03-30 15:09:07.156 +05:30 [INF] Executing BadRequestObjectResult, writing value of type '<>f__AnonymousType1`2[[System.Boolean, System.Private.CoreLib, Version=10.0.0.0, Culture=neutral, PublicKeyToken=7cec85d7bea7798e],[System.String, System.Private.CoreLib, Version=10.0.0.0, Culture=neutral, PublicKeyToken=7cec85d7bea7798e]]'.
2026-03-30 15:09:07.160 +05:30 [INF] Executed action UserService.API.Controllers.OAuthController.GoogleCallback (UserService.API) in 29.4745ms
2026-03-30 15:09:07.163 +05:30 [INF] Executed endpoint 'UserService.API.Controllers.OAuthController.GoogleCallback (UserService.API)'
2026-03-30 15:09:07.167 +05:30 [INF] HTTP GET /api/v1/oauth/google/callback responded 400 in 68.1152 ms
2026-03-30 15:09:07.172 +05:30 [INF] Request finished HTTP/1.1 GET http://localhost:5010/api/v1/oauth/google/callback - 400 null application/json; charset=utf-8 84.0013ms
2026-03-30 15:09:08.843 +05:30 [INF] Request starting HTTP/1.1 GET http://localhost:5010/api/v1/oauth/google/callback - null null
2026-03-30 15:09:08.877 +05:30 [INF] Executing endpoint 'UserService.API.Controllers.OAuthController.GoogleCallback (UserService.API)'
2026-03-30 15:09:08.884 +05:30 [INF] Route matched with {action = "GoogleCallback", controller = "OAuth"}. Executing controller action with signature System.Threading.Tasks.Task`1[Microsoft.AspNetCore.Mvc.IActionResult] GoogleCallback() on controller UserService.API.Controllers.OAuthController (UserService.API).
2026-03-30 15:09:08.895 +05:30 [INF] Executing BadRequestObjectResult, writing value of type '<>f__AnonymousType1`2[[System.Boolean, System.Private.CoreLib, Version=10.0.0.0, Culture=neutral, PublicKeyToken=7cec85d7bea7798e],[System.String, System.Private.CoreLib, Version=10.0.0.0, Culture=neutral, PublicKeyToken=7cec85d7bea7798e]]'.
2026-03-30 15:09:08.901 +05:30 [INF] Executed action UserService.API.Controllers.OAuthController.GoogleCallback (UserService.API) in 8.0375ms
2026-03-30 15:09:08.905 +05:30 [INF] Executed endpoint 'UserService.API.Controllers.OAuthController.GoogleCallback (UserService.API)'
2026-03-30 15:09:08.907 +05:30 [INF] HTTP GET /api/v1/oauth/google/callback responded 400 in 31.1041 ms
2026-03-30 15:09:08.911 +05:30 [INF] Request finished HTTP/1.1 GET http://localhost:5010/api/v1/oauth/google/callback - 400 null application/json; charset=utf-8 68.2187ms
2026-03-30 15:09:23.385 +05:30 [INF] Request starting HTTP/1.1 GET http://localhost:5010/api/v1/users/profile - null null
2026-03-30 15:09:23.392 +05:30 [INF] Executing endpoint 'UserService.API.Controllers.UserController.GetProfile (UserService.API)'
2026-03-30 15:09:23.418 +05:30 [INF] Route matched with {action = "GetProfile", controller = "User"}. Executing controller action with signature System.Threading.Tasks.Task`1[Microsoft.AspNetCore.Mvc.IActionResult] GetProfile() on controller UserService.API.Controllers.UserController (UserService.API).
2026-03-30 15:09:23.475 +05:30 [INF] Executed DbCommand (21ms) [Parameters=[@p='?' (Size = 450)], CommandType='"Text"', CommandTimeout='30']
SELECT TOP(1) [a].[Id], [a].[AccessFailedCount], [a].[ConcurrencyStamp], [a].[CreatedAt], [a].[Email], [a].[EmailConfirmed], [a].[FirstName], [a].[IsActive], [a].[IsMfaEnabled], [a].[LastName], [a].[LockoutEnabled], [a].[LockoutEnd], [a].[NormalizedEmail], [a].[NormalizedUserName], [a].[PasswordHash], [a].[PhoneNumber], [a].[PhoneNumberConfirmed], [a].[ProfileImageUrl], [a].[RefreshToken], [a].[RefreshTokenExpiry], [a].[SecurityStamp], [a].[TwoFactorEnabled], [a].[UpdatedAt], [a].[UserName]
FROM [AspNetUsers] AS [a]
WHERE [a].[Id] = @p
2026-03-30 15:09:23.655 +05:30 [INF] Executed DbCommand (24ms) [Parameters=[@userId='?' (Size = 450)], CommandType='"Text"', CommandTimeout='30']
SELECT [a0].[Name]
FROM [AspNetUserRoles] AS [a]
INNER JOIN [AspNetRoles] AS [a0] ON [a].[RoleId] = [a0].[Id]
WHERE [a].[UserId] = @userId
2026-03-30 15:09:23.672 +05:30 [INF] Executing OkObjectResult, writing value of type '<>f__AnonymousType0`2[[System.Boolean, System.Private.CoreLib, Version=10.0.0.0, Culture=neutral, PublicKeyToken=7cec85d7bea7798e],[UserService.Application.DTOs.UserProfileDto, UserService.Application, Version=1.0.0.0, Culture=neutral, PublicKeyToken=null]]'.
2026-03-30 15:09:23.699 +05:30 [INF] Executed action UserService.API.Controllers.UserController.GetProfile (UserService.API) in 255.9386ms
2026-03-30 15:09:23.703 +05:30 [INF] Executed endpoint 'UserService.API.Controllers.UserController.GetProfile (UserService.API)'
2026-03-30 15:09:23.705 +05:30 [INF] HTTP GET /api/v1/users/profile responded 200 in 313.4621 ms
2026-03-30 15:09:23.709 +05:30 [INF] Request finished HTTP/1.1 GET http://localhost:5010/api/v1/users/profile - 200 null application/json; charset=utf-8 323.8772ms
2026-03-30 15:15:47.657 +05:30 [INF] Request starting HTTP/1.1 GET http://localhost:5010/api/v1/oauth/google - null null
2026-03-30 15:15:47.670 +05:30 [INF] Executing endpoint 'UserService.API.Controllers.OAuthController.GoogleLogin (UserService.API)'
2026-03-30 15:15:47.676 +05:30 [INF] Route matched with {action = "GoogleLogin", controller = "OAuth"}. Executing controller action with signature Microsoft.AspNetCore.Mvc.IActionResult GoogleLogin() on controller UserService.API.Controllers.OAuthController (UserService.API).
2026-03-30 15:15:47.683 +05:30 [INF] Executing ChallengeResult with authentication schemes (["Google"]).
2026-03-30 15:15:47.689 +05:30 [INF] AuthenticationScheme: Google was challenged.
2026-03-30 15:15:47.693 +05:30 [INF] Executed action UserService.API.Controllers.OAuthController.GoogleLogin (UserService.API) in 12.0452ms
2026-03-30 15:15:47.698 +05:30 [INF] Executed endpoint 'UserService.API.Controllers.OAuthController.GoogleLogin (UserService.API)'
2026-03-30 15:15:47.706 +05:30 [INF] HTTP GET /api/v1/oauth/google responded 302 in 37.4558 ms
2026-03-30 15:15:47.712 +05:30 [INF] Request finished HTTP/1.1 GET http://localhost:5010/api/v1/oauth/google - 302 0 null 55.6806ms
2026-03-30 15:23:00.377 +05:30 [INF] Request starting HTTP/1.1 POST http://localhost:5010/api/v1/auth/send-otp - application/json 102
2026-03-30 15:23:00.390 +05:30 [INF] CORS policy execution successful.
2026-03-30 15:23:00.397 +05:30 [INF] Executing endpoint 'UserService.API.Controllers.AuthController.SendOtp (UserService.API)'
2026-03-30 15:23:00.404 +05:30 [INF] Route matched with {action = "SendOtp", controller = "Auth"}. Executing controller action with signature System.Threading.Tasks.Task`1[Microsoft.AspNetCore.Mvc.IActionResult] SendOtp(UserService.Application.DTOs.SendOtpDto) on controller UserService.API.Controllers.AuthController (UserService.API).
2026-03-30 15:23:00.760 +05:30 [INF] Executed DbCommand (37ms) [Parameters=[@p='?' (Size = 450)], CommandType='"Text"', CommandTimeout='30']
SELECT TOP(1) [a].[Id], [a].[AccessFailedCount], [a].[ConcurrencyStamp], [a].[CreatedAt], [a].[Email], [a].[EmailConfirmed], [a].[FirstName], [a].[IsActive], [a].[IsMfaEnabled], [a].[LastName], [a].[LockoutEnabled], [a].[LockoutEnd], [a].[NormalizedEmail], [a].[NormalizedUserName], [a].[PasswordHash], [a].[PhoneNumber], [a].[PhoneNumberConfirmed], [a].[ProfileImageUrl], [a].[RefreshToken], [a].[RefreshTokenExpiry], [a].[SecurityStamp], [a].[TwoFactorEnabled], [a].[UpdatedAt], [a].[UserName]
FROM [AspNetUsers] AS [a]
WHERE [a].[Id] = @p
2026-03-30 15:23:05.320 +05:30 [INF] Executing BadRequestObjectResult, writing value of type '<>f__AnonymousType1`2[[System.Boolean, System.Private.CoreLib, Version=10.0.0.0, Culture=neutral, PublicKeyToken=7cec85d7bea7798e],[System.String, System.Private.CoreLib, Version=10.0.0.0, Culture=neutral, PublicKeyToken=7cec85d7bea7798e]]'.
2026-03-30 15:23:05.326 +05:30 [INF] Executed action UserService.API.Controllers.AuthController.SendOtp (UserService.API) in 4916.6101ms
2026-03-30 15:23:05.330 +05:30 [INF] Executed endpoint 'UserService.API.Controllers.AuthController.SendOtp (UserService.API)'
2026-03-30 15:23:05.333 +05:30 [INF] HTTP POST /api/v1/auth/send-otp responded 400 in 4937.2930 ms
2026-03-30 15:23:05.338 +05:30 [INF] Request finished HTTP/1.1 POST http://localhost:5010/api/v1/auth/send-otp - 400 null application/json; charset=utf-8 4960.8998ms
2026-03-30 15:26:34.406 +05:30 [INF] Request starting HTTP/1.1 POST http://localhost:5010/api/v1/auth/register - application/json 210
2026-03-30 15:26:34.416 +05:30 [INF] CORS policy execution successful.
2026-03-30 15:26:34.438 +05:30 [INF] Executing endpoint 'UserService.API.Controllers.AuthController.Register (UserService.API)'
2026-03-30 15:26:34.486 +05:30 [INF] Route matched with {action = "Register", controller = "Auth"}. Executing controller action with signature System.Threading.Tasks.Task`1[Microsoft.AspNetCore.Mvc.IActionResult] Register(UserService.Application.DTOs.RegisterDto) on controller UserService.API.Controllers.AuthController (UserService.API).
2026-03-30 15:26:34.751 +05:30 [INF] Executed DbCommand (37ms) [Parameters=[@normalizedEmail='?' (Size = 256)], CommandType='"Text"', CommandTimeout='30']
SELECT TOP(2) [a].[Id], [a].[AccessFailedCount], [a].[ConcurrencyStamp], [a].[CreatedAt], [a].[Email], [a].[EmailConfirmed], [a].[FirstName], [a].[IsActive], [a].[IsMfaEnabled], [a].[LastName], [a].[LockoutEnabled], [a].[LockoutEnd], [a].[NormalizedEmail], [a].[NormalizedUserName], [a].[PasswordHash], [a].[PhoneNumber], [a].[PhoneNumberConfirmed], [a].[ProfileImageUrl], [a].[RefreshToken], [a].[RefreshTokenExpiry], [a].[SecurityStamp], [a].[TwoFactorEnabled], [a].[UpdatedAt], [a].[UserName]
FROM [AspNetUsers] AS [a]
WHERE [a].[NormalizedEmail] = @normalizedEmail
2026-03-30 15:26:35.031 +05:30 [INF] Executed DbCommand (10ms) [Parameters=[@normalizedUserName='?' (Size = 256)], CommandType='"Text"', CommandTimeout='30']
SELECT TOP(1) [a].[Id], [a].[AccessFailedCount], [a].[ConcurrencyStamp], [a].[CreatedAt], [a].[Email], [a].[EmailConfirmed], [a].[FirstName], [a].[IsActive], [a].[IsMfaEnabled], [a].[LastName], [a].[LockoutEnabled], [a].[LockoutEnd], [a].[NormalizedEmail], [a].[NormalizedUserName], [a].[PasswordHash], [a].[PhoneNumber], [a].[PhoneNumberConfirmed], [a].[ProfileImageUrl], [a].[RefreshToken], [a].[RefreshTokenExpiry], [a].[SecurityStamp], [a].[TwoFactorEnabled], [a].[UpdatedAt], [a].[UserName]
FROM [AspNetUsers] AS [a]
WHERE [a].[NormalizedUserName] = @normalizedUserName
2026-03-30 15:26:35.069 +05:30 [INF] Executed DbCommand (3ms) [Parameters=[@normalizedEmail='?' (Size = 256)], CommandType='"Text"', CommandTimeout='30']
SELECT TOP(2) [a].[Id], [a].[AccessFailedCount], [a].[ConcurrencyStamp], [a].[CreatedAt], [a].[Email], [a].[EmailConfirmed], [a].[FirstName], [a].[IsActive], [a].[IsMfaEnabled], [a].[LastName], [a].[LockoutEnabled], [a].[LockoutEnd], [a].[NormalizedEmail], [a].[NormalizedUserName], [a].[PasswordHash], [a].[PhoneNumber], [a].[PhoneNumberConfirmed], [a].[ProfileImageUrl], [a].[RefreshToken], [a].[RefreshTokenExpiry], [a].[SecurityStamp], [a].[TwoFactorEnabled], [a].[UpdatedAt], [a].[UserName]
FROM [AspNetUsers] AS [a]
WHERE [a].[NormalizedEmail] = @normalizedEmail
2026-03-30 15:26:35.636 +05:30 [INF] Executed DbCommand (61ms) [Parameters=[@p0='?' (Size = 450), @p1='?' (DbType = Int32), @p2='?' (Size = 4000), @p3='?' (DbType = DateTime2), @p4='?' (Size = 256), @p5='?' (DbType = Boolean), @p6='?' (Size = 50), @p7='?' (DbType = Boolean), @p8='?' (DbType = Boolean), @p9='?' (Size = 50), @p10='?' (DbType = Boolean), @p11='?' (DbType = DateTimeOffset), @p12='?' (Size = 256), @p13='?' (Size = 256), @p14='?' (Size = 4000), @p15='?' (Size = 4000), @p16='?' (DbType = Boolean), @p17='?' (Size = 4000), @p18='?' (Size = 4000), @p19='?' (DbType = DateTime2), @p20='?' (Size = 4000), @p21='?' (DbType = Boolean), @p22='?' (DbType = DateTime2), @p23='?' (Size = 256)], CommandType='"Text"', CommandTimeout='30']
SET IMPLICIT_TRANSACTIONS OFF;
SET NOCOUNT ON;
INSERT INTO [AspNetUsers] ([Id], [AccessFailedCount], [ConcurrencyStamp], [CreatedAt], [Email], [EmailConfirmed], [FirstName], [IsActive], [IsMfaEnabled], [LastName], [LockoutEnabled], [LockoutEnd], [NormalizedEmail], [NormalizedUserName], [PasswordHash], [PhoneNumber], [PhoneNumberConfirmed], [ProfileImageUrl], [RefreshToken], [RefreshTokenExpiry], [SecurityStamp], [TwoFactorEnabled], [UpdatedAt], [UserName])
VALUES (@p0, @p1, @p2, @p3, @p4, @p5, @p6, @p7, @p8, @p9, @p10, @p11, @p12, @p13, @p14, @p15, @p16, @p17, @p18, @p19, @p20, @p21, @p22, @p23);
2026-03-30 15:26:35.739 +05:30 [INF] Executed DbCommand (17ms) [Parameters=[@normalizedRoleName='?' (Size = 256)], CommandType='"Text"', CommandTimeout='30']
SELECT TOP(2) [a].[Id], [a].[ConcurrencyStamp], [a].[Name], [a].[NormalizedName]
FROM [AspNetRoles] AS [a]
WHERE [a].[NormalizedName] = @normalizedRoleName
2026-03-30 15:26:35.787 +05:30 [INF] Executed DbCommand (9ms) [Parameters=[@p='?' (Size = 450), @p1='?' (Size = 450)], CommandType='"Text"', CommandTimeout='30']
SELECT TOP(1) [a].[UserId], [a].[RoleId]
FROM [AspNetUserRoles] AS [a]
WHERE [a].[UserId] = @p AND [a].[RoleId] = @p1
2026-03-30 15:26:35.816 +05:30 [INF] Executed DbCommand (11ms) [Parameters=[@normalizedRoleName='?' (Size = 256)], CommandType='"Text"', CommandTimeout='30']
SELECT TOP(2) [a].[Id], [a].[ConcurrencyStamp], [a].[Name], [a].[NormalizedName]
FROM [AspNetRoles] AS [a]
WHERE [a].[NormalizedName] = @normalizedRoleName
2026-03-30 15:26:35.898 +05:30 [INF] Executed DbCommand (11ms) [Parameters=[@normalizedUserName='?' (Size = 256)], CommandType='"Text"', CommandTimeout='30']
SELECT TOP(1) [a].[Id], [a].[AccessFailedCount], [a].[ConcurrencyStamp], [a].[CreatedAt], [a].[Email], [a].[EmailConfirmed], [a].[FirstName], [a].[IsActive], [a].[IsMfaEnabled], [a].[LastName], [a].[LockoutEnabled], [a].[LockoutEnd], [a].[NormalizedEmail], [a].[NormalizedUserName], [a].[PasswordHash], [a].[PhoneNumber], [a].[PhoneNumberConfirmed], [a].[ProfileImageUrl], [a].[RefreshToken], [a].[RefreshTokenExpiry], [a].[SecurityStamp], [a].[TwoFactorEnabled], [a].[UpdatedAt], [a].[UserName]
FROM [AspNetUsers] AS [a]
WHERE [a].[NormalizedUserName] = @normalizedUserName
2026-03-30 15:26:35.916 +05:30 [INF] Executed DbCommand (6ms) [Parameters=[@normalizedEmail='?' (Size = 256)], CommandType='"Text"', CommandTimeout='30']
SELECT TOP(2) [a].[Id], [a].[AccessFailedCount], [a].[ConcurrencyStamp], [a].[CreatedAt], [a].[Email], [a].[EmailConfirmed], [a].[FirstName], [a].[IsActive], [a].[IsMfaEnabled], [a].[LastName], [a].[LockoutEnabled], [a].[LockoutEnd], [a].[NormalizedEmail], [a].[NormalizedUserName], [a].[PasswordHash], [a].[PhoneNumber], [a].[PhoneNumberConfirmed], [a].[ProfileImageUrl], [a].[RefreshToken], [a].[RefreshTokenExpiry], [a].[SecurityStamp], [a].[TwoFactorEnabled], [a].[UpdatedAt], [a].[UserName]
FROM [AspNetUsers] AS [a]
WHERE [a].[NormalizedEmail] = @normalizedEmail
2026-03-30 15:26:36.072 +05:30 [INF] Executed DbCommand (58ms) [Parameters=[@p0='?' (Size = 450), @p1='?' (Size = 450), @p25='?' (Size = 450), @p2='?' (DbType = Int32), @p3='?' (Size = 4000), @p26='?' (Size = 4000), @p4='?' (DbType = DateTime2), @p5='?' (Size = 256), @p6='?' (DbType = Boolean), @p7='?' (Size = 50), @p8='?' (DbType = Boolean), @p9='?' (DbType = Boolean), @p10='?' (Size = 50), @p11='?' (DbType = Boolean), @p12='?' (DbType = DateTimeOffset), @p13='?' (Size = 256), @p14='?' (Size = 256), @p15='?' (Size = 4000), @p16='?' (Size = 4000), @p17='?' (DbType = Boolean), @p18='?' (Size = 4000), @p19='?' (Size = 4000), @p20='?' (DbType = DateTime2), @p21='?' (Size = 4000), @p22='?' (DbType = Boolean), @p23='?' (DbType = DateTime2), @p24='?' (Size = 256)], CommandType='"Text"', CommandTimeout='30']
SET NOCOUNT ON;
INSERT INTO [AspNetUserRoles] ([RoleId], [UserId])
VALUES (@p0, @p1);
UPDATE [AspNetUsers] SET [AccessFailedCount] = @p2, [ConcurrencyStamp] = @p3, [CreatedAt] = @p4, [Email] = @p5, [EmailConfirmed] = @p6, [FirstName] = @p7, [IsActive] = @p8, [IsMfaEnabled] = @p9, [LastName] = @p10, [LockoutEnabled] = @p11, [LockoutEnd] = @p12, [NormalizedEmail] = @p13, [NormalizedUserName] = @p14, [PasswordHash] = @p15, [PhoneNumber] = @p16, [PhoneNumberConfirmed] = @p17, [ProfileImageUrl] = @p18, [RefreshToken] = @p19, [RefreshTokenExpiry] = @p20, [SecurityStamp] = @p21, [TwoFactorEnabled] = @p22, [UpdatedAt] = @p23, [UserName] = @p24
OUTPUT 1
WHERE [Id] = @p25 AND [ConcurrencyStamp] = @p26;
2026-03-30 15:26:36.126 +05:30 [INF] Executed DbCommand (15ms) [Parameters=[@userId='?' (Size = 450)], CommandType='"Text"', CommandTimeout='30']
SELECT [a0].[Name]
FROM [AspNetUserRoles] AS [a]
INNER JOIN [AspNetRoles] AS [a0] ON [a].[RoleId] = [a0].[Id]
WHERE [a].[UserId] = @userId
2026-03-30 15:26:36.190 +05:30 [INF] Executed DbCommand (9ms) [Parameters=[@normalizedUserName='?' (Size = 256)], CommandType='"Text"', CommandTimeout='30']
SELECT TOP(1) [a].[Id], [a].[AccessFailedCount], [a].[ConcurrencyStamp], [a].[CreatedAt], [a].[Email], [a].[EmailConfirmed], [a].[FirstName], [a].[IsActive], [a].[IsMfaEnabled], [a].[LastName], [a].[LockoutEnabled], [a].[LockoutEnd], [a].[NormalizedEmail], [a].[NormalizedUserName], [a].[PasswordHash], [a].[PhoneNumber], [a].[PhoneNumberConfirmed], [a].[ProfileImageUrl], [a].[RefreshToken], [a].[RefreshTokenExpiry], [a].[SecurityStamp], [a].[TwoFactorEnabled], [a].[UpdatedAt], [a].[UserName]
FROM [AspNetUsers] AS [a]
WHERE [a].[NormalizedUserName] = @normalizedUserName
2026-03-30 15:26:36.202 +05:30 [INF] Executed DbCommand (6ms) [Parameters=[@normalizedEmail='?' (Size = 256)], CommandType='"Text"', CommandTimeout='30']
SELECT TOP(2) [a].[Id], [a].[AccessFailedCount], [a].[ConcurrencyStamp], [a].[CreatedAt], [a].[Email], [a].[EmailConfirmed], [a].[FirstName], [a].[IsActive], [a].[IsMfaEnabled], [a].[LastName], [a].[LockoutEnabled], [a].[LockoutEnd], [a].[NormalizedEmail], [a].[NormalizedUserName], [a].[PasswordHash], [a].[PhoneNumber], [a].[PhoneNumberConfirmed], [a].[ProfileImageUrl], [a].[RefreshToken], [a].[RefreshTokenExpiry], [a].[SecurityStamp], [a].[TwoFactorEnabled], [a].[UpdatedAt], [a].[UserName]
FROM [AspNetUsers] AS [a]
WHERE [a].[NormalizedEmail] = @normalizedEmail
2026-03-30 15:26:36.235 +05:30 [INF] Executed DbCommand (22ms) [Parameters=[@p23='?' (Size = 450), @p0='?' (DbType = Int32), @p1='?' (Size = 4000), @p24='?' (Size = 4000), @p2='?' (DbType = DateTime2), @p3='?' (Size = 256), @p4='?' (DbType = Boolean), @p5='?' (Size = 50), @p6='?' (DbType = Boolean), @p7='?' (DbType = Boolean), @p8='?' (Size = 50), @p9='?' (DbType = Boolean), @p10='?' (DbType = DateTimeOffset), @p11='?' (Size = 256), @p12='?' (Size = 256), @p13='?' (Size = 4000), @p14='?' (Size = 4000), @p15='?' (DbType = Boolean), @p16='?' (Size = 4000), @p17='?' (Size = 4000), @p18='?' (DbType = DateTime2), @p19='?' (Size = 4000), @p20='?' (DbType = Boolean), @p21='?' (DbType = DateTime2), @p22='?' (Size = 256)], CommandType='"Text"', CommandTimeout='30']
SET IMPLICIT_TRANSACTIONS OFF;
SET NOCOUNT ON;
UPDATE [AspNetUsers] SET [AccessFailedCount] = @p0, [ConcurrencyStamp] = @p1, [CreatedAt] = @p2, [Email] = @p3, [EmailConfirmed] = @p4, [FirstName] = @p5, [IsActive] = @p6, [IsMfaEnabled] = @p7, [LastName] = @p8, [LockoutEnabled] = @p9, [LockoutEnd] = @p10, [NormalizedEmail] = @p11, [NormalizedUserName] = @p12, [PasswordHash] = @p13, [PhoneNumber] = @p14, [PhoneNumberConfirmed] = @p15, [ProfileImageUrl] = @p16, [RefreshToken] = @p17, [RefreshTokenExpiry] = @p18, [SecurityStamp] = @p19, [TwoFactorEnabled] = @p20, [UpdatedAt] = @p21, [UserName] = @p22
OUTPUT 1
WHERE [Id] = @p23 AND [ConcurrencyStamp] = @p24;
2026-03-30 15:26:36.260 +05:30 [INF] Executing OkObjectResult, writing value of type '<>f__AnonymousType0`2[[System.Boolean, System.Private.CoreLib, Version=10.0.0.0, Culture=neutral, PublicKeyToken=7cec85d7bea7798e],[UserService.Application.DTOs.TokenResponseDto, UserService.Application, Version=1.0.0.0, Culture=neutral, PublicKeyToken=null]]'.
2026-03-30 15:26:36.294 +05:30 [INF] Executed action UserService.API.Controllers.AuthController.Register (UserService.API) in 1795.5084ms
2026-03-30 15:26:36.306 +05:30 [INF] Executed endpoint 'UserService.API.Controllers.AuthController.Register (UserService.API)'
2026-03-30 15:26:36.311 +05:30 [INF] HTTP POST /api/v1/auth/register responded 200 in 1890.4615 ms
2026-03-30 15:26:36.316 +05:30 [INF] Request finished HTTP/1.1 POST http://localhost:5010/api/v1/auth/register - 200 null application/json; charset=utf-8 1909.7123ms
2026-03-30 15:27:31.500 +05:30 [INF] Request starting HTTP/1.1 POST http://localhost:5010/api/v1/auth/login - application/json 72
2026-03-30 15:27:31.553 +05:30 [INF] CORS policy execution successful.
2026-03-30 15:27:31.559 +05:30 [INF] Executing endpoint 'UserService.API.Controllers.AuthController.Login (UserService.API)'
2026-03-30 15:27:31.586 +05:30 [INF] Route matched with {action = "Login", controller = "Auth"}. Executing controller action with signature System.Threading.Tasks.Task`1[Microsoft.AspNetCore.Mvc.IActionResult] Login(UserService.Application.DTOs.LoginDto) on controller UserService.API.Controllers.AuthController (UserService.API).
2026-03-30 15:27:31.630 +05:30 [INF] Executed DbCommand (18ms) [Parameters=[@normalizedEmail='?' (Size = 256)], CommandType='"Text"', CommandTimeout='30']
SELECT TOP(2) [a].[Id], [a].[AccessFailedCount], [a].[ConcurrencyStamp], [a].[CreatedAt], [a].[Email], [a].[EmailConfirmed], [a].[FirstName], [a].[IsActive], [a].[IsMfaEnabled], [a].[LastName], [a].[LockoutEnabled], [a].[LockoutEnd], [a].[NormalizedEmail], [a].[NormalizedUserName], [a].[PasswordHash], [a].[PhoneNumber], [a].[PhoneNumberConfirmed], [a].[ProfileImageUrl], [a].[RefreshToken], [a].[RefreshTokenExpiry], [a].[SecurityStamp], [a].[TwoFactorEnabled], [a].[UpdatedAt], [a].[UserName]
FROM [AspNetUsers] AS [a]
WHERE [a].[NormalizedEmail] = @normalizedEmail
2026-03-30 15:27:31.857 +05:30 [INF] Executed DbCommand (9ms) [Parameters=[@userId='?' (Size = 450)], CommandType='"Text"', CommandTimeout='30']
SELECT [a0].[Name]
FROM [AspNetUserRoles] AS [a]
INNER JOIN [AspNetRoles] AS [a0] ON [a].[RoleId] = [a0].[Id]
WHERE [a].[UserId] = @userId
2026-03-30 15:27:31.871 +05:30 [INF] Executed DbCommand (6ms) [Parameters=[@normalizedUserName='?' (Size = 256)], CommandType='"Text"', CommandTimeout='30']
SELECT TOP(1) [a].[Id], [a].[AccessFailedCount], [a].[ConcurrencyStamp], [a].[CreatedAt], [a].[Email], [a].[EmailConfirmed], [a].[FirstName], [a].[IsActive], [a].[IsMfaEnabled], [a].[LastName], [a].[LockoutEnabled], [a].[LockoutEnd], [a].[NormalizedEmail], [a].[NormalizedUserName], [a].[PasswordHash], [a].[PhoneNumber], [a].[PhoneNumberConfirmed], [a].[ProfileImageUrl], [a].[RefreshToken], [a].[RefreshTokenExpiry], [a].[SecurityStamp], [a].[TwoFactorEnabled], [a].[UpdatedAt], [a].[UserName]
FROM [AspNetUsers] AS [a]
WHERE [a].[NormalizedUserName] = @normalizedUserName
2026-03-30 15:27:31.883 +05:30 [INF] Executed DbCommand (2ms) [Parameters=[@normalizedEmail='?' (Size = 256)], CommandType='"Text"', CommandTimeout='30']
SELECT TOP(2) [a].[Id], [a].[AccessFailedCount], [a].[ConcurrencyStamp], [a].[CreatedAt], [a].[Email], [a].[EmailConfirmed], [a].[FirstName], [a].[IsActive], [a].[IsMfaEnabled], [a].[LastName], [a].[LockoutEnabled], [a].[LockoutEnd], [a].[NormalizedEmail], [a].[NormalizedUserName], [a].[PasswordHash], [a].[PhoneNumber], [a].[PhoneNumberConfirmed], [a].[ProfileImageUrl], [a].[RefreshToken], [a].[RefreshTokenExpiry], [a].[SecurityStamp], [a].[TwoFactorEnabled], [a].[UpdatedAt], [a].[UserName]
FROM [AspNetUsers] AS [a]
WHERE [a].[NormalizedEmail] = @normalizedEmail
2026-03-30 15:27:31.927 +05:30 [INF] Executed DbCommand (22ms) [Parameters=[@p23='?' (Size = 450), @p0='?' (DbType = Int32), @p1='?' (Size = 4000), @p24='?' (Size = 4000), @p2='?' (DbType = DateTime2), @p3='?' (Size = 256), @p4='?' (DbType = Boolean), @p5='?' (Size = 50), @p6='?' (DbType = Boolean), @p7='?' (DbType = Boolean), @p8='?' (Size = 50), @p9='?' (DbType = Boolean), @p10='?' (DbType = DateTimeOffset), @p11='?' (Size = 256), @p12='?' (Size = 256), @p13='?' (Size = 4000), @p14='?' (Size = 4000), @p15='?' (DbType = Boolean), @p16='?' (Size = 4000), @p17='?' (Size = 4000), @p18='?' (DbType = DateTime2), @p19='?' (Size = 4000), @p20='?' (DbType = Boolean), @p21='?' (DbType = DateTime2), @p22='?' (Size = 256)], CommandType='"Text"', CommandTimeout='30']
SET IMPLICIT_TRANSACTIONS OFF;
SET NOCOUNT ON;
UPDATE [AspNetUsers] SET [AccessFailedCount] = @p0, [ConcurrencyStamp] = @p1, [CreatedAt] = @p2, [Email] = @p3, [EmailConfirmed] = @p4, [FirstName] = @p5, [IsActive] = @p6, [IsMfaEnabled] = @p7, [LastName] = @p8, [LockoutEnabled] = @p9, [LockoutEnd] = @p10, [NormalizedEmail] = @p11, [NormalizedUserName] = @p12, [PasswordHash] = @p13, [PhoneNumber] = @p14, [PhoneNumberConfirmed] = @p15, [ProfileImageUrl] = @p16, [RefreshToken] = @p17, [RefreshTokenExpiry] = @p18, [SecurityStamp] = @p19, [TwoFactorEnabled] = @p20, [UpdatedAt] = @p21, [UserName] = @p22
OUTPUT 1
WHERE [Id] = @p23 AND [ConcurrencyStamp] = @p24;
2026-03-30 15:27:31.933 +05:30 [INF] Executing OkObjectResult, writing value of type '<>f__AnonymousType0`2[[System.Boolean, System.Private.CoreLib, Version=10.0.0.0, Culture=neutral, PublicKeyToken=7cec85d7bea7798e],[UserService.Application.DTOs.TokenResponseDto, UserService.Application, Version=1.0.0.0, Culture=neutral, PublicKeyToken=null]]'.
2026-03-30 15:27:31.938 +05:30 [INF] Executed action UserService.API.Controllers.AuthController.Login (UserService.API) in 346.9459ms
2026-03-30 15:27:31.941 +05:30 [INF] Executed endpoint 'UserService.API.Controllers.AuthController.Login (UserService.API)'
2026-03-30 15:27:31.943 +05:30 [INF] HTTP POST /api/v1/auth/login responded 200 in 386.0978 ms
2026-03-30 15:27:31.947 +05:30 [INF] Request finished HTTP/1.1 POST http://localhost:5010/api/v1/auth/login - 200 null application/json; charset=utf-8 447.1794ms
2026-03-30 15:28:10.237 +05:30 [INF] Request starting HTTP/1.1 POST http://localhost:5010/api/v1/auth/send-otp - application/json 102
2026-03-30 15:28:10.247 +05:30 [INF] CORS policy execution successful.
2026-03-30 15:28:10.251 +05:30 [INF] Executing endpoint 'UserService.API.Controllers.AuthController.SendOtp (UserService.API)'
2026-03-30 15:28:10.258 +05:30 [INF] Route matched with {action = "SendOtp", controller = "Auth"}. Executing controller action with signature System.Threading.Tasks.Task`1[Microsoft.AspNetCore.Mvc.IActionResult] SendOtp(UserService.Application.DTOs.SendOtpDto) on controller UserService.API.Controllers.AuthController (UserService.API).
2026-03-30 15:28:10.276 +05:30 [INF] Executed DbCommand (6ms) [Parameters=[@p='?' (Size = 450)], CommandType='"Text"', CommandTimeout='30']
SELECT TOP(1) [a].[Id], [a].[AccessFailedCount], [a].[ConcurrencyStamp], [a].[CreatedAt], [a].[Email], [a].[EmailConfirmed], [a].[FirstName], [a].[IsActive], [a].[IsMfaEnabled], [a].[LastName], [a].[LockoutEnabled], [a].[LockoutEnd], [a].[NormalizedEmail], [a].[NormalizedUserName], [a].[PasswordHash], [a].[PhoneNumber], [a].[PhoneNumberConfirmed], [a].[ProfileImageUrl], [a].[RefreshToken], [a].[RefreshTokenExpiry], [a].[SecurityStamp], [a].[TwoFactorEnabled], [a].[UpdatedAt], [a].[UserName]
FROM [AspNetUsers] AS [a]
WHERE [a].[Id] = @p
2026-03-30 15:28:13.244 +05:30 [INF] Executing BadRequestObjectResult, writing value of type '<>f__AnonymousType1`2[[System.Boolean, System.Private.CoreLib, Version=10.0.0.0, Culture=neutral, PublicKeyToken=7cec85d7bea7798e],[System.String, System.Private.CoreLib, Version=10.0.0.0, Culture=neutral, PublicKeyToken=7cec85d7bea7798e]]'.
2026-03-30 15:28:13.247 +05:30 [INF] Executed action UserService.API.Controllers.AuthController.SendOtp (UserService.API) in 2982.5671ms
2026-03-30 15:28:13.250 +05:30 [INF] Executed endpoint 'UserService.API.Controllers.AuthController.SendOtp (UserService.API)'
2026-03-30 15:28:13.252 +05:30 [INF] HTTP POST /api/v1/auth/send-otp responded 400 in 3003.0084 ms
2026-03-30 15:28:13.271 +05:30 [INF] Request finished HTTP/1.1 POST http://localhost:5010/api/v1/auth/send-otp - 400 null application/json; charset=utf-8 3034.3825ms
2026-03-30 15:32:20.887 +05:30 [INF] Request starting HTTP/1.1 POST http://localhost:5010/api/v1/auth/login - application/json 69
2026-03-30 15:32:20.902 +05:30 [INF] CORS policy execution successful.
2026-03-30 15:32:20.908 +05:30 [INF] Executing endpoint 'UserService.API.Controllers.AuthController.Login (UserService.API)'
2026-03-30 15:32:20.912 +05:30 [INF] Route matched with {action = "Login", controller = "Auth"}. Executing controller action with signature System.Threading.Tasks.Task`1[Microsoft.AspNetCore.Mvc.IActionResult] Login(UserService.Application.DTOs.LoginDto) on controller UserService.API.Controllers.AuthController (UserService.API).
2026-03-30 15:32:21.222 +05:30 [INF] Executed DbCommand (27ms) [Parameters=[@normalizedEmail='?' (Size = 256)], CommandType='"Text"', CommandTimeout='30']
SELECT TOP(2) [a].[Id], [a].[AccessFailedCount], [a].[ConcurrencyStamp], [a].[CreatedAt], [a].[Email], [a].[EmailConfirmed], [a].[FirstName], [a].[IsActive], [a].[IsMfaEnabled], [a].[LastName], [a].[LockoutEnabled], [a].[LockoutEnd], [a].[NormalizedEmail], [a].[NormalizedUserName], [a].[PasswordHash], [a].[PhoneNumber], [a].[PhoneNumberConfirmed], [a].[ProfileImageUrl], [a].[RefreshToken], [a].[RefreshTokenExpiry], [a].[SecurityStamp], [a].[TwoFactorEnabled], [a].[UpdatedAt], [a].[UserName]
FROM [AspNetUsers] AS [a]
WHERE [a].[NormalizedEmail] = @normalizedEmail
2026-03-30 15:32:21.452 +05:30 [INF] Executed DbCommand (35ms) [Parameters=[@userId='?' (Size = 450)], CommandType='"Text"', CommandTimeout='30']
SELECT [a0].[Name]
FROM [AspNetUserRoles] AS [a]
INNER JOIN [AspNetRoles] AS [a0] ON [a].[RoleId] = [a0].[Id]
WHERE [a].[UserId] = @userId
2026-03-30 15:32:21.469 +05:30 [INF] Executed DbCommand (9ms) [Parameters=[@normalizedUserName='?' (Size = 256)], CommandType='"Text"', CommandTimeout='30']
SELECT TOP(1) [a].[Id], [a].[AccessFailedCount], [a].[ConcurrencyStamp], [a].[CreatedAt], [a].[Email], [a].[EmailConfirmed], [a].[FirstName], [a].[IsActive], [a].[IsMfaEnabled], [a].[LastName], [a].[LockoutEnabled], [a].[LockoutEnd], [a].[NormalizedEmail], [a].[NormalizedUserName], [a].[PasswordHash], [a].[PhoneNumber], [a].[PhoneNumberConfirmed], [a].[ProfileImageUrl], [a].[RefreshToken], [a].[RefreshTokenExpiry], [a].[SecurityStamp], [a].[TwoFactorEnabled], [a].[UpdatedAt], [a].[UserName]
FROM [AspNetUsers] AS [a]
WHERE [a].[NormalizedUserName] = @normalizedUserName
2026-03-30 15:32:21.477 +05:30 [INF] Executed DbCommand (3ms) [Parameters=[@normalizedEmail='?' (Size = 256)], CommandType='"Text"', CommandTimeout='30']
SELECT TOP(2) [a].[Id], [a].[AccessFailedCount], [a].[ConcurrencyStamp], [a].[CreatedAt], [a].[Email], [a].[EmailConfirmed], [a].[FirstName], [a].[IsActive], [a].[IsMfaEnabled], [a].[LastName], [a].[LockoutEnabled], [a].[LockoutEnd], [a].[NormalizedEmail], [a].[NormalizedUserName], [a].[PasswordHash], [a].[PhoneNumber], [a].[PhoneNumberConfirmed], [a].[ProfileImageUrl], [a].[RefreshToken], [a].[RefreshTokenExpiry], [a].[SecurityStamp], [a].[TwoFactorEnabled], [a].[UpdatedAt], [a].[UserName]
FROM [AspNetUsers] AS [a]
WHERE [a].[NormalizedEmail] = @normalizedEmail
2026-03-30 15:32:21.508 +05:30 [INF] Executed DbCommand (24ms) [Parameters=[@p23='?' (Size = 450), @p0='?' (DbType = Int32), @p1='?' (Size = 4000), @p24='?' (Size = 4000), @p2='?' (DbType = DateTime2), @p3='?' (Size = 256), @p4='?' (DbType = Boolean), @p5='?' (Size = 50), @p6='?' (DbType = Boolean), @p7='?' (DbType = Boolean), @p8='?' (Size = 50), @p9='?' (DbType = Boolean), @p10='?' (DbType = DateTimeOffset), @p11='?' (Size = 256), @p12='?' (Size = 256), @p13='?' (Size = 4000), @p14='?' (Size = 4000), @p15='?' (DbType = Boolean), @p16='?' (Size = 4000), @p17='?' (Size = 4000), @p18='?' (DbType = DateTime2), @p19='?' (Size = 4000), @p20='?' (DbType = Boolean), @p21='?' (DbType = DateTime2), @p22='?' (Size = 256)], CommandType='"Text"', CommandTimeout='30']
SET IMPLICIT_TRANSACTIONS OFF;
SET NOCOUNT ON;
UPDATE [AspNetUsers] SET [AccessFailedCount] = @p0, [ConcurrencyStamp] = @p1, [CreatedAt] = @p2, [Email] = @p3, [EmailConfirmed] = @p4, [FirstName] = @p5, [IsActive] = @p6, [IsMfaEnabled] = @p7, [LastName] = @p8, [LockoutEnabled] = @p9, [LockoutEnd] = @p10, [NormalizedEmail] = @p11, [NormalizedUserName] = @p12, [PasswordHash] = @p13, [PhoneNumber] = @p14, [PhoneNumberConfirmed] = @p15, [ProfileImageUrl] = @p16, [RefreshToken] = @p17, [RefreshTokenExpiry] = @p18, [SecurityStamp] = @p19, [TwoFactorEnabled] = @p20, [UpdatedAt] = @p21, [UserName] = @p22
OUTPUT 1
WHERE [Id] = @p23 AND [ConcurrencyStamp] = @p24;
2026-03-30 15:32:21.520 +05:30 [INF] Executing OkObjectResult, writing value of type '<>f__AnonymousType0`2[[System.Boolean, System.Private.CoreLib, Version=10.0.0.0, Culture=neutral, PublicKeyToken=7cec85d7bea7798e],[UserService.Application.DTOs.TokenResponseDto, UserService.Application, Version=1.0.0.0, Culture=neutral, PublicKeyToken=null]]'.
2026-03-30 15:32:21.524 +05:30 [INF] Executed action UserService.API.Controllers.AuthController.Login (UserService.API) in 601.5844ms
2026-03-30 15:32:21.530 +05:30 [INF] Executed endpoint 'UserService.API.Controllers.AuthController.Login (UserService.API)'
2026-03-30 15:32:21.533 +05:30 [INF] HTTP POST /api/v1/auth/login responded 200 in 626.6183 ms
2026-03-30 15:32:21.541 +05:30 [INF] Request finished HTTP/1.1 POST http://localhost:5010/api/v1/auth/login - 200 null application/json; charset=utf-8 654.6937ms
2026-03-30 15:32:53.315 +05:30 [INF] Request starting HTTP/1.1 POST http://localhost:5010/api/v1/auth/send-otp - application/json 102
2026-03-30 15:32:53.324 +05:30 [INF] CORS policy execution successful.
2026-03-30 15:32:53.328 +05:30 [INF] Executing endpoint 'UserService.API.Controllers.AuthController.SendOtp (UserService.API)'
2026-03-30 15:32:53.334 +05:30 [INF] Route matched with {action = "SendOtp", controller = "Auth"}. Executing controller action with signature System.Threading.Tasks.Task`1[Microsoft.AspNetCore.Mvc.IActionResult] SendOtp(UserService.Application.DTOs.SendOtpDto) on controller UserService.API.Controllers.AuthController (UserService.API).
2026-03-30 15:32:53.370 +05:30 [INF] Executed DbCommand (22ms) [Parameters=[@p='?' (Size = 450)], CommandType='"Text"', CommandTimeout='30']
SELECT TOP(1) [a].[Id], [a].[AccessFailedCount], [a].[ConcurrencyStamp], [a].[CreatedAt], [a].[Email], [a].[EmailConfirmed], [a].[FirstName], [a].[IsActive], [a].[IsMfaEnabled], [a].[LastName], [a].[LockoutEnabled], [a].[LockoutEnd], [a].[NormalizedEmail], [a].[NormalizedUserName], [a].[PasswordHash], [a].[PhoneNumber], [a].[PhoneNumberConfirmed], [a].[ProfileImageUrl], [a].[RefreshToken], [a].[RefreshTokenExpiry], [a].[SecurityStamp], [a].[TwoFactorEnabled], [a].[UpdatedAt], [a].[UserName]
FROM [AspNetUsers] AS [a]
WHERE [a].[Id] = @p
2026-03-30 15:32:56.347 +05:30 [INF] Executing BadRequestObjectResult, writing value of type '<>f__AnonymousType1`2[[System.Boolean, System.Private.CoreLib, Version=10.0.0.0, Culture=neutral, PublicKeyToken=7cec85d7bea7798e],[System.String, System.Private.CoreLib, Version=10.0.0.0, Culture=neutral, PublicKeyToken=7cec85d7bea7798e]]'.
2026-03-30 15:32:56.351 +05:30 [INF] Executed action UserService.API.Controllers.AuthController.SendOtp (UserService.API) in 3009.0232ms
2026-03-30 15:32:56.358 +05:30 [INF] Executed endpoint 'UserService.API.Controllers.AuthController.SendOtp (UserService.API)'
2026-03-30 15:32:56.361 +05:30 [INF] HTTP POST /api/v1/auth/send-otp responded 400 in 3033.6966 ms
2026-03-30 15:32:56.365 +05:30 [INF] Request finished HTTP/1.1 POST http://localhost:5010/api/v1/auth/send-otp - 400 null application/json; charset=utf-8 3049.3273ms
2026-03-30 15:33:06.764 +05:30 [INF] Request starting HTTP/1.1 POST http://localhost:5010/api/v1/auth/send-otp - application/json 100
2026-03-30 15:33:06.804 +05:30 [INF] CORS policy execution successful.
2026-03-30 15:33:06.809 +05:30 [INF] Executing endpoint 'UserService.API.Controllers.AuthController.SendOtp (UserService.API)'
2026-03-30 15:33:06.816 +05:30 [INF] Route matched with {action = "SendOtp", controller = "Auth"}. Executing controller action with signature System.Threading.Tasks.Task`1[Microsoft.AspNetCore.Mvc.IActionResult] SendOtp(UserService.Application.DTOs.SendOtpDto) on controller UserService.API.Controllers.AuthController (UserService.API).
2026-03-30 15:33:06.854 +05:30 [INF] Executed DbCommand (1ms) [Parameters=[@p='?' (Size = 450)], CommandType='"Text"', CommandTimeout='30']
SELECT TOP(1) [a].[Id], [a].[AccessFailedCount], [a].[ConcurrencyStamp], [a].[CreatedAt], [a].[Email], [a].[EmailConfirmed], [a].[FirstName], [a].[IsActive], [a].[IsMfaEnabled], [a].[LastName], [a].[LockoutEnabled], [a].[LockoutEnd], [a].[NormalizedEmail], [a].[NormalizedUserName], [a].[PasswordHash], [a].[PhoneNumber], [a].[PhoneNumberConfirmed], [a].[ProfileImageUrl], [a].[RefreshToken], [a].[RefreshTokenExpiry], [a].[SecurityStamp], [a].[TwoFactorEnabled], [a].[UpdatedAt], [a].[UserName]
FROM [AspNetUsers] AS [a]
WHERE [a].[Id] = @p
2026-03-30 15:33:06.867 +05:30 [INF] Executing OkObjectResult, writing value of type '<>f__AnonymousType2`3[[System.Boolean, System.Private.CoreLib, Version=10.0.0.0, Culture=neutral, PublicKeyToken=7cec85d7bea7798e],[System.String, System.Private.CoreLib, Version=10.0.0.0, Culture=neutral, PublicKeyToken=7cec85d7bea7798e],[System.String, System.Private.CoreLib, Version=10.0.0.0, Culture=neutral, PublicKeyToken=7cec85d7bea7798e]]'.
2026-03-30 15:33:06.873 +05:30 [INF] Executed action UserService.API.Controllers.AuthController.SendOtp (UserService.API) in 45.9006ms
2026-03-30 15:33:06.879 +05:30 [INF] Executed endpoint 'UserService.API.Controllers.AuthController.SendOtp (UserService.API)'
2026-03-30 15:33:06.882 +05:30 [INF] HTTP POST /api/v1/auth/send-otp responded 200 in 74.0259 ms
2026-03-30 15:33:06.886 +05:30 [INF] Request finished HTTP/1.1 POST http://localhost:5010/api/v1/auth/send-otp - 200 null application/json; charset=utf-8 122.3836ms
2026-03-30 15:33:40.177 +05:30 [INF] Request starting HTTP/1.1 POST http://localhost:5010/api/v1/auth/verify-otp - application/json 103
2026-03-30 15:33:40.187 +05:30 [INF] CORS policy execution successful.
2026-03-30 15:33:40.192 +05:30 [INF] Executing endpoint 'UserService.API.Controllers.AuthController.VerifyOtp (UserService.API)'
2026-03-30 15:33:40.197 +05:30 [INF] Route matched with {action = "VerifyOtp", controller = "Auth"}. Executing controller action with signature System.Threading.Tasks.Task`1[Microsoft.AspNetCore.Mvc.IActionResult] VerifyOtp(UserService.Application.DTOs.VerifyOtpDto) on controller UserService.API.Controllers.AuthController (UserService.API).
2026-03-30 15:33:40.205 +05:30 [INF] Executing BadRequestObjectResult, writing value of type '<>f__AnonymousType1`2[[System.Boolean, System.Private.CoreLib, Version=10.0.0.0, Culture=neutral, PublicKeyToken=7cec85d7bea7798e],[System.String, System.Private.CoreLib, Version=10.0.0.0, Culture=neutral, PublicKeyToken=7cec85d7bea7798e]]'.
2026-03-30 15:33:40.212 +05:30 [INF] Executed action UserService.API.Controllers.AuthController.VerifyOtp (UserService.API) in 8.7007ms
2026-03-30 15:33:40.216 +05:30 [INF] Executed endpoint 'UserService.API.Controllers.AuthController.VerifyOtp (UserService.API)'
2026-03-30 15:33:40.220 +05:30 [INF] HTTP POST /api/v1/auth/verify-otp responded 400 in 29.1592 ms
2026-03-30 15:33:40.229 +05:30 [INF] Request finished HTTP/1.1 POST http://localhost:5010/api/v1/auth/verify-otp - 400 null application/json; charset=utf-8 51.9506ms
2026-03-30 15:34:03.488 +05:30 [INF] Request starting HTTP/1.1 POST http://localhost:5010/api/v1/users/mfa/toggle?enable=false - null 0
2026-03-30 15:34:03.505 +05:30 [INF] CORS policy execution successful.
2026-03-30 15:34:03.517 +05:30 [INF] Executing endpoint 'UserService.API.Controllers.UserController.ToggleMfa (UserService.API)'
2026-03-30 15:34:03.558 +05:30 [INF] Route matched with {action = "ToggleMfa", controller = "User"}. Executing controller action with signature System.Threading.Tasks.Task`1[Microsoft.AspNetCore.Mvc.IActionResult] ToggleMfa(Boolean) on controller UserService.API.Controllers.UserController (UserService.API).
2026-03-30 15:34:03.646 +05:30 [INF] Executed DbCommand (38ms) [Parameters=[@p='?' (Size = 450)], CommandType='"Text"', CommandTimeout='30']
SELECT TOP(1) [a].[Id], [a].[AccessFailedCount], [a].[ConcurrencyStamp], [a].[CreatedAt], [a].[Email], [a].[EmailConfirmed], [a].[FirstName], [a].[IsActive], [a].[IsMfaEnabled], [a].[LastName], [a].[LockoutEnabled], [a].[LockoutEnd], [a].[NormalizedEmail], [a].[NormalizedUserName], [a].[PasswordHash], [a].[PhoneNumber], [a].[PhoneNumberConfirmed], [a].[ProfileImageUrl], [a].[RefreshToken], [a].[RefreshTokenExpiry], [a].[SecurityStamp], [a].[TwoFactorEnabled], [a].[UpdatedAt], [a].[UserName]
FROM [AspNetUsers] AS [a]
WHERE [a].[Id] = @p
2026-03-30 15:34:03.662 +05:30 [INF] Executed DbCommand (8ms) [Parameters=[@normalizedUserName='?' (Size = 256)], CommandType='"Text"', CommandTimeout='30']
SELECT TOP(1) [a].[Id], [a].[AccessFailedCount], [a].[ConcurrencyStamp], [a].[CreatedAt], [a].[Email], [a].[EmailConfirmed], [a].[FirstName], [a].[IsActive], [a].[IsMfaEnabled], [a].[LastName], [a].[LockoutEnabled], [a].[LockoutEnd], [a].[NormalizedEmail], [a].[NormalizedUserName], [a].[PasswordHash], [a].[PhoneNumber], [a].[PhoneNumberConfirmed], [a].[ProfileImageUrl], [a].[RefreshToken], [a].[RefreshTokenExpiry], [a].[SecurityStamp], [a].[TwoFactorEnabled], [a].[UpdatedAt], [a].[UserName]
FROM [AspNetUsers] AS [a]
WHERE [a].[NormalizedUserName] = @normalizedUserName
2026-03-30 15:34:03.675 +05:30 [INF] Executed DbCommand (7ms) [Parameters=[@normalizedEmail='?' (Size = 256)], CommandType='"Text"', CommandTimeout='30']
SELECT TOP(2) [a].[Id], [a].[AccessFailedCount], [a].[ConcurrencyStamp], [a].[CreatedAt], [a].[Email], [a].[EmailConfirmed], [a].[FirstName], [a].[IsActive], [a].[IsMfaEnabled], [a].[LastName], [a].[LockoutEnabled], [a].[LockoutEnd], [a].[NormalizedEmail], [a].[NormalizedUserName], [a].[PasswordHash], [a].[PhoneNumber], [a].[PhoneNumberConfirmed], [a].[ProfileImageUrl], [a].[RefreshToken], [a].[RefreshTokenExpiry], [a].[SecurityStamp], [a].[TwoFactorEnabled], [a].[UpdatedAt], [a].[UserName]
FROM [AspNetUsers] AS [a]
WHERE [a].[NormalizedEmail] = @normalizedEmail
2026-03-30 15:34:03.700 +05:30 [INF] Executed DbCommand (18ms) [Parameters=[@p23='?' (Size = 450), @p0='?' (DbType = Int32), @p1='?' (Size = 4000), @p24='?' (Size = 4000), @p2='?' (DbType = DateTime2), @p3='?' (Size = 256), @p4='?' (DbType = Boolean), @p5='?' (Size = 50), @p6='?' (DbType = Boolean), @p7='?' (DbType = Boolean), @p8='?' (Size = 50), @p9='?' (DbType = Boolean), @p10='?' (DbType = DateTimeOffset), @p11='?' (Size = 256), @p12='?' (Size = 256), @p13='?' (Size = 4000), @p14='?' (Size = 4000), @p15='?' (DbType = Boolean), @p16='?' (Size = 4000), @p17='?' (Size = 4000), @p18='?' (DbType = DateTime2), @p19='?' (Size = 4000), @p20='?' (DbType = Boolean), @p21='?' (DbType = DateTime2), @p22='?' (Size = 256)], CommandType='"Text"', CommandTimeout='30']
SET IMPLICIT_TRANSACTIONS OFF;
SET NOCOUNT ON;
UPDATE [AspNetUsers] SET [AccessFailedCount] = @p0, [ConcurrencyStamp] = @p1, [CreatedAt] = @p2, [Email] = @p3, [EmailConfirmed] = @p4, [FirstName] = @p5, [IsActive] = @p6, [IsMfaEnabled] = @p7, [LastName] = @p8, [LockoutEnabled] = @p9, [LockoutEnd] = @p10, [NormalizedEmail] = @p11, [NormalizedUserName] = @p12, [PasswordHash] = @p13, [PhoneNumber] = @p14, [PhoneNumberConfirmed] = @p15, [ProfileImageUrl] = @p16, [RefreshToken] = @p17, [RefreshTokenExpiry] = @p18, [SecurityStamp] = @p19, [TwoFactorEnabled] = @p20, [UpdatedAt] = @p21, [UserName] = @p22
OUTPUT 1
WHERE [Id] = @p23 AND [ConcurrencyStamp] = @p24;
2026-03-30 15:34:03.706 +05:30 [INF] Executing OkObjectResult, writing value of type '<>f__AnonymousType1`2[[System.Boolean, System.Private.CoreLib, Version=10.0.0.0, Culture=neutral, PublicKeyToken=7cec85d7bea7798e],[System.String, System.Private.CoreLib, Version=10.0.0.0, Culture=neutral, PublicKeyToken=7cec85d7bea7798e]]'.
2026-03-30 15:34:03.710 +05:30 [INF] Executed action UserService.API.Controllers.UserController.ToggleMfa (UserService.API) in 144.9359ms
2026-03-30 15:34:03.713 +05:30 [INF] Executed endpoint 'UserService.API.Controllers.UserController.ToggleMfa (UserService.API)'
2026-03-30 15:34:03.717 +05:30 [INF] HTTP POST /api/v1/users/mfa/toggle responded 200 in 201.5399 ms
2026-03-30 15:34:03.721 +05:30 [INF] Request finished HTTP/1.1 POST http://localhost:5010/api/v1/users/mfa/toggle?enable=false - 200 null application/json; charset=utf-8 233.8061ms
2026-03-30 15:34:13.433 +05:30 [INF] Request starting HTTP/1.1 GET http://localhost:5010/api/v1/users - null null
2026-03-30 15:34:13.471 +05:30 [INF] Executing endpoint 'UserService.API.Controllers.UserController.GetAllUsers (UserService.API)'
2026-03-30 15:34:13.492 +05:30 [INF] Route matched with {action = "GetAllUsers", controller = "User"}. Executing controller action with signature System.Threading.Tasks.Task`1[Microsoft.AspNetCore.Mvc.IActionResult] GetAllUsers() on controller UserService.API.Controllers.UserController (UserService.API).
2026-03-30 15:34:13.601 +05:30 [INF] Executed DbCommand (49ms) [Parameters=[], CommandType='"Text"', CommandTimeout='30']
SELECT [a].[Id], [a].[AccessFailedCount], [a].[ConcurrencyStamp], [a].[CreatedAt], [a].[Email], [a].[EmailConfirmed], [a].[FirstName], [a].[IsActive], [a].[IsMfaEnabled], [a].[LastName], [a].[LockoutEnabled], [a].[LockoutEnd], [a].[NormalizedEmail], [a].[NormalizedUserName], [a].[PasswordHash], [a].[PhoneNumber], [a].[PhoneNumberConfirmed], [a].[ProfileImageUrl], [a].[RefreshToken], [a].[RefreshTokenExpiry], [a].[SecurityStamp], [a].[TwoFactorEnabled], [a].[UpdatedAt], [a].[UserName]
FROM [AspNetUsers] AS [a]
WHERE [a].[IsActive] = CAST(1 AS bit)
2026-03-30 15:34:13.626 +05:30 [INF] Executed DbCommand (12ms) [Parameters=[@userId='?' (Size = 450)], CommandType='"Text"', CommandTimeout='30']
SELECT [a0].[Name]
FROM [AspNetUserRoles] AS [a]
INNER JOIN [AspNetRoles] AS [a0] ON [a].[RoleId] = [a0].[Id]
WHERE [a].[UserId] = @userId
2026-03-30 15:34:13.632 +05:30 [INF] Executed DbCommand (1ms) [Parameters=[@userId='?' (Size = 450)], CommandType='"Text"', CommandTimeout='30']
SELECT [a0].[Name]
FROM [AspNetUserRoles] AS [a]
INNER JOIN [AspNetRoles] AS [a0] ON [a].[RoleId] = [a0].[Id]
WHERE [a].[UserId] = @userId
2026-03-30 15:34:13.637 +05:30 [INF] Executing OkObjectResult, writing value of type '<>f__AnonymousType0`2[[System.Boolean, System.Private.CoreLib, Version=10.0.0.0, Culture=neutral, PublicKeyToken=7cec85d7bea7798e],[System.Collections.Generic.IEnumerable`1[[UserService.Application.DTOs.UserProfileDto, UserService.Application, Version=1.0.0.0, Culture=neutral, PublicKeyToken=null]], System.Private.CoreLib, Version=10.0.0.0, Culture=neutral, PublicKeyToken=7cec85d7bea7798e]]'.
2026-03-30 15:34:13.647 +05:30 [INF] Executed action UserService.API.Controllers.UserController.GetAllUsers (UserService.API) in 144.6169ms
2026-03-30 15:34:13.650 +05:30 [INF] Executed endpoint 'UserService.API.Controllers.UserController.GetAllUsers (UserService.API)'
2026-03-30 15:34:13.652 +05:30 [INF] HTTP GET /api/v1/users responded 200 in 208.2628 ms
2026-03-30 15:34:13.658 +05:30 [INF] Request finished HTTP/1.1 GET http://localhost:5010/api/v1/users - 200 null application/json; charset=utf-8 224.377ms
2026-03-30 15:38:37.932 +05:30 [INF] Request starting HTTP/1.1 POST http://localhost:5010/api/v1/auth/send-otp - application/json 102
2026-03-30 15:38:37.950 +05:30 [INF] CORS policy execution successful.
2026-03-30 15:38:37.955 +05:30 [INF] Executing endpoint 'UserService.API.Controllers.AuthController.SendOtp (UserService.API)'
2026-03-30 15:38:37.959 +05:30 [INF] Route matched with {action = "SendOtp", controller = "Auth"}. Executing controller action with signature System.Threading.Tasks.Task`1[Microsoft.AspNetCore.Mvc.IActionResult] SendOtp(UserService.Application.DTOs.SendOtpDto) on controller UserService.API.Controllers.AuthController (UserService.API).
2026-03-30 15:38:38.262 +05:30 [INF] Executed DbCommand (24ms) [Parameters=[@p='?' (Size = 450)], CommandType='"Text"', CommandTimeout='30']
SELECT TOP(1) [a].[Id], [a].[AccessFailedCount], [a].[ConcurrencyStamp], [a].[CreatedAt], [a].[Email], [a].[EmailConfirmed], [a].[FirstName], [a].[IsActive], [a].[IsMfaEnabled], [a].[LastName], [a].[LockoutEnabled], [a].[LockoutEnd], [a].[NormalizedEmail], [a].[NormalizedUserName], [a].[PasswordHash], [a].[PhoneNumber], [a].[PhoneNumberConfirmed], [a].[ProfileImageUrl], [a].[RefreshToken], [a].[RefreshTokenExpiry], [a].[SecurityStamp], [a].[TwoFactorEnabled], [a].[UpdatedAt], [a].[UserName]
FROM [AspNetUsers] AS [a]
WHERE [a].[Id] = @p
2026-03-30 15:38:49.753 +05:30 [INF] Executing BadRequestObjectResult, writing value of type '<>f__AnonymousType1`2[[System.Boolean, System.Private.CoreLib, Version=10.0.0.0, Culture=neutral, PublicKeyToken=7cec85d7bea7798e],[System.String, System.Private.CoreLib, Version=10.0.0.0, Culture=neutral, PublicKeyToken=7cec85d7bea7798e]]'.
2026-03-30 15:38:49.757 +05:30 [INF] Executed action UserService.API.Controllers.AuthController.SendOtp (UserService.API) in 11790.1887ms
2026-03-30 15:38:49.760 +05:30 [INF] Executed endpoint 'UserService.API.Controllers.AuthController.SendOtp (UserService.API)'
2026-03-30 15:38:49.763 +05:30 [INF] HTTP POST /api/v1/auth/send-otp responded 400 in 11810.6116 ms
2026-03-30 15:38:49.768 +05:30 [INF] Request finished HTTP/1.1 POST http://localhost:5010/api/v1/auth/send-otp - 400 null application/json; charset=utf-8 11835.8592ms
2026-03-30 15:39:34.463 +05:30 [INF] Request starting HTTP/1.1 POST http://localhost:5010/api/v1/auth/send-otp - application/json 102
2026-03-30 15:39:34.472 +05:30 [INF] CORS policy execution successful.
2026-03-30 15:39:34.478 +05:30 [INF] Executing endpoint 'UserService.API.Controllers.AuthController.SendOtp (UserService.API)'
2026-03-30 15:39:34.484 +05:30 [INF] Route matched with {action = "SendOtp", controller = "Auth"}. Executing controller action with signature System.Threading.Tasks.Task`1[Microsoft.AspNetCore.Mvc.IActionResult] SendOtp(UserService.Application.DTOs.SendOtpDto) on controller UserService.API.Controllers.AuthController (UserService.API).
2026-03-30 15:39:34.514 +05:30 [INF] Executed DbCommand (18ms) [Parameters=[@p='?' (Size = 450)], CommandType='"Text"', CommandTimeout='30']
SELECT TOP(1) [a].[Id], [a].[AccessFailedCount], [a].[ConcurrencyStamp], [a].[CreatedAt], [a].[Email], [a].[EmailConfirmed], [a].[FirstName], [a].[IsActive], [a].[IsMfaEnabled], [a].[LastName], [a].[LockoutEnabled], [a].[LockoutEnd], [a].[NormalizedEmail], [a].[NormalizedUserName], [a].[PasswordHash], [a].[PhoneNumber], [a].[PhoneNumberConfirmed], [a].[ProfileImageUrl], [a].[RefreshToken], [a].[RefreshTokenExpiry], [a].[SecurityStamp], [a].[TwoFactorEnabled], [a].[UpdatedAt], [a].[UserName]
FROM [AspNetUsers] AS [a]
WHERE [a].[Id] = @p
2026-03-30 15:39:45.833 +05:30 [INF] Executing BadRequestObjectResult, writing value of type '<>f__AnonymousType1`2[[System.Boolean, System.Private.CoreLib, Version=10.0.0.0, Culture=neutral, PublicKeyToken=7cec85d7bea7798e],[System.String, System.Private.CoreLib, Version=10.0.0.0, Culture=neutral, PublicKeyToken=7cec85d7bea7798e]]'.
2026-03-30 15:39:45.837 +05:30 [INF] Executed action UserService.API.Controllers.AuthController.SendOtp (UserService.API) in 11345.5958ms
2026-03-30 15:39:45.842 +05:30 [INF] Executed endpoint 'UserService.API.Controllers.AuthController.SendOtp (UserService.API)'
2026-03-30 15:39:45.845 +05:30 [INF] HTTP POST /api/v1/auth/send-otp responded 400 in 11368.5357 ms
2026-03-30 15:39:45.849 +05:30 [INF] Request finished HTTP/1.1 POST http://localhost:5010/api/v1/auth/send-otp - 400 null application/json; charset=utf-8 11385.0988ms
2026-03-30 15:41:33.658 +05:30 [INF] Request starting HTTP/1.1 POST http://localhost:5010/api/v1/auth/login - application/json 69
2026-03-30 15:41:33.668 +05:30 [INF] CORS policy execution successful.
2026-03-30 15:41:33.672 +05:30 [INF] Executing endpoint 'UserService.API.Controllers.AuthController.Login (UserService.API)'
2026-03-30 15:41:33.677 +05:30 [INF] Route matched with {action = "Login", controller = "Auth"}. Executing controller action with signature System.Threading.Tasks.Task`1[Microsoft.AspNetCore.Mvc.IActionResult] Login(UserService.Application.DTOs.LoginDto) on controller UserService.API.Controllers.AuthController (UserService.API).
2026-03-30 15:41:33.720 +05:30 [INF] Executed DbCommand (21ms) [Parameters=[@normalizedEmail='?' (Size = 256)], CommandType='"Text"', CommandTimeout='30']
SELECT TOP(2) [a].[Id], [a].[AccessFailedCount], [a].[ConcurrencyStamp], [a].[CreatedAt], [a].[Email], [a].[EmailConfirmed], [a].[FirstName], [a].[IsActive], [a].[IsMfaEnabled], [a].[LastName], [a].[LockoutEnabled], [a].[LockoutEnd], [a].[NormalizedEmail], [a].[NormalizedUserName], [a].[PasswordHash], [a].[PhoneNumber], [a].[PhoneNumberConfirmed], [a].[ProfileImageUrl], [a].[RefreshToken], [a].[RefreshTokenExpiry], [a].[SecurityStamp], [a].[TwoFactorEnabled], [a].[UpdatedAt], [a].[UserName]
FROM [AspNetUsers] AS [a]
WHERE [a].[NormalizedEmail] = @normalizedEmail
2026-03-30 15:41:33.977 +05:30 [INF] Executed DbCommand (57ms) [Parameters=[@userId='?' (Size = 450)], CommandType='"Text"', CommandTimeout='30']
SELECT [a0].[Name]
FROM [AspNetUserRoles] AS [a]
INNER JOIN [AspNetRoles] AS [a0] ON [a].[RoleId] = [a0].[Id]
WHERE [a].[UserId] = @userId
2026-03-30 15:41:34.014 +05:30 [INF] Executed DbCommand (23ms) [Parameters=[@normalizedUserName='?' (Size = 256)], CommandType='"Text"', CommandTimeout='30']
SELECT TOP(1) [a].[Id], [a].[AccessFailedCount], [a].[ConcurrencyStamp], [a].[CreatedAt], [a].[Email], [a].[EmailConfirmed], [a].[FirstName], [a].[IsActive], [a].[IsMfaEnabled], [a].[LastName], [a].[LockoutEnabled], [a].[LockoutEnd], [a].[NormalizedEmail], [a].[NormalizedUserName], [a].[PasswordHash], [a].[PhoneNumber], [a].[PhoneNumberConfirmed], [a].[ProfileImageUrl], [a].[RefreshToken], [a].[RefreshTokenExpiry], [a].[SecurityStamp], [a].[TwoFactorEnabled], [a].[UpdatedAt], [a].[UserName]
FROM [AspNetUsers] AS [a]
WHERE [a].[NormalizedUserName] = @normalizedUserName
2026-03-30 15:41:34.038 +05:30 [INF] Executed DbCommand (11ms) [Parameters=[@normalizedEmail='?' (Size = 256)], CommandType='"Text"', CommandTimeout='30']
SELECT TOP(2) [a].[Id], [a].[AccessFailedCount], [a].[ConcurrencyStamp], [a].[CreatedAt], [a].[Email], [a].[EmailConfirmed], [a].[FirstName], [a].[IsActive], [a].[IsMfaEnabled], [a].[LastName], [a].[LockoutEnabled], [a].[LockoutEnd], [a].[NormalizedEmail], [a].[NormalizedUserName], [a].[PasswordHash], [a].[PhoneNumber], [a].[PhoneNumberConfirmed], [a].[ProfileImageUrl], [a].[RefreshToken], [a].[RefreshTokenExpiry], [a].[SecurityStamp], [a].[TwoFactorEnabled], [a].[UpdatedAt], [a].[UserName]
FROM [AspNetUsers] AS [a]
WHERE [a].[NormalizedEmail] = @normalizedEmail
2026-03-30 15:41:34.078 +05:30 [INF] Executed DbCommand (24ms) [Parameters=[@p23='?' (Size = 450), @p0='?' (DbType = Int32), @p1='?' (Size = 4000), @p24='?' (Size = 4000), @p2='?' (DbType = DateTime2), @p3='?' (Size = 256), @p4='?' (DbType = Boolean), @p5='?' (Size = 50), @p6='?' (DbType = Boolean), @p7='?' (DbType = Boolean), @p8='?' (Size = 50), @p9='?' (DbType = Boolean), @p10='?' (DbType = DateTimeOffset), @p11='?' (Size = 256), @p12='?' (Size = 256), @p13='?' (Size = 4000), @p14='?' (Size = 4000), @p15='?' (DbType = Boolean), @p16='?' (Size = 4000), @p17='?' (Size = 4000), @p18='?' (DbType = DateTime2), @p19='?' (Size = 4000), @p20='?' (DbType = Boolean), @p21='?' (DbType = DateTime2), @p22='?' (Size = 256)], CommandType='"Text"', CommandTimeout='30']
SET IMPLICIT_TRANSACTIONS OFF;
SET NOCOUNT ON;
UPDATE [AspNetUsers] SET [AccessFailedCount] = @p0, [ConcurrencyStamp] = @p1, [CreatedAt] = @p2, [Email] = @p3, [EmailConfirmed] = @p4, [FirstName] = @p5, [IsActive] = @p6, [IsMfaEnabled] = @p7, [LastName] = @p8, [LockoutEnabled] = @p9, [LockoutEnd] = @p10, [NormalizedEmail] = @p11, [NormalizedUserName] = @p12, [PasswordHash] = @p13, [PhoneNumber] = @p14, [PhoneNumberConfirmed] = @p15, [ProfileImageUrl] = @p16, [RefreshToken] = @p17, [RefreshTokenExpiry] = @p18, [SecurityStamp] = @p19, [TwoFactorEnabled] = @p20, [UpdatedAt] = @p21, [UserName] = @p22
OUTPUT 1
WHERE [Id] = @p23 AND [ConcurrencyStamp] = @p24;
2026-03-30 15:41:34.090 +05:30 [INF] Executing OkObjectResult, writing value of type '<>f__AnonymousType0`2[[System.Boolean, System.Private.CoreLib, Version=10.0.0.0, Culture=neutral, PublicKeyToken=7cec85d7bea7798e],[UserService.Application.DTOs.TokenResponseDto, UserService.Application, Version=1.0.0.0, Culture=neutral, PublicKeyToken=null]]'.
2026-03-30 15:41:34.097 +05:30 [INF] Executed action UserService.API.Controllers.AuthController.Login (UserService.API) in 408.7644ms
2026-03-30 15:41:34.104 +05:30 [INF] Executed endpoint 'UserService.API.Controllers.AuthController.Login (UserService.API)'
2026-03-30 15:41:34.110 +05:30 [INF] HTTP POST /api/v1/auth/login responded 200 in 438.5135 ms
2026-03-30 15:41:34.120 +05:30 [INF] Request finished HTTP/1.1 POST http://localhost:5010/api/v1/auth/login - 200 null application/json; charset=utf-8 462.2481ms
2026-03-30 15:42:09.924 +05:30 [INF] Request starting HTTP/1.1 GET http://localhost:5010/api/v1/users/profile - null null
2026-03-30 15:42:09.933 +05:30 [INF] Executing endpoint 'UserService.API.Controllers.UserController.GetProfile (UserService.API)'
2026-03-30 15:42:09.938 +05:30 [INF] Route matched with {action = "GetProfile", controller = "User"}. Executing controller action with signature System.Threading.Tasks.Task`1[Microsoft.AspNetCore.Mvc.IActionResult] GetProfile() on controller UserService.API.Controllers.UserController (UserService.API).
2026-03-30 15:42:09.986 +05:30 [INF] Executed DbCommand (31ms) [Parameters=[@p='?' (Size = 450)], CommandType='"Text"', CommandTimeout='30']
SELECT TOP(1) [a].[Id], [a].[AccessFailedCount], [a].[ConcurrencyStamp], [a].[CreatedAt], [a].[Email], [a].[EmailConfirmed], [a].[FirstName], [a].[IsActive], [a].[IsMfaEnabled], [a].[LastName], [a].[LockoutEnabled], [a].[LockoutEnd], [a].[NormalizedEmail], [a].[NormalizedUserName], [a].[PasswordHash], [a].[PhoneNumber], [a].[PhoneNumberConfirmed], [a].[ProfileImageUrl], [a].[RefreshToken], [a].[RefreshTokenExpiry], [a].[SecurityStamp], [a].[TwoFactorEnabled], [a].[UpdatedAt], [a].[UserName]
FROM [AspNetUsers] AS [a]
WHERE [a].[Id] = @p
2026-03-30 15:42:10.013 +05:30 [INF] Executed DbCommand (16ms) [Parameters=[@userId='?' (Size = 450)], CommandType='"Text"', CommandTimeout='30']
SELECT [a0].[Name]
FROM [AspNetUserRoles] AS [a]
INNER JOIN [AspNetRoles] AS [a0] ON [a].[RoleId] = [a0].[Id]
WHERE [a].[UserId] = @userId
2026-03-30 15:42:10.042 +05:30 [INF] Executing OkObjectResult, writing value of type '<>f__AnonymousType0`2[[System.Boolean, System.Private.CoreLib, Version=10.0.0.0, Culture=neutral, PublicKeyToken=7cec85d7bea7798e],[UserService.Application.DTOs.UserProfileDto, UserService.Application, Version=1.0.0.0, Culture=neutral, PublicKeyToken=null]]'.
2026-03-30 15:42:10.047 +05:30 [INF] Executed action UserService.API.Controllers.UserController.GetProfile (UserService.API) in 100.7462ms
2026-03-30 15:42:10.051 +05:30 [INF] Executed endpoint 'UserService.API.Controllers.UserController.GetProfile (UserService.API)'
2026-03-30 15:42:10.055 +05:30 [INF] HTTP GET /api/v1/users/profile responded 200 in 122.9785 ms
2026-03-30 15:42:10.062 +05:30 [INF] Request finished HTTP/1.1 GET http://localhost:5010/api/v1/users/profile - 200 null application/json; charset=utf-8 137.5472ms
2026-03-30 15:42:23.793 +05:30 [INF] Request starting HTTP/1.1 GET http://localhost:5010/api/v1/users - null null
2026-03-30 15:42:23.804 +05:30 [INF] Executing endpoint 'UserService.API.Controllers.UserController.GetAllUsers (UserService.API)'
2026-03-30 15:42:23.806 +05:30 [INF] Route matched with {action = "GetAllUsers", controller = "User"}. Executing controller action with signature System.Threading.Tasks.Task`1[Microsoft.AspNetCore.Mvc.IActionResult] GetAllUsers() on controller UserService.API.Controllers.UserController (UserService.API).
2026-03-30 15:42:23.822 +05:30 [INF] Executed DbCommand (6ms) [Parameters=[], CommandType='"Text"', CommandTimeout='30']
SELECT [a].[Id], [a].[AccessFailedCount], [a].[ConcurrencyStamp], [a].[CreatedAt], [a].[Email], [a].[EmailConfirmed], [a].[FirstName], [a].[IsActive], [a].[IsMfaEnabled], [a].[LastName], [a].[LockoutEnabled], [a].[LockoutEnd], [a].[NormalizedEmail], [a].[NormalizedUserName], [a].[PasswordHash], [a].[PhoneNumber], [a].[PhoneNumberConfirmed], [a].[ProfileImageUrl], [a].[RefreshToken], [a].[RefreshTokenExpiry], [a].[SecurityStamp], [a].[TwoFactorEnabled], [a].[UpdatedAt], [a].[UserName]
FROM [AspNetUsers] AS [a]
WHERE [a].[IsActive] = CAST(1 AS bit)
2026-03-30 15:42:23.830 +05:30 [INF] Executed DbCommand (1ms) [Parameters=[@userId='?' (Size = 450)], CommandType='"Text"', CommandTimeout='30']
SELECT [a0].[Name]
FROM [AspNetUserRoles] AS [a]
INNER JOIN [AspNetRoles] AS [a0] ON [a].[RoleId] = [a0].[Id]
WHERE [a].[UserId] = @userId
2026-03-30 15:42:23.837 +05:30 [INF] Executed DbCommand (1ms) [Parameters=[@userId='?' (Size = 450)], CommandType='"Text"', CommandTimeout='30']
SELECT [a0].[Name]
FROM [AspNetUserRoles] AS [a]
INNER JOIN [AspNetRoles] AS [a0] ON [a].[RoleId] = [a0].[Id]
WHERE [a].[UserId] = @userId
2026-03-30 15:42:23.845 +05:30 [INF] Executing OkObjectResult, writing value of type '<>f__AnonymousType0`2[[System.Boolean, System.Private.CoreLib, Version=10.0.0.0, Culture=neutral, PublicKeyToken=7cec85d7bea7798e],[System.Collections.Generic.IEnumerable`1[[UserService.Application.DTOs.UserProfileDto, UserService.Application, Version=1.0.0.0, Culture=neutral, PublicKeyToken=null]], System.Private.CoreLib, Version=10.0.0.0, Culture=neutral, PublicKeyToken=7cec85d7bea7798e]]'.
2026-03-30 15:42:23.850 +05:30 [INF] Executed action UserService.API.Controllers.UserController.GetAllUsers (UserService.API) in 37.0352ms
2026-03-30 15:42:23.854 +05:30 [INF] Executed endpoint 'UserService.API.Controllers.UserController.GetAllUsers (UserService.API)'
2026-03-30 15:42:23.862 +05:30 [INF] HTTP GET /api/v1/users responded 200 in 59.6612 ms
2026-03-30 15:42:23.870 +05:30 [INF] Request finished HTTP/1.1 GET http://localhost:5010/api/v1/users - 200 null application/json; charset=utf-8 77.0096ms
2026-03-30 15:43:08.190 +05:30 [INF] Request starting HTTP/1.1 POST http://localhost:5010/api/v1/auth/login - application/json 72
2026-03-30 15:43:08.214 +05:30 [INF] CORS policy execution successful.
2026-03-30 15:43:08.221 +05:30 [INF] Executing endpoint 'UserService.API.Controllers.AuthController.Login (UserService.API)'
2026-03-30 15:43:08.228 +05:30 [INF] Route matched with {action = "Login", controller = "Auth"}. Executing controller action with signature System.Threading.Tasks.Task`1[Microsoft.AspNetCore.Mvc.IActionResult] Login(UserService.Application.DTOs.LoginDto) on controller UserService.API.Controllers.AuthController (UserService.API).
2026-03-30 15:43:08.277 +05:30 [INF] Executed DbCommand (35ms) [Parameters=[@normalizedEmail='?' (Size = 256)], CommandType='"Text"', CommandTimeout='30']
SELECT TOP(2) [a].[Id], [a].[AccessFailedCount], [a].[ConcurrencyStamp], [a].[CreatedAt], [a].[Email], [a].[EmailConfirmed], [a].[FirstName], [a].[IsActive], [a].[IsMfaEnabled], [a].[LastName], [a].[LockoutEnabled], [a].[LockoutEnd], [a].[NormalizedEmail], [a].[NormalizedUserName], [a].[PasswordHash], [a].[PhoneNumber], [a].[PhoneNumberConfirmed], [a].[ProfileImageUrl], [a].[RefreshToken], [a].[RefreshTokenExpiry], [a].[SecurityStamp], [a].[TwoFactorEnabled], [a].[UpdatedAt], [a].[UserName]
FROM [AspNetUsers] AS [a]
WHERE [a].[NormalizedEmail] = @normalizedEmail
2026-03-30 15:43:08.499 +05:30 [INF] Executed DbCommand (30ms) [Parameters=[@userId='?' (Size = 450)], CommandType='"Text"', CommandTimeout='30']
SELECT [a0].[Name]
FROM [AspNetUserRoles] AS [a]
INNER JOIN [AspNetRoles] AS [a0] ON [a].[RoleId] = [a0].[Id]
WHERE [a].[UserId] = @userId
2026-03-30 15:43:08.526 +05:30 [INF] Executed DbCommand (8ms) [Parameters=[@normalizedUserName='?' (Size = 256)], CommandType='"Text"', CommandTimeout='30']
SELECT TOP(1) [a].[Id], [a].[AccessFailedCount], [a].[ConcurrencyStamp], [a].[CreatedAt], [a].[Email], [a].[EmailConfirmed], [a].[FirstName], [a].[IsActive], [a].[IsMfaEnabled], [a].[LastName], [a].[LockoutEnabled], [a].[LockoutEnd], [a].[NormalizedEmail], [a].[NormalizedUserName], [a].[PasswordHash], [a].[PhoneNumber], [a].[PhoneNumberConfirmed], [a].[ProfileImageUrl], [a].[RefreshToken], [a].[RefreshTokenExpiry], [a].[SecurityStamp], [a].[TwoFactorEnabled], [a].[UpdatedAt], [a].[UserName]
FROM [AspNetUsers] AS [a]
WHERE [a].[NormalizedUserName] = @normalizedUserName
2026-03-30 15:43:08.534 +05:30 [INF] Executed DbCommand (1ms) [Parameters=[@normalizedEmail='?' (Size = 256)], CommandType='"Text"', CommandTimeout='30']
SELECT TOP(2) [a].[Id], [a].[AccessFailedCount], [a].[ConcurrencyStamp], [a].[CreatedAt], [a].[Email], [a].[EmailConfirmed], [a].[FirstName], [a].[IsActive], [a].[IsMfaEnabled], [a].[LastName], [a].[LockoutEnabled], [a].[LockoutEnd], [a].[NormalizedEmail], [a].[NormalizedUserName], [a].[PasswordHash], [a].[PhoneNumber], [a].[PhoneNumberConfirmed], [a].[ProfileImageUrl], [a].[RefreshToken], [a].[RefreshTokenExpiry], [a].[SecurityStamp], [a].[TwoFactorEnabled], [a].[UpdatedAt], [a].[UserName]
FROM [AspNetUsers] AS [a]
WHERE [a].[NormalizedEmail] = @normalizedEmail
2026-03-30 15:43:08.560 +05:30 [INF] Executed DbCommand (17ms) [Parameters=[@p23='?' (Size = 450), @p0='?' (DbType = Int32), @p1='?' (Size = 4000), @p24='?' (Size = 4000), @p2='?' (DbType = DateTime2), @p3='?' (Size = 256), @p4='?' (DbType = Boolean), @p5='?' (Size = 50), @p6='?' (DbType = Boolean), @p7='?' (DbType = Boolean), @p8='?' (Size = 50), @p9='?' (DbType = Boolean), @p10='?' (DbType = DateTimeOffset), @p11='?' (Size = 256), @p12='?' (Size = 256), @p13='?' (Size = 4000), @p14='?' (Size = 4000), @p15='?' (DbType = Boolean), @p16='?' (Size = 4000), @p17='?' (Size = 4000), @p18='?' (DbType = DateTime2), @p19='?' (Size = 4000), @p20='?' (DbType = Boolean), @p21='?' (DbType = DateTime2), @p22='?' (Size = 256)], CommandType='"Text"', CommandTimeout='30']
SET IMPLICIT_TRANSACTIONS OFF;
SET NOCOUNT ON;
UPDATE [AspNetUsers] SET [AccessFailedCount] = @p0, [ConcurrencyStamp] = @p1, [CreatedAt] = @p2, [Email] = @p3, [EmailConfirmed] = @p4, [FirstName] = @p5, [IsActive] = @p6, [IsMfaEnabled] = @p7, [LastName] = @p8, [LockoutEnabled] = @p9, [LockoutEnd] = @p10, [NormalizedEmail] = @p11, [NormalizedUserName] = @p12, [PasswordHash] = @p13, [PhoneNumber] = @p14, [PhoneNumberConfirmed] = @p15, [ProfileImageUrl] = @p16, [RefreshToken] = @p17, [RefreshTokenExpiry] = @p18, [SecurityStamp] = @p19, [TwoFactorEnabled] = @p20, [UpdatedAt] = @p21, [UserName] = @p22
OUTPUT 1
WHERE [Id] = @p23 AND [ConcurrencyStamp] = @p24;
2026-03-30 15:43:08.573 +05:30 [INF] Executing OkObjectResult, writing value of type '<>f__AnonymousType0`2[[System.Boolean, System.Private.CoreLib, Version=10.0.0.0, Culture=neutral, PublicKeyToken=7cec85d7bea7798e],[UserService.Application.DTOs.TokenResponseDto, UserService.Application, Version=1.0.0.0, Culture=neutral, PublicKeyToken=null]]'.
2026-03-30 15:43:08.577 +05:30 [INF] Executed action UserService.API.Controllers.AuthController.Login (UserService.API) in 341.9373ms
2026-03-30 15:43:08.580 +05:30 [INF] Executed endpoint 'UserService.API.Controllers.AuthController.Login (UserService.API)'
2026-03-30 15:43:08.583 +05:30 [INF] HTTP POST /api/v1/auth/login responded 200 in 364.6340 ms
2026-03-30 15:43:08.590 +05:30 [INF] Request finished HTTP/1.1 POST http://localhost:5010/api/v1/auth/login - 200 null application/json; charset=utf-8 400.0718ms
2026-03-30 15:43:53.771 +05:30 [INF] Request starting HTTP/1.1 POST http://localhost:5010/api/v1/auth/send-otp - application/json 100
2026-03-30 15:43:53.777 +05:30 [INF] CORS policy execution successful.
2026-03-30 15:43:53.789 +05:30 [INF] Executing endpoint 'UserService.API.Controllers.AuthController.SendOtp (UserService.API)'
2026-03-30 15:43:53.796 +05:30 [INF] Route matched with {action = "SendOtp", controller = "Auth"}. Executing controller action with signature System.Threading.Tasks.Task`1[Microsoft.AspNetCore.Mvc.IActionResult] SendOtp(UserService.Application.DTOs.SendOtpDto) on controller UserService.API.Controllers.AuthController (UserService.API).
2026-03-30 15:43:53.842 +05:30 [INF] Executed DbCommand (17ms) [Parameters=[@p='?' (Size = 450)], CommandType='"Text"', CommandTimeout='30']
SELECT TOP(1) [a].[Id], [a].[AccessFailedCount], [a].[ConcurrencyStamp], [a].[CreatedAt], [a].[Email], [a].[EmailConfirmed], [a].[FirstName], [a].[IsActive], [a].[IsMfaEnabled], [a].[LastName], [a].[LockoutEnabled], [a].[LockoutEnd], [a].[NormalizedEmail], [a].[NormalizedUserName], [a].[PasswordHash], [a].[PhoneNumber], [a].[PhoneNumberConfirmed], [a].[ProfileImageUrl], [a].[RefreshToken], [a].[RefreshTokenExpiry], [a].[SecurityStamp], [a].[TwoFactorEnabled], [a].[UpdatedAt], [a].[UserName]
FROM [AspNetUsers] AS [a]
WHERE [a].[Id] = @p
2026-03-30 15:43:53.856 +05:30 [INF] Executing OkObjectResult, writing value of type '<>f__AnonymousType2`3[[System.Boolean, System.Private.CoreLib, Version=10.0.0.0, Culture=neutral, PublicKeyToken=7cec85d7bea7798e],[System.String, System.Private.CoreLib, Version=10.0.0.0, Culture=neutral, PublicKeyToken=7cec85d7bea7798e],[System.String, System.Private.CoreLib, Version=10.0.0.0, Culture=neutral, PublicKeyToken=7cec85d7bea7798e]]'.
2026-03-30 15:43:53.861 +05:30 [INF] Executed action UserService.API.Controllers.AuthController.SendOtp (UserService.API) in 60.7547ms
2026-03-30 15:43:53.866 +05:30 [INF] Executed endpoint 'UserService.API.Controllers.AuthController.SendOtp (UserService.API)'
2026-03-30 15:43:53.869 +05:30 [INF] HTTP POST /api/v1/auth/send-otp responded 200 in 80.9797 ms
2026-03-30 15:43:53.873 +05:30 [INF] Request finished HTTP/1.1 POST http://localhost:5010/api/v1/auth/send-otp - 200 null application/json; charset=utf-8 101.597ms
2026-03-30 15:44:47.320 +05:30 [INF] Request starting HTTP/1.1 POST http://localhost:5010/api/v1/auth/verify-otp - application/json 103
2026-03-30 15:44:47.329 +05:30 [INF] CORS policy execution successful.
2026-03-30 15:44:47.335 +05:30 [INF] Executing endpoint 'UserService.API.Controllers.AuthController.VerifyOtp (UserService.API)'
2026-03-30 15:44:47.344 +05:30 [INF] Route matched with {action = "VerifyOtp", controller = "Auth"}. Executing controller action with signature System.Threading.Tasks.Task`1[Microsoft.AspNetCore.Mvc.IActionResult] VerifyOtp(UserService.Application.DTOs.VerifyOtpDto) on controller UserService.API.Controllers.AuthController (UserService.API).
2026-03-30 15:44:47.352 +05:30 [INF] Executing BadRequestObjectResult, writing value of type '<>f__AnonymousType1`2[[System.Boolean, System.Private.CoreLib, Version=10.0.0.0, Culture=neutral, PublicKeyToken=7cec85d7bea7798e],[System.String, System.Private.CoreLib, Version=10.0.0.0, Culture=neutral, PublicKeyToken=7cec85d7bea7798e]]'.
2026-03-30 15:44:47.366 +05:30 [INF] Executed action UserService.API.Controllers.AuthController.VerifyOtp (UserService.API) in 15.5218ms
2026-03-30 15:44:47.381 +05:30 [INF] Executed endpoint 'UserService.API.Controllers.AuthController.VerifyOtp (UserService.API)'
2026-03-30 15:44:47.385 +05:30 [INF] HTTP POST /api/v1/auth/verify-otp responded 400 in 50.5617 ms
2026-03-30 15:44:47.393 +05:30 [INF] Request finished HTTP/1.1 POST http://localhost:5010/api/v1/auth/verify-otp - 400 null application/json; charset=utf-8 73.6517ms
2026-03-30 15:52:12.471 +05:30 [INF] Request starting HTTP/1.1 POST http://localhost:5010/api/v1/auth/send-otp - application/json 94
2026-03-30 15:52:12.520 +05:30 [INF] CORS policy execution successful.
2026-03-30 15:52:12.566 +05:30 [INF] Executing endpoint 'UserService.API.Controllers.AuthController.SendOtp (UserService.API)'
2026-03-30 15:52:12.582 +05:30 [INF] Route matched with {action = "SendOtp", controller = "Auth"}. Executing controller action with signature System.Threading.Tasks.Task`1[Microsoft.AspNetCore.Mvc.IActionResult] SendOtp(UserService.Application.DTOs.SendOtpDto) on controller UserService.API.Controllers.AuthController (UserService.API).
2026-03-30 15:52:13.392 +05:30 [INF] Executed DbCommand (129ms) [Parameters=[@p='?' (Size = 450)], CommandType='"Text"', CommandTimeout='30']
SELECT TOP(1) [a].[Id], [a].[AccessFailedCount], [a].[ConcurrencyStamp], [a].[CreatedAt], [a].[Email], [a].[EmailConfirmed], [a].[FirstName], [a].[IsActive], [a].[IsMfaEnabled], [a].[LastName], [a].[LockoutEnabled], [a].[LockoutEnd], [a].[NormalizedEmail], [a].[NormalizedUserName], [a].[PasswordHash], [a].[PhoneNumber], [a].[PhoneNumberConfirmed], [a].[ProfileImageUrl], [a].[RefreshToken], [a].[RefreshTokenExpiry], [a].[SecurityStamp], [a].[TwoFactorEnabled], [a].[UpdatedAt], [a].[UserName]
FROM [AspNetUsers] AS [a]
WHERE [a].[Id] = @p
2026-03-30 15:52:15.332 +05:30 [INF] Executing OkObjectResult, writing value of type '<>f__AnonymousType2`3[[System.Boolean, System.Private.CoreLib, Version=10.0.0.0, Culture=neutral, PublicKeyToken=7cec85d7bea7798e],[System.String, System.Private.CoreLib, Version=10.0.0.0, Culture=neutral, PublicKeyToken=7cec85d7bea7798e],[System.String, System.Private.CoreLib, Version=10.0.0.0, Culture=neutral, PublicKeyToken=7cec85d7bea7798e]]'.
2026-03-30 15:52:15.341 +05:30 [INF] Executed action UserService.API.Controllers.AuthController.SendOtp (UserService.API) in 2749.9014ms
2026-03-30 15:52:15.346 +05:30 [INF] Executed endpoint 'UserService.API.Controllers.AuthController.SendOtp (UserService.API)'
2026-03-30 15:52:15.349 +05:30 [INF] HTTP POST /api/v1/auth/send-otp responded 200 in 2824.0860 ms
2026-03-30 15:52:15.354 +05:30 [INF] Request finished HTTP/1.1 POST http://localhost:5010/api/v1/auth/send-otp - 200 null application/json; charset=utf-8 2885.8268ms
2026-03-30 15:52:54.128 +05:30 [INF] Request starting HTTP/1.1 POST http://localhost:5010/api/v1/auth/verify-otp - application/json 97
2026-03-30 15:52:54.138 +05:30 [INF] CORS policy execution successful.
2026-03-30 15:52:54.142 +05:30 [INF] Executing endpoint 'UserService.API.Controllers.AuthController.VerifyOtp (UserService.API)'
2026-03-30 15:52:54.146 +05:30 [INF] Route matched with {action = "VerifyOtp", controller = "Auth"}. Executing controller action with signature System.Threading.Tasks.Task`1[Microsoft.AspNetCore.Mvc.IActionResult] VerifyOtp(UserService.Application.DTOs.VerifyOtpDto) on controller UserService.API.Controllers.AuthController (UserService.API).
2026-03-30 15:52:54.153 +05:30 [INF] Executing BadRequestObjectResult, writing value of type '<>f__AnonymousType1`2[[System.Boolean, System.Private.CoreLib, Version=10.0.0.0, Culture=neutral, PublicKeyToken=7cec85d7bea7798e],[System.String, System.Private.CoreLib, Version=10.0.0.0, Culture=neutral, PublicKeyToken=7cec85d7bea7798e]]'.
2026-03-30 15:52:54.163 +05:30 [INF] Executed action UserService.API.Controllers.AuthController.VerifyOtp (UserService.API) in 10.8589ms
2026-03-30 15:52:54.170 +05:30 [INF] Executed endpoint 'UserService.API.Controllers.AuthController.VerifyOtp (UserService.API)'
2026-03-30 15:52:54.176 +05:30 [INF] HTTP POST /api/v1/auth/verify-otp responded 400 in 35.5218 ms
2026-03-30 15:52:54.186 +05:30 [INF] Request finished HTTP/1.1 POST http://localhost:5010/api/v1/auth/verify-otp - 400 null application/json; charset=utf-8 57.7563ms
2026-03-30 15:54:48.948 +05:30 [INF] Request starting HTTP/1.1 POST http://localhost:5010/api/v1/auth/send-otp - application/json 96
2026-03-30 15:54:48.961 +05:30 [INF] CORS policy execution successful.
2026-03-30 15:54:48.967 +05:30 [INF] Executing endpoint 'UserService.API.Controllers.AuthController.SendOtp (UserService.API)'
2026-03-30 15:54:48.978 +05:30 [INF] Route matched with {action = "SendOtp", controller = "Auth"}. Executing controller action with signature System.Threading.Tasks.Task`1[Microsoft.AspNetCore.Mvc.IActionResult] SendOtp(UserService.Application.DTOs.SendOtpDto) on controller UserService.API.Controllers.AuthController (UserService.API).
2026-03-30 15:54:49.025 +05:30 [INF] Executed DbCommand (27ms) [Parameters=[@p='?' (Size = 450)], CommandType='"Text"', CommandTimeout='30']
SELECT TOP(1) [a].[Id], [a].[AccessFailedCount], [a].[ConcurrencyStamp], [a].[CreatedAt], [a].[Email], [a].[EmailConfirmed], [a].[FirstName], [a].[IsActive], [a].[IsMfaEnabled], [a].[LastName], [a].[LockoutEnabled], [a].[LockoutEnd], [a].[NormalizedEmail], [a].[NormalizedUserName], [a].[PasswordHash], [a].[PhoneNumber], [a].[PhoneNumberConfirmed], [a].[ProfileImageUrl], [a].[RefreshToken], [a].[RefreshTokenExpiry], [a].[SecurityStamp], [a].[TwoFactorEnabled], [a].[UpdatedAt], [a].[UserName]
FROM [AspNetUsers] AS [a]
WHERE [a].[Id] = @p
2026-03-30 15:55:11.530 +05:30 [INF] Executing BadRequestObjectResult, writing value of type '<>f__AnonymousType1`2[[System.Boolean, System.Private.CoreLib, Version=10.0.0.0, Culture=neutral, PublicKeyToken=7cec85d7bea7798e],[System.String, System.Private.CoreLib, Version=10.0.0.0, Culture=neutral, PublicKeyToken=7cec85d7bea7798e]]'.
2026-03-30 15:55:11.539 +05:30 [INF] Executed action UserService.API.Controllers.AuthController.SendOtp (UserService.API) in 22551.7028ms
2026-03-30 15:55:11.554 +05:30 [INF] Executed endpoint 'UserService.API.Controllers.AuthController.SendOtp (UserService.API)'
2026-03-30 15:55:11.560 +05:30 [INF] HTTP POST /api/v1/auth/send-otp responded 400 in 22594.6230 ms
2026-03-30 15:55:11.566 +05:30 [INF] Request finished HTTP/1.1 POST http://localhost:5010/api/v1/auth/send-otp - 400 null application/json; charset=utf-8 22617.6082ms
2026-03-30 16:02:35.797 +05:30 [INF] Executed DbCommand (11,212ms) [Parameters=[@normalizedName='?' (Size = 256)], CommandType='"Text"', CommandTimeout='30']
SELECT TOP(1) [a].[Id], [a].[ConcurrencyStamp], [a].[Name], [a].[NormalizedName]
FROM [AspNetRoles] AS [a]
WHERE [a].[NormalizedName] = @normalizedName
2026-03-30 16:02:36.212 +05:30 [INF] Executed DbCommand (6ms) [Parameters=[@normalizedName='?' (Size = 256)], CommandType='"Text"', CommandTimeout='30']
SELECT TOP(1) [a].[Id], [a].[ConcurrencyStamp], [a].[Name], [a].[NormalizedName]
FROM [AspNetRoles] AS [a]
WHERE [a].[NormalizedName] = @normalizedName
2026-03-30 16:02:36.224 +05:30 [INF] Executed DbCommand (1ms) [Parameters=[@normalizedName='?' (Size = 256)], CommandType='"Text"', CommandTimeout='30']
SELECT TOP(1) [a].[Id], [a].[ConcurrencyStamp], [a].[Name], [a].[NormalizedName]
FROM [AspNetRoles] AS [a]
WHERE [a].[NormalizedName] = @normalizedName
2026-03-30 16:02:36.791 +05:30 [INF] Executed DbCommand (13ms) [Parameters=[], CommandType='"Text"', CommandTimeout='30']
SELECT 1
2026-03-30 16:02:36.814 +05:30 [INF] Acquiring an exclusive lock for migration application. See https://aka.ms/efcore-docs-migrations-lock for more information if this takes too long.
2026-03-30 16:02:36.888 +05:30 [INF] Executed DbCommand (64ms) [Parameters=[], CommandType='"Text"', CommandTimeout='30']
DECLARE @result int;
EXEC @result = sp_getapplock @Resource = '__EFMigrationsLock', @LockOwner = 'Session', @LockMode = 'Exclusive';
SELECT @result
2026-03-30 16:02:37.125 +05:30 [INF] Executed DbCommand (12ms) [Parameters=[], CommandType='"Text"', CommandTimeout='30']
IF OBJECT_ID(N'[__EFMigrationsHistory]') IS NULL
BEGIN
    CREATE TABLE [__EFMigrationsHistory] (
        [MigrationId] nvarchar(150) NOT NULL,
        [ProductVersion] nvarchar(32) NOT NULL,
        CONSTRAINT [PK___EFMigrationsHistory] PRIMARY KEY ([MigrationId])
    );
END;
2026-03-30 16:02:37.155 +05:30 [INF] Executed DbCommand (1ms) [Parameters=[], CommandType='"Text"', CommandTimeout='30']
SELECT 1
2026-03-30 16:02:37.166 +05:30 [INF] Executed DbCommand (2ms) [Parameters=[], CommandType='"Text"', CommandTimeout='30']
SELECT OBJECT_ID(N'[__EFMigrationsHistory]');
2026-03-30 16:02:37.187 +05:30 [INF] Executed DbCommand (7ms) [Parameters=[], CommandType='"Text"', CommandTimeout='30']
SELECT [MigrationId], [ProductVersion]
FROM [__EFMigrationsHistory]
ORDER BY [MigrationId];
2026-03-30 16:02:37.210 +05:30 [INF] No migrations were applied. The database is already up to date.
2026-03-30 16:02:37.221 +05:30 [INF] Executed DbCommand (6ms) [Parameters=[], CommandType='"Text"', CommandTimeout='30']
DECLARE @result int;
EXEC @result = sp_releaseapplock @Resource = '__EFMigrationsLock', @LockOwner = 'Session';
SELECT @result
2026-03-30 16:02:37.647 +05:30 [INF] User profile is available. Using 'C:\Users\Satvik\AppData\Local\ASP.NET\DataProtection-Keys' as key repository and Windows DPAPI to encrypt keys at rest.
2026-03-30 16:02:37.954 +05:30 [WRN] The WebRootPath was not found: C:\Users\Satvik\Downloads\MicroservicesAssesment\MicroservicesAssesment\Services\UserService\UserService.API\wwwroot. Static files may be unavailable.
2026-03-30 16:02:38.421 +05:30 [INF] Now listening on: https://localhost:5011
2026-03-30 16:02:38.425 +05:30 [INF] Now listening on: http://localhost:5010
2026-03-30 16:02:38.741 +05:30 [INF] Application started. Press Ctrl+C to shut down.
2026-03-30 16:02:38.746 +05:30 [INF] Hosting environment: Development
2026-03-30 16:02:38.753 +05:30 [INF] Content root path: C:\Users\Satvik\Downloads\MicroservicesAssesment\MicroservicesAssesment\Services\UserService\UserService.API
2026-03-30 16:02:39.462 +05:30 [INF] Request starting HTTP/2 GET https://localhost:5011/ - null null
2026-03-30 16:02:40.167 +05:30 [INF] HTTP GET / responded 404 in 245.2018 ms
2026-03-30 16:02:40.196 +05:30 [INF] Request finished HTTP/2 GET https://localhost:5011/ - 404 null null 756.1713ms
2026-03-30 16:02:40.222 +05:30 [INF] Request reached the end of the middleware pipeline without being handled by application code. Request path: GET https://localhost:5011/, Response status code: 404
2026-03-30 16:04:01.967 +05:30 [INF] Request starting HTTP/1.1 GET http://localhost:5010/ - null null
2026-03-30 16:04:02.020 +05:30 [INF] HTTP GET / responded 404 in 5.0731 ms
2026-03-30 16:04:02.069 +05:30 [INF] Request finished HTTP/1.1 GET http://localhost:5010/ - 404 null null 102.6466ms
2026-03-30 16:04:02.082 +05:30 [INF] Request reached the end of the middleware pipeline without being handled by application code. Request path: GET http://localhost:5010/, Response status code: 404
2026-03-30 16:04:19.277 +05:30 [INF] Request starting HTTP/1.1 POST http://localhost:5010/api/v1/auth/send-otp - application/json 94
2026-03-30 16:04:19.302 +05:30 [INF] CORS policy execution successful.
2026-03-30 16:04:19.599 +05:30 [INF] Executing endpoint 'UserService.API.Controllers.AuthController.SendOtp (UserService.API)'
2026-03-30 16:04:19.675 +05:30 [INF] Route matched with {action = "SendOtp", controller = "Auth"}. Executing controller action with signature System.Threading.Tasks.Task`1[Microsoft.AspNetCore.Mvc.IActionResult] SendOtp(UserService.Application.DTOs.SendOtpDto) on controller UserService.API.Controllers.AuthController (UserService.API).
2026-03-30 16:04:20.147 +05:30 [INF] Executed DbCommand (53ms) [Parameters=[@p='?' (Size = 450)], CommandType='"Text"', CommandTimeout='30']
SELECT TOP(1) [a].[Id], [a].[AccessFailedCount], [a].[ConcurrencyStamp], [a].[CreatedAt], [a].[Email], [a].[EmailConfirmed], [a].[FirstName], [a].[IsActive], [a].[IsMfaEnabled], [a].[LastName], [a].[LockoutEnabled], [a].[LockoutEnd], [a].[NormalizedEmail], [a].[NormalizedUserName], [a].[PasswordHash], [a].[PhoneNumber], [a].[PhoneNumberConfirmed], [a].[ProfileImageUrl], [a].[RefreshToken], [a].[RefreshTokenExpiry], [a].[SecurityStamp], [a].[TwoFactorEnabled], [a].[UpdatedAt], [a].[UserName]
FROM [AspNetUsers] AS [a]
WHERE [a].[Id] = @p
2026-03-30 16:04:32.399 +05:30 [INF] Executing BadRequestObjectResult, writing value of type '<>f__AnonymousType1`2[[System.Boolean, System.Private.CoreLib, Version=10.0.0.0, Culture=neutral, PublicKeyToken=7cec85d7bea7798e],[System.String, System.Private.CoreLib, Version=10.0.0.0, Culture=neutral, PublicKeyToken=7cec85d7bea7798e]]'.
2026-03-30 16:04:32.453 +05:30 [INF] Executed action UserService.API.Controllers.AuthController.SendOtp (UserService.API) in 12757.5677ms
2026-03-30 16:04:32.461 +05:30 [INF] Executed endpoint 'UserService.API.Controllers.AuthController.SendOtp (UserService.API)'
2026-03-30 16:04:32.474 +05:30 [INF] HTTP POST /api/v1/auth/send-otp responded 400 in 13162.3015 ms
2026-03-30 16:04:32.497 +05:30 [INF] Request finished HTTP/1.1 POST http://localhost:5010/api/v1/auth/send-otp - 400 null application/json; charset=utf-8 13219.5686ms
2026-03-30 16:04:58.321 +05:30 [INF] Request starting HTTP/1.1 GET http://localhost:5010/ - null null
2026-03-30 16:04:58.355 +05:30 [INF] HTTP GET / responded 404 in 0.5915 ms
2026-03-30 16:04:58.366 +05:30 [INF] Request finished HTTP/1.1 GET http://localhost:5010/ - 404 null null 44.9397ms
2026-03-30 16:04:58.380 +05:30 [INF] Request reached the end of the middleware pipeline without being handled by application code. Request path: GET http://localhost:5010/, Response status code: 404
2026-03-30 16:05:02.569 +05:30 [INF] Request starting HTTP/1.1 GET http://localhost:5010/swagger/index.html - null null
2026-03-30 16:05:02.795 +05:30 [INF] HTTP GET /swagger/index.html responded 304 in 205.5522 ms
2026-03-30 16:05:02.800 +05:30 [INF] Request finished HTTP/1.1 GET http://localhost:5010/swagger/index.html - 304 null null 231.3722ms
2026-03-30 16:05:02.868 +05:30 [INF] Request starting HTTP/1.1 GET http://localhost:5010/swagger/swagger-ui.css - null null
2026-03-30 16:05:02.884 +05:30 [INF] Request starting HTTP/1.1 GET http://localhost:5010/swagger/index.css - null null
2026-03-30 16:05:02.931 +05:30 [INF] Request starting HTTP/1.1 GET http://localhost:5010/_framework/aspnetcore-browser-refresh.js - null null
2026-03-30 16:05:02.915 +05:30 [INF] Request starting HTTP/1.1 GET http://localhost:5010/swagger/swagger-ui-bundle.js - null null
2026-03-30 16:05:02.982 +05:30 [INF] HTTP GET /swagger/swagger-ui.css responded 304 in 30.7605 ms
2026-03-30 16:05:02.982 +05:30 [INF] HTTP GET /swagger/index.css responded 304 in 22.7106 ms
2026-03-30 16:05:02.992 +05:30 [INF] Request finished HTTP/1.1 GET http://localhost:5010/_framework/aspnetcore-browser-refresh.js - 200 14935 application/javascript; charset=utf-8 73.2394ms
2026-03-30 16:05:02.934 +05:30 [INF] Request starting HTTP/1.1 GET http://localhost:5010/swagger/swagger-ui-standalone-preset.js - null null
2026-03-30 16:05:02.948 +05:30 [INF] Request starting HTTP/1.1 GET http://localhost:5010/swagger/index.js - null null
2026-03-30 16:05:03.016 +05:30 [INF] Request finished HTTP/1.1 GET http://localhost:5010/swagger/swagger-ui.css - 304 null null 147.6542ms
2026-03-30 16:05:03.022 +05:30 [INF] Request finished HTTP/1.1 GET http://localhost:5010/swagger/index.css - 304 null null 138.2106ms
2026-03-30 16:05:03.028 +05:30 [INF] HTTP GET /swagger/swagger-ui-bundle.js responded 304 in 21.9600 ms
2026-03-30 16:05:03.052 +05:30 [INF] HTTP GET /swagger/swagger-ui-standalone-preset.js responded 304 in 10.4093 ms
2026-03-30 16:05:03.063 +05:30 [INF] HTTP GET /swagger/index.js responded 304 in 5.1202 ms
2026-03-30 16:05:03.073 +05:30 [INF] Request starting HTTP/1.1 GET http://localhost:5010/_vs/browserLink - null null
2026-03-30 16:05:03.089 +05:30 [INF] Request finished HTTP/1.1 GET http://localhost:5010/swagger/swagger-ui-bundle.js - 304 null null 173.9289ms
2026-03-30 16:05:03.095 +05:30 [INF] Request finished HTTP/1.1 GET http://localhost:5010/swagger/swagger-ui-standalone-preset.js - 304 null null 161.1863ms
2026-03-30 16:05:03.102 +05:30 [INF] Request finished HTTP/1.1 GET http://localhost:5010/swagger/index.js - 304 null null 154.2073ms
2026-03-30 16:05:03.226 +05:30 [INF] Request finished HTTP/1.1 GET http://localhost:5010/_vs/browserLink - 200 null text/javascript; charset=UTF-8 152.7282ms
2026-03-30 16:05:03.469 +05:30 [INF] Request starting HTTP/1.1 GET http://localhost:5010/swagger/v1/swagger.json - null null
2026-03-30 16:05:03.529 +05:30 [INF] HTTP GET /swagger/v1/swagger.json responded 200 in 48.5683 ms
2026-03-30 16:05:03.536 +05:30 [INF] Request finished HTTP/1.1 GET http://localhost:5010/swagger/v1/swagger.json - 200 null application/json;charset=utf-8 67.5941ms
2026-03-30 16:05:47.796 +05:30 [INF] Request starting HTTP/1.1 POST http://localhost:5010/api/v1/auth/login - application/json 72
2026-03-30 16:05:47.806 +05:30 [INF] CORS policy execution successful.
2026-03-30 16:05:47.809 +05:30 [INF] Executing endpoint 'UserService.API.Controllers.AuthController.Login (UserService.API)'
2026-03-30 16:05:47.837 +05:30 [INF] Route matched with {action = "Login", controller = "Auth"}. Executing controller action with signature System.Threading.Tasks.Task`1[Microsoft.AspNetCore.Mvc.IActionResult] Login(UserService.Application.DTOs.LoginDto) on controller UserService.API.Controllers.AuthController (UserService.API).
2026-03-30 16:05:48.002 +05:30 [INF] Executed DbCommand (24ms) [Parameters=[@normalizedEmail='?' (Size = 256)], CommandType='"Text"', CommandTimeout='30']
SELECT TOP(2) [a].[Id], [a].[AccessFailedCount], [a].[ConcurrencyStamp], [a].[CreatedAt], [a].[Email], [a].[EmailConfirmed], [a].[FirstName], [a].[IsActive], [a].[IsMfaEnabled], [a].[LastName], [a].[LockoutEnabled], [a].[LockoutEnd], [a].[NormalizedEmail], [a].[NormalizedUserName], [a].[PasswordHash], [a].[PhoneNumber], [a].[PhoneNumberConfirmed], [a].[ProfileImageUrl], [a].[RefreshToken], [a].[RefreshTokenExpiry], [a].[SecurityStamp], [a].[TwoFactorEnabled], [a].[UpdatedAt], [a].[UserName]
FROM [AspNetUsers] AS [a]
WHERE [a].[NormalizedEmail] = @normalizedEmail
2026-03-30 16:05:48.202 +05:30 [INF] Executing UnauthorizedObjectResult, writing value of type '<>f__AnonymousType1`2[[System.Boolean, System.Private.CoreLib, Version=10.0.0.0, Culture=neutral, PublicKeyToken=7cec85d7bea7798e],[System.String, System.Private.CoreLib, Version=10.0.0.0, Culture=neutral, PublicKeyToken=7cec85d7bea7798e]]'.
2026-03-30 16:05:48.206 +05:30 [INF] Executed action UserService.API.Controllers.AuthController.Login (UserService.API) in 363.3222ms
2026-03-30 16:05:48.211 +05:30 [INF] Executed endpoint 'UserService.API.Controllers.AuthController.Login (UserService.API)'
2026-03-30 16:05:48.214 +05:30 [INF] HTTP POST /api/v1/auth/login responded 401 in 404.7373 ms
2026-03-30 16:05:48.219 +05:30 [INF] Request finished HTTP/1.1 POST http://localhost:5010/api/v1/auth/login - 401 null application/json; charset=utf-8 423.2549ms
2026-03-30 16:06:11.082 +05:30 [INF] Request starting HTTP/1.1 POST http://localhost:5010/api/v1/auth/login - application/json 72
2026-03-30 16:06:11.095 +05:30 [INF] CORS policy execution successful.
2026-03-30 16:06:11.099 +05:30 [INF] Executing endpoint 'UserService.API.Controllers.AuthController.Login (UserService.API)'
2026-03-30 16:06:11.105 +05:30 [INF] Route matched with {action = "Login", controller = "Auth"}. Executing controller action with signature System.Threading.Tasks.Task`1[Microsoft.AspNetCore.Mvc.IActionResult] Login(UserService.Application.DTOs.LoginDto) on controller UserService.API.Controllers.AuthController (UserService.API).
2026-03-30 16:06:11.206 +05:30 [INF] Executed DbCommand (8ms) [Parameters=[@normalizedEmail='?' (Size = 256)], CommandType='"Text"', CommandTimeout='30']
SELECT TOP(2) [a].[Id], [a].[AccessFailedCount], [a].[ConcurrencyStamp], [a].[CreatedAt], [a].[Email], [a].[EmailConfirmed], [a].[FirstName], [a].[IsActive], [a].[IsMfaEnabled], [a].[LastName], [a].[LockoutEnabled], [a].[LockoutEnd], [a].[NormalizedEmail], [a].[NormalizedUserName], [a].[PasswordHash], [a].[PhoneNumber], [a].[PhoneNumberConfirmed], [a].[ProfileImageUrl], [a].[RefreshToken], [a].[RefreshTokenExpiry], [a].[SecurityStamp], [a].[TwoFactorEnabled], [a].[UpdatedAt], [a].[UserName]
FROM [AspNetUsers] AS [a]
WHERE [a].[NormalizedEmail] = @normalizedEmail
2026-03-30 16:06:11.581 +05:30 [INF] Executed DbCommand (22ms) [Parameters=[@userId='?' (Size = 450)], CommandType='"Text"', CommandTimeout='30']
SELECT [a0].[Name]
FROM [AspNetUserRoles] AS [a]
INNER JOIN [AspNetRoles] AS [a0] ON [a].[RoleId] = [a0].[Id]
WHERE [a].[UserId] = @userId
2026-03-30 16:06:11.673 +05:30 [INF] Executed DbCommand (11ms) [Parameters=[@normalizedUserName='?' (Size = 256)], CommandType='"Text"', CommandTimeout='30']
SELECT TOP(1) [a].[Id], [a].[AccessFailedCount], [a].[ConcurrencyStamp], [a].[CreatedAt], [a].[Email], [a].[EmailConfirmed], [a].[FirstName], [a].[IsActive], [a].[IsMfaEnabled], [a].[LastName], [a].[LockoutEnabled], [a].[LockoutEnd], [a].[NormalizedEmail], [a].[NormalizedUserName], [a].[PasswordHash], [a].[PhoneNumber], [a].[PhoneNumberConfirmed], [a].[ProfileImageUrl], [a].[RefreshToken], [a].[RefreshTokenExpiry], [a].[SecurityStamp], [a].[TwoFactorEnabled], [a].[UpdatedAt], [a].[UserName]
FROM [AspNetUsers] AS [a]
WHERE [a].[NormalizedUserName] = @normalizedUserName
2026-03-30 16:06:11.733 +05:30 [INF] Executed DbCommand (19ms) [Parameters=[@normalizedEmail='?' (Size = 256)], CommandType='"Text"', CommandTimeout='30']
SELECT TOP(2) [a].[Id], [a].[AccessFailedCount], [a].[ConcurrencyStamp], [a].[CreatedAt], [a].[Email], [a].[EmailConfirmed], [a].[FirstName], [a].[IsActive], [a].[IsMfaEnabled], [a].[LastName], [a].[LockoutEnabled], [a].[LockoutEnd], [a].[NormalizedEmail], [a].[NormalizedUserName], [a].[PasswordHash], [a].[PhoneNumber], [a].[PhoneNumberConfirmed], [a].[ProfileImageUrl], [a].[RefreshToken], [a].[RefreshTokenExpiry], [a].[SecurityStamp], [a].[TwoFactorEnabled], [a].[UpdatedAt], [a].[UserName]
FROM [AspNetUsers] AS [a]
WHERE [a].[NormalizedEmail] = @normalizedEmail
2026-03-30 16:06:12.172 +05:30 [INF] Executed DbCommand (84ms) [Parameters=[@p23='?' (Size = 450), @p0='?' (DbType = Int32), @p1='?' (Size = 4000), @p24='?' (Size = 4000), @p2='?' (DbType = DateTime2), @p3='?' (Size = 256), @p4='?' (DbType = Boolean), @p5='?' (Size = 50), @p6='?' (DbType = Boolean), @p7='?' (DbType = Boolean), @p8='?' (Size = 50), @p9='?' (DbType = Boolean), @p10='?' (DbType = DateTimeOffset), @p11='?' (Size = 256), @p12='?' (Size = 256), @p13='?' (Size = 4000), @p14='?' (Size = 4000), @p15='?' (DbType = Boolean), @p16='?' (Size = 4000), @p17='?' (Size = 4000), @p18='?' (DbType = DateTime2), @p19='?' (Size = 4000), @p20='?' (DbType = Boolean), @p21='?' (DbType = DateTime2), @p22='?' (Size = 256)], CommandType='"Text"', CommandTimeout='30']
SET IMPLICIT_TRANSACTIONS OFF;
SET NOCOUNT ON;
UPDATE [AspNetUsers] SET [AccessFailedCount] = @p0, [ConcurrencyStamp] = @p1, [CreatedAt] = @p2, [Email] = @p3, [EmailConfirmed] = @p4, [FirstName] = @p5, [IsActive] = @p6, [IsMfaEnabled] = @p7, [LastName] = @p8, [LockoutEnabled] = @p9, [LockoutEnd] = @p10, [NormalizedEmail] = @p11, [NormalizedUserName] = @p12, [PasswordHash] = @p13, [PhoneNumber] = @p14, [PhoneNumberConfirmed] = @p15, [ProfileImageUrl] = @p16, [RefreshToken] = @p17, [RefreshTokenExpiry] = @p18, [SecurityStamp] = @p19, [TwoFactorEnabled] = @p20, [UpdatedAt] = @p21, [UserName] = @p22
OUTPUT 1
WHERE [Id] = @p23 AND [ConcurrencyStamp] = @p24;
2026-03-30 16:06:12.213 +05:30 [INF] Executing OkObjectResult, writing value of type '<>f__AnonymousType0`2[[System.Boolean, System.Private.CoreLib, Version=10.0.0.0, Culture=neutral, PublicKeyToken=7cec85d7bea7798e],[UserService.Application.DTOs.TokenResponseDto, UserService.Application, Version=1.0.0.0, Culture=neutral, PublicKeyToken=null]]'.
2026-03-30 16:06:12.239 +05:30 [INF] Executed action UserService.API.Controllers.AuthController.Login (UserService.API) in 1118.4596ms
2026-03-30 16:06:12.243 +05:30 [INF] Executed endpoint 'UserService.API.Controllers.AuthController.Login (UserService.API)'
2026-03-30 16:06:12.246 +05:30 [INF] HTTP POST /api/v1/auth/login responded 200 in 1146.9839 ms
2026-03-30 16:06:12.251 +05:30 [INF] Request finished HTTP/1.1 POST http://localhost:5010/api/v1/auth/login - 200 null application/json; charset=utf-8 1168.366ms
2026-03-30 16:06:41.251 +05:30 [INF] Request starting HTTP/1.1 POST http://localhost:5010/api/v1/auth/send-otp - application/json 94
2026-03-30 16:06:41.283 +05:30 [INF] CORS policy execution successful.
2026-03-30 16:06:41.295 +05:30 [INF] Authorization failed. These requirements were not met:
DenyAnonymousAuthorizationRequirement: Requires an authenticated user.
2026-03-30 16:06:41.315 +05:30 [INF] AuthenticationScheme: Bearer was challenged.
2026-03-30 16:06:41.322 +05:30 [INF] HTTP POST /api/v1/auth/send-otp responded 401 in 35.0402 ms
2026-03-30 16:06:41.332 +05:30 [INF] Request finished HTTP/1.1 POST http://localhost:5010/api/v1/auth/send-otp - 401 0 null 82.555ms
2026-03-30 16:07:30.088 +05:30 [INF] Request starting HTTP/1.1 POST http://localhost:5010/api/v1/auth/send-otp - application/json 94
2026-03-30 16:07:30.100 +05:30 [INF] CORS policy execution successful.
2026-03-30 16:07:30.136 +05:30 [INF] Failed to validate the token.
Microsoft.IdentityModel.Tokens.SecurityTokenSignatureKeyNotFoundException: IDX10517: Signature validation failed. The token's kid is missing. Keys tried: 'Microsoft.IdentityModel.Tokens.SymmetricSecurityKey, KeyId: '', InternalId: '_8baCqeTu3OmEX6RE-NqGW6_LGya5Htjzz-S9sKCJWU'. , KeyId: \r\n'.
Number of keys in TokenValidationParameters: '1'. 
Number of keys in Configuration: '0'.
Exceptions caught:
 '[PII of type 'System.Text.StringBuilder' is hidden. For more details, see https://aka.ms/IdentityModel/PII.]'.
token: '[PII of type 'Microsoft.IdentityModel.JsonWebTokens.JsonWebToken' is hidden. For more details, see https://aka.ms/IdentityModel/PII.]'. See https://aka.ms/IDX10503 for details.
   at Microsoft.IdentityModel.JsonWebTokens.JsonWebTokenHandler.ValidateSignature(JsonWebToken jwtToken, TokenValidationParameters validationParameters, BaseConfiguration configuration)
   at Microsoft.IdentityModel.JsonWebTokens.JsonWebTokenHandler.ValidateSignatureAndIssuerSecurityKey(JsonWebToken jsonWebToken, TokenValidationParameters validationParameters, BaseConfiguration configuration)
   at Microsoft.IdentityModel.JsonWebTokens.JsonWebTokenHandler.ValidateJWSAsync(JsonWebToken jsonWebToken, TokenValidationParameters validationParameters, BaseConfiguration configuration)
2026-03-30 16:07:30.166 +05:30 [INF] Bearer was not authenticated. Failure message: IDX10517: Signature validation failed. The token's kid is missing. Keys tried: 'Microsoft.IdentityModel.Tokens.SymmetricSecurityKey, KeyId: '', InternalId: '_8baCqeTu3OmEX6RE-NqGW6_LGya5Htjzz-S9sKCJWU'. , KeyId: \r\n'.
Number of keys in TokenValidationParameters: '1'. 
Number of keys in Configuration: '0'.
Exceptions caught:
 '[PII of type 'System.Text.StringBuilder' is hidden. For more details, see https://aka.ms/IdentityModel/PII.]'.
token: '[PII of type 'Microsoft.IdentityModel.JsonWebTokens.JsonWebToken' is hidden. For more details, see https://aka.ms/IdentityModel/PII.]'. See https://aka.ms/IDX10503 for details.
2026-03-30 16:07:30.175 +05:30 [INF] Authorization failed. These requirements were not met:
DenyAnonymousAuthorizationRequirement: Requires an authenticated user.
2026-03-30 16:07:30.183 +05:30 [INF] AuthenticationScheme: Bearer was challenged.
2026-03-30 16:07:30.189 +05:30 [INF] HTTP POST /api/v1/auth/send-otp responded 401 in 85.4696 ms
2026-03-30 16:07:30.196 +05:30 [INF] Request finished HTTP/1.1 POST http://localhost:5010/api/v1/auth/send-otp - 401 0 null 109.6333ms
2026-03-30 16:10:10.576 +05:30 [INF] Request starting HTTP/1.1 DELETE http://localhost:5010/api/v1/users/ae24b1f9-78fa-42b5-bfc7-2dc97b795484 - null null
2026-03-30 16:10:10.587 +05:30 [INF] CORS policy execution successful.
2026-03-30 16:10:10.593 +05:30 [INF] Failed to validate the token.
Microsoft.IdentityModel.Tokens.SecurityTokenSignatureKeyNotFoundException: IDX10517: Signature validation failed. The token's kid is missing. Keys tried: 'Microsoft.IdentityModel.Tokens.SymmetricSecurityKey, KeyId: '', InternalId: '_8baCqeTu3OmEX6RE-NqGW6_LGya5Htjzz-S9sKCJWU'. , KeyId: \r\n'.
Number of keys in TokenValidationParameters: '1'. 
Number of keys in Configuration: '0'.
Exceptions caught:
 '[PII of type 'System.Text.StringBuilder' is hidden. For more details, see https://aka.ms/IdentityModel/PII.]'.
token: '[PII of type 'Microsoft.IdentityModel.JsonWebTokens.JsonWebToken' is hidden. For more details, see https://aka.ms/IdentityModel/PII.]'. See https://aka.ms/IDX10503 for details.
   at Microsoft.IdentityModel.JsonWebTokens.JsonWebTokenHandler.ValidateSignature(JsonWebToken jwtToken, TokenValidationParameters validationParameters, BaseConfiguration configuration)
   at Microsoft.IdentityModel.JsonWebTokens.JsonWebTokenHandler.ValidateSignatureAndIssuerSecurityKey(JsonWebToken jsonWebToken, TokenValidationParameters validationParameters, BaseConfiguration configuration)
   at Microsoft.IdentityModel.JsonWebTokens.JsonWebTokenHandler.ValidateJWSAsync(JsonWebToken jsonWebToken, TokenValidationParameters validationParameters, BaseConfiguration configuration)
2026-03-30 16:10:10.603 +05:30 [INF] Bearer was not authenticated. Failure message: IDX10517: Signature validation failed. The token's kid is missing. Keys tried: 'Microsoft.IdentityModel.Tokens.SymmetricSecurityKey, KeyId: '', InternalId: '_8baCqeTu3OmEX6RE-NqGW6_LGya5Htjzz-S9sKCJWU'. , KeyId: \r\n'.
Number of keys in TokenValidationParameters: '1'. 
Number of keys in Configuration: '0'.
Exceptions caught:
 '[PII of type 'System.Text.StringBuilder' is hidden. For more details, see https://aka.ms/IdentityModel/PII.]'.
token: '[PII of type 'Microsoft.IdentityModel.JsonWebTokens.JsonWebToken' is hidden. For more details, see https://aka.ms/IdentityModel/PII.]'. See https://aka.ms/IDX10503 for details.
2026-03-30 16:10:10.612 +05:30 [INF] Authorization failed. These requirements were not met:
DenyAnonymousAuthorizationRequirement: Requires an authenticated user.
RolesAuthorizationRequirement:User.IsInRole must be true for one of the following roles: (Admin)
2026-03-30 16:10:10.615 +05:30 [INF] AuthenticationScheme: Bearer was challenged.
2026-03-30 16:10:10.619 +05:30 [INF] HTTP DELETE /api/v1/users/ae24b1f9-78fa-42b5-bfc7-2dc97b795484 responded 401 in 29.0230 ms
2026-03-30 16:10:10.625 +05:30 [INF] Request finished HTTP/1.1 DELETE http://localhost:5010/api/v1/users/ae24b1f9-78fa-42b5-bfc7-2dc97b795484 - 401 0 null 48.9088ms
