2026-03-31 00:13:14.191 +05:30 [INF] Executed DbCommand (290ms) [Parameters=[@normalizedName='?' (Size = 256)], CommandType='"Text"', CommandTimeout='30']
SELECT TOP(1) [a].[Id], [a].[ConcurrencyStamp], [a].[Name], [a].[NormalizedName]
FROM [AspNetRoles] AS [a]
WHERE [a].[NormalizedName] = @normalizedName
2026-03-31 00:13:14.617 +05:30 [INF] Executed DbCommand (13ms) [Parameters=[@normalizedName='?' (Size = 256)], CommandType='"Text"', CommandTimeout='30']
SELECT TOP(1) [a].[Id], [a].[ConcurrencyStamp], [a].[Name], [a].[NormalizedName]
FROM [AspNetRoles] AS [a]
WHERE [a].[NormalizedName] = @normalizedName
2026-03-31 00:13:14.632 +05:30 [INF] Executed DbCommand (2ms) [Parameters=[@normalizedName='?' (Size = 256)], CommandType='"Text"', CommandTimeout='30']
SELECT TOP(1) [a].[Id], [a].[ConcurrencyStamp], [a].[Name], [a].[NormalizedName]
FROM [AspNetRoles] AS [a]
WHERE [a].[NormalizedName] = @normalizedName
2026-03-31 00:13:15.373 +05:30 [INF] Executed DbCommand (10ms) [Parameters=[], CommandType='"Text"', CommandTimeout='30']
SELECT 1
2026-03-31 00:13:15.391 +05:30 [INF] Acquiring an exclusive lock for migration application. See https://aka.ms/efcore-docs-migrations-lock for more information if this takes too long.
2026-03-31 00:13:15.464 +05:30 [INF] Executed DbCommand (60ms) [Parameters=[], CommandType='"Text"', CommandTimeout='30']
DECLARE @result int;
EXEC @result = sp_getapplock @Resource = '__EFMigrationsLock', @LockOwner = 'Session', @LockMode = 'Exclusive';
SELECT @result
2026-03-31 00:13:15.690 +05:30 [INF] Executed DbCommand (11ms) [Parameters=[], CommandType='"Text"', CommandTimeout='30']
IF OBJECT_ID(N'[__EFMigrationsHistory]') IS NULL
BEGIN
    CREATE TABLE [__EFMigrationsHistory] (
        [MigrationId] nvarchar(150) NOT NULL,
        [ProductVersion] nvarchar(32) NOT NULL,
        CONSTRAINT [PK___EFMigrationsHistory] PRIMARY KEY ([MigrationId])
    );
END;
2026-03-31 00:13:15.720 +05:30 [INF] Executed DbCommand (1ms) [Parameters=[], CommandType='"Text"', CommandTimeout='30']
SELECT 1
2026-03-31 00:13:15.732 +05:30 [INF] Executed DbCommand (3ms) [Parameters=[], CommandType='"Text"', CommandTimeout='30']
SELECT OBJECT_ID(N'[__EFMigrationsHistory]');
2026-03-31 00:13:15.763 +05:30 [INF] Executed DbCommand (20ms) [Parameters=[], CommandType='"Text"', CommandTimeout='30']
SELECT [MigrationId], [ProductVersion]
FROM [__EFMigrationsHistory]
ORDER BY [MigrationId];
2026-03-31 00:13:15.784 +05:30 [INF] No migrations were applied. The database is already up to date.
2026-03-31 00:13:15.813 +05:30 [INF] Executed DbCommand (13ms) [Parameters=[], CommandType='"Text"', CommandTimeout='30']
DECLARE @result int;
EXEC @result = sp_releaseapplock @Resource = '__EFMigrationsLock', @LockOwner = 'Session';
SELECT @result
2026-03-31 00:13:16.314 +05:30 [INF] User profile is available. Using 'C:\Users\Satvik\AppData\Local\ASP.NET\DataProtection-Keys' as key repository and Windows DPAPI to encrypt keys at rest.
2026-03-31 00:13:16.692 +05:30 [WRN] The WebRootPath was not found: C:\Users\Satvik\Downloads\MicroservicesAssesment\MicroservicesAssesment\Services\UserService\UserService.API\wwwroot. Static files may be unavailable.
2026-03-31 00:13:17.328 +05:30 [INF] Now listening on: https://localhost:5011
2026-03-31 00:13:17.352 +05:30 [INF] Now listening on: http://localhost:5010
2026-03-31 00:13:17.550 +05:30 [INF] Application started. Press Ctrl+C to shut down.
2026-03-31 00:13:17.564 +05:30 [INF] Hosting environment: Development
2026-03-31 00:13:17.566 +05:30 [INF] Content root path: C:\Users\Satvik\Downloads\MicroservicesAssesment\MicroservicesAssesment\Services\UserService\UserService.API
2026-03-31 00:13:21.641 +05:30 [INF] Request starting HTTP/2 GET https://localhost:5011/ - null null
2026-03-31 00:13:22.520 +05:30 [INF] HTTP GET / responded 404 in 361.3634 ms
2026-03-31 00:13:22.549 +05:30 [INF] Request finished HTTP/2 GET https://localhost:5011/ - 404 null null 931.0531ms
2026-03-31 00:13:22.564 +05:30 [INF] Request reached the end of the middleware pipeline without being handled by application code. Request path: GET https://localhost:5011/, Response status code: 404
2026-03-31 00:15:41.300 +05:30 [INF] Request starting HTTP/2 GET https://localhost:5011/swagger - null null
2026-03-31 00:15:41.412 +05:30 [INF] HTTP GET /swagger responded 301 in 6.5346 ms
2026-03-31 00:15:41.427 +05:30 [INF] Request finished HTTP/2 GET https://localhost:5011/swagger - 301 null null 127.912ms
2026-03-31 00:15:41.441 +05:30 [INF] Request starting HTTP/2 GET https://localhost:5011/swagger/index.html - null null
2026-03-31 00:15:41.732 +05:30 [INF] HTTP GET /swagger/index.html responded 200 in 256.4162 ms
2026-03-31 00:15:41.765 +05:30 [INF] Request finished HTTP/2 GET https://localhost:5011/swagger/index.html - 200 null text/html;charset=utf-8 322.4968ms
2026-03-31 00:15:41.784 +05:30 [INF] Request starting HTTP/2 GET https://localhost:5011/swagger/swagger-ui-bundle.js - null null
2026-03-31 00:15:41.836 +05:30 [INF] Request starting HTTP/2 GET https://localhost:5011/swagger/index.css - null null
2026-03-31 00:15:41.783 +05:30 [INF] Request starting HTTP/2 GET https://localhost:5011/swagger/swagger-ui.css - null null
2026-03-31 00:15:41.878 +05:30 [INF] Request starting HTTP/2 GET https://localhost:5011/swagger/swagger-ui-standalone-preset.js - null null
2026-03-31 00:15:41.899 +05:30 [INF] Request starting HTTP/2 GET https://localhost:5011/swagger/index.js - null null
2026-03-31 00:15:41.939 +05:30 [INF] Request starting HTTP/2 GET https://localhost:5011/_framework/aspnetcore-browser-refresh.js - null null
2026-03-31 00:15:42.030 +05:30 [INF] HTTP GET /swagger/index.css responded 200 in 43.7808 ms
2026-03-31 00:15:42.033 +05:30 [INF] HTTP GET /swagger/index.js responded 200 in 3.0532 ms
2026-03-31 00:15:42.148 +05:30 [INF] Request finished HTTP/2 GET https://localhost:5011/_framework/aspnetcore-browser-refresh.js - 200 14935 application/javascript; charset=utf-8 247.6485ms
2026-03-31 00:15:41.971 +05:30 [INF] Request starting HTTP/2 GET https://localhost:5011/_vs/browserLink - null null
2026-03-31 00:15:42.150 +05:30 [INF] HTTP GET /swagger/swagger-ui-standalone-preset.js responded 200 in 141.4373 ms
2026-03-31 00:15:42.150 +05:30 [INF] HTTP GET /swagger/swagger-ui.css responded 200 in 153.2367 ms
2026-03-31 00:15:42.164 +05:30 [INF] HTTP GET /swagger/swagger-ui-bundle.js responded 200 in 181.3441 ms
2026-03-31 00:15:42.165 +05:30 [INF] Request finished HTTP/2 GET https://localhost:5011/swagger/index.css - 200 152 text/css 376.5432ms
2026-03-31 00:15:42.173 +05:30 [INF] Request finished HTTP/2 GET https://localhost:5011/swagger/index.js - 200 null application/javascript;charset=utf-8 274.2136ms
2026-03-31 00:15:42.209 +05:30 [INF] Request finished HTTP/2 GET https://localhost:5011/swagger/swagger-ui-standalone-preset.js - 200 76613 text/javascript 365.0191ms
2026-03-31 00:15:42.214 +05:30 [INF] Request finished HTTP/2 GET https://localhost:5011/swagger/swagger-ui.css - 200 26479 text/css 431.7419ms
2026-03-31 00:15:42.235 +05:30 [INF] Request finished HTTP/2 GET https://localhost:5011/swagger/swagger-ui-bundle.js - 200 418181 text/javascript 451.3255ms
2026-03-31 00:15:42.445 +05:30 [INF] Request finished HTTP/2 GET https://localhost:5011/_vs/browserLink - 200 null text/javascript; charset=UTF-8 474.8489ms
2026-03-31 00:15:42.531 +05:30 [INF] Request starting HTTP/2 GET https://localhost:5011/swagger/v1/swagger.json - null null
2026-03-31 00:15:42.580 +05:30 [INF] Request starting HTTP/2 GET https://localhost:5011/swagger/favicon-32x32.png - null null
2026-03-31 00:15:42.612 +05:30 [INF] HTTP GET /swagger/v1/swagger.json responded 200 in 69.3791 ms
2026-03-31 00:15:42.618 +05:30 [INF] HTTP GET /swagger/favicon-32x32.png responded 200 in 8.8382 ms
2026-03-31 00:15:42.650 +05:30 [INF] Request finished HTTP/2 GET https://localhost:5011/swagger/v1/swagger.json - 200 null application/json;charset=utf-8 116.8743ms
2026-03-31 00:15:42.698 +05:30 [INF] Request finished HTTP/2 GET https://localhost:5011/swagger/favicon-32x32.png - 200 628 image/png 117.8182ms
2026-03-31 00:20:03.995 +05:30 [INF] Request starting HTTP/2 GET https://localhost:5011/api/v1/users/profile - null null
2026-03-31 00:20:04.114 +05:30 [INF] Authorization failed. These requirements were not met:
DenyAnonymousAuthorizationRequirement: Requires an authenticated user.
2026-03-31 00:20:04.141 +05:30 [INF] AuthenticationScheme: Bearer was challenged.
2026-03-31 00:20:04.145 +05:30 [INF] HTTP GET /api/v1/users/profile responded 401 in 104.5396 ms
2026-03-31 00:20:04.152 +05:30 [INF] Request finished HTTP/2 GET https://localhost:5011/api/v1/users/profile - 401 0 null 203.0993ms
2026-03-31 00:29:53.711 +05:30 [INF] Executed DbCommand (189ms) [Parameters=[@normalizedName='?' (Size = 256)], CommandType='"Text"', CommandTimeout='30']
SELECT TOP(1) [a].[Id], [a].[ConcurrencyStamp], [a].[Name], [a].[NormalizedName]
FROM [AspNetRoles] AS [a]
WHERE [a].[NormalizedName] = @normalizedName
2026-03-31 00:29:54.181 +05:30 [INF] Executed DbCommand (6ms) [Parameters=[@normalizedName='?' (Size = 256)], CommandType='"Text"', CommandTimeout='30']
SELECT TOP(1) [a].[Id], [a].[ConcurrencyStamp], [a].[Name], [a].[NormalizedName]
FROM [AspNetRoles] AS [a]
WHERE [a].[NormalizedName] = @normalizedName
2026-03-31 00:29:54.189 +05:30 [INF] Executed DbCommand (1ms) [Parameters=[@normalizedName='?' (Size = 256)], CommandType='"Text"', CommandTimeout='30']
SELECT TOP(1) [a].[Id], [a].[ConcurrencyStamp], [a].[Name], [a].[NormalizedName]
FROM [AspNetRoles] AS [a]
WHERE [a].[NormalizedName] = @normalizedName
2026-03-31 00:29:54.748 +05:30 [INF] Executed DbCommand (19ms) [Parameters=[], CommandType='"Text"', CommandTimeout='30']
SELECT 1
2026-03-31 00:29:54.768 +05:30 [INF] Acquiring an exclusive lock for migration application. See https://aka.ms/efcore-docs-migrations-lock for more information if this takes too long.
2026-03-31 00:29:54.815 +05:30 [INF] Executed DbCommand (34ms) [Parameters=[], CommandType='"Text"', CommandTimeout='30']
DECLARE @result int;
EXEC @result = sp_getapplock @Resource = '__EFMigrationsLock', @LockOwner = 'Session', @LockMode = 'Exclusive';
SELECT @result
2026-03-31 00:29:55.059 +05:30 [INF] Executed DbCommand (3ms) [Parameters=[], CommandType='"Text"', CommandTimeout='30']
IF OBJECT_ID(N'[__EFMigrationsHistory]') IS NULL
BEGIN
    CREATE TABLE [__EFMigrationsHistory] (
        [MigrationId] nvarchar(150) NOT NULL,
        [ProductVersion] nvarchar(32) NOT NULL,
        CONSTRAINT [PK___EFMigrationsHistory] PRIMARY KEY ([MigrationId])
    );
END;
2026-03-31 00:29:55.089 +05:30 [INF] Executed DbCommand (1ms) [Parameters=[], CommandType='"Text"', CommandTimeout='30']
SELECT 1
2026-03-31 00:29:55.096 +05:30 [INF] Executed DbCommand (2ms) [Parameters=[], CommandType='"Text"', CommandTimeout='30']
SELECT OBJECT_ID(N'[__EFMigrationsHistory]');
2026-03-31 00:29:55.133 +05:30 [INF] Executed DbCommand (28ms) [Parameters=[], CommandType='"Text"', CommandTimeout='30']
SELECT [MigrationId], [ProductVersion]
FROM [__EFMigrationsHistory]
ORDER BY [MigrationId];
2026-03-31 00:29:55.152 +05:30 [INF] No migrations were applied. The database is already up to date.
2026-03-31 00:29:55.166 +05:30 [INF] Executed DbCommand (10ms) [Parameters=[], CommandType='"Text"', CommandTimeout='30']
DECLARE @result int;
EXEC @result = sp_releaseapplock @Resource = '__EFMigrationsLock', @LockOwner = 'Session';
SELECT @result
2026-03-31 00:29:55.669 +05:30 [INF] User profile is available. Using 'C:\Users\Satvik\AppData\Local\ASP.NET\DataProtection-Keys' as key repository and Windows DPAPI to encrypt keys at rest.
2026-03-31 00:29:55.999 +05:30 [WRN] The WebRootPath was not found: C:\Users\Satvik\Downloads\MicroservicesAssesment\MicroservicesAssesment\Services\UserService\UserService.API\wwwroot. Static files may be unavailable.
2026-03-31 00:29:56.382 +05:30 [INF] Now listening on: https://localhost:5011
2026-03-31 00:29:56.384 +05:30 [INF] Now listening on: http://localhost:5010
2026-03-31 00:29:57.147 +05:30 [INF] Application started. Press Ctrl+C to shut down.
2026-03-31 00:29:57.151 +05:30 [INF] Hosting environment: Development
2026-03-31 00:29:57.161 +05:30 [INF] Content root path: C:\Users\Satvik\Downloads\MicroservicesAssesment\MicroservicesAssesment\Services\UserService\UserService.API
2026-03-31 00:29:57.693 +05:30 [INF] Request starting HTTP/2 GET https://localhost:5011/ - null null
2026-03-31 00:29:58.319 +05:30 [INF] HTTP GET / responded 404 in 209.6214 ms
2026-03-31 00:29:58.347 +05:30 [INF] Request finished HTTP/2 GET https://localhost:5011/ - 404 null null 672.2156ms
2026-03-31 00:29:58.373 +05:30 [INF] Request reached the end of the middleware pipeline without being handled by application code. Request path: GET https://localhost:5011/, Response status code: 404
2026-03-31 00:33:57.726 +05:30 [INF] Executed DbCommand (170ms) [Parameters=[@normalizedName='?' (Size = 256)], CommandType='"Text"', CommandTimeout='30']
SELECT TOP(1) [a].[Id], [a].[ConcurrencyStamp], [a].[Name], [a].[NormalizedName]
FROM [AspNetRoles] AS [a]
WHERE [a].[NormalizedName] = @normalizedName
2026-03-31 00:33:58.098 +05:30 [INF] Executed DbCommand (7ms) [Parameters=[@normalizedName='?' (Size = 256)], CommandType='"Text"', CommandTimeout='30']
SELECT TOP(1) [a].[Id], [a].[ConcurrencyStamp], [a].[Name], [a].[NormalizedName]
FROM [AspNetRoles] AS [a]
WHERE [a].[NormalizedName] = @normalizedName
2026-03-31 00:33:58.108 +05:30 [INF] Executed DbCommand (1ms) [Parameters=[@normalizedName='?' (Size = 256)], CommandType='"Text"', CommandTimeout='30']
SELECT TOP(1) [a].[Id], [a].[ConcurrencyStamp], [a].[Name], [a].[NormalizedName]
FROM [AspNetRoles] AS [a]
WHERE [a].[NormalizedName] = @normalizedName
2026-03-31 00:33:58.556 +05:30 [INF] Executed DbCommand (8ms) [Parameters=[], CommandType='"Text"', CommandTimeout='30']
SELECT 1
2026-03-31 00:33:58.571 +05:30 [INF] Acquiring an exclusive lock for migration application. See https://aka.ms/efcore-docs-migrations-lock for more information if this takes too long.
2026-03-31 00:33:58.627 +05:30 [INF] Executed DbCommand (47ms) [Parameters=[], CommandType='"Text"', CommandTimeout='30']
DECLARE @result int;
EXEC @result = sp_getapplock @Resource = '__EFMigrationsLock', @LockOwner = 'Session', @LockMode = 'Exclusive';
SELECT @result
2026-03-31 00:33:58.814 +05:30 [INF] Executed DbCommand (3ms) [Parameters=[], CommandType='"Text"', CommandTimeout='30']
IF OBJECT_ID(N'[__EFMigrationsHistory]') IS NULL
BEGIN
    CREATE TABLE [__EFMigrationsHistory] (
        [MigrationId] nvarchar(150) NOT NULL,
        [ProductVersion] nvarchar(32) NOT NULL,
        CONSTRAINT [PK___EFMigrationsHistory] PRIMARY KEY ([MigrationId])
    );
END;
2026-03-31 00:33:58.848 +05:30 [INF] Executed DbCommand (1ms) [Parameters=[], CommandType='"Text"', CommandTimeout='30']
SELECT 1
2026-03-31 00:33:58.863 +05:30 [INF] Executed DbCommand (1ms) [Parameters=[], CommandType='"Text"', CommandTimeout='30']
SELECT OBJECT_ID(N'[__EFMigrationsHistory]');
2026-03-31 00:33:58.905 +05:30 [INF] Executed DbCommand (25ms) [Parameters=[], CommandType='"Text"', CommandTimeout='30']
SELECT [MigrationId], [ProductVersion]
FROM [__EFMigrationsHistory]
ORDER BY [MigrationId];
2026-03-31 00:33:58.928 +05:30 [INF] No migrations were applied. The database is already up to date.
2026-03-31 00:33:58.940 +05:30 [INF] Executed DbCommand (7ms) [Parameters=[], CommandType='"Text"', CommandTimeout='30']
DECLARE @result int;
EXEC @result = sp_releaseapplock @Resource = '__EFMigrationsLock', @LockOwner = 'Session';
SELECT @result
2026-03-31 00:33:59.316 +05:30 [INF] User profile is available. Using 'C:\Users\Satvik\AppData\Local\ASP.NET\DataProtection-Keys' as key repository and Windows DPAPI to encrypt keys at rest.
2026-03-31 00:33:59.627 +05:30 [WRN] The WebRootPath was not found: C:\Users\Satvik\Downloads\MicroservicesAssesment\MicroservicesAssesment\Services\UserService\UserService.API\wwwroot. Static files may be unavailable.
2026-03-31 00:34:00.019 +05:30 [INF] Now listening on: https://localhost:5011
2026-03-31 00:34:00.022 +05:30 [INF] Now listening on: http://localhost:5010
2026-03-31 00:34:00.257 +05:30 [INF] Application started. Press Ctrl+C to shut down.
2026-03-31 00:34:00.263 +05:30 [INF] Hosting environment: Development
2026-03-31 00:34:00.269 +05:30 [INF] Content root path: C:\Users\Satvik\Downloads\MicroservicesAssesment\MicroservicesAssesment\Services\UserService\UserService.API
2026-03-31 00:34:00.828 +05:30 [INF] Request starting HTTP/2 GET https://localhost:5011/ - null null
2026-03-31 00:34:01.548 +05:30 [INF] HTTP GET / responded 404 in 262.5973 ms
2026-03-31 00:34:01.596 +05:30 [INF] Request finished HTTP/2 GET https://localhost:5011/ - 404 null null 789.2231ms
2026-03-31 00:34:01.620 +05:30 [INF] Request reached the end of the middleware pipeline without being handled by application code. Request path: GET https://localhost:5011/, Response status code: 404
2026-03-31 00:35:19.402 +05:30 [INF] Request starting HTTP/1.1 GET http://localhost:5010/swagger/index.html - null null
2026-03-31 00:35:19.633 +05:30 [INF] HTTP GET /swagger/index.html responded 304 in 181.0337 ms
2026-03-31 00:35:19.684 +05:30 [INF] Request finished HTTP/1.1 GET http://localhost:5010/swagger/index.html - 304 null null 282.4922ms
2026-03-31 00:35:19.747 +05:30 [INF] Request starting HTTP/1.1 GET http://localhost:5010/swagger/swagger-ui.css - null null
2026-03-31 00:35:19.786 +05:30 [INF] Request starting HTTP/1.1 GET http://localhost:5010/swagger/swagger-ui-bundle.js - null null
2026-03-31 00:35:19.789 +05:30 [INF] Request starting HTTP/1.1 GET http://localhost:5010/swagger/index.js - null null
2026-03-31 00:35:19.748 +05:30 [INF] Request starting HTTP/1.1 GET http://localhost:5010/swagger/index.css - null null
2026-03-31 00:35:19.790 +05:30 [INF] Request starting HTTP/1.1 GET http://localhost:5010/swagger/swagger-ui-standalone-preset.js - null null
2026-03-31 00:35:19.892 +05:30 [INF] HTTP GET /swagger/swagger-ui-bundle.js responded 304 in 30.2413 ms
2026-03-31 00:35:19.875 +05:30 [INF] HTTP GET /swagger/index.js responded 304 in 1.0180 ms
2026-03-31 00:35:19.907 +05:30 [INF] Request finished HTTP/1.1 GET http://localhost:5010/swagger/swagger-ui-bundle.js - 304 null null 152.1267ms
2026-03-31 00:35:19.881 +05:30 [INF] HTTP GET /swagger/swagger-ui.css responded 304 in 28.5702 ms
2026-03-31 00:35:19.885 +05:30 [INF] HTTP GET /swagger/index.css responded 304 in 0.4304 ms
2026-03-31 00:35:19.904 +05:30 [INF] HTTP GET /swagger/swagger-ui-standalone-preset.js responded 304 in 11.9346 ms
2026-03-31 00:35:19.845 +05:30 [INF] Request starting HTTP/1.1 GET http://localhost:5010/_framework/aspnetcore-browser-refresh.js - null null
2026-03-31 00:35:19.956 +05:30 [INF] Request finished HTTP/1.1 GET http://localhost:5010/swagger/index.js - 304 null null 166.6353ms
2026-03-31 00:35:19.969 +05:30 [INF] Request starting HTTP/1.1 GET http://localhost:5010/_vs/browserLink - null null
2026-03-31 00:35:19.976 +05:30 [INF] Request finished HTTP/1.1 GET http://localhost:5010/swagger/swagger-ui.css - 304 null null 229.3802ms
2026-03-31 00:35:19.985 +05:30 [INF] Request finished HTTP/1.1 GET http://localhost:5010/swagger/index.css - 304 null null 237.6525ms
2026-03-31 00:35:19.995 +05:30 [INF] Request finished HTTP/1.1 GET http://localhost:5010/swagger/swagger-ui-standalone-preset.js - 304 null null 205.1427ms
2026-03-31 00:35:20.018 +05:30 [INF] Request finished HTTP/1.1 GET http://localhost:5010/_framework/aspnetcore-browser-refresh.js - 200 14935 application/javascript; charset=utf-8 172.6327ms
2026-03-31 00:35:20.141 +05:30 [INF] Request finished HTTP/1.1 GET http://localhost:5010/_vs/browserLink - 200 null text/javascript; charset=UTF-8 172.0382ms
2026-03-31 00:35:20.235 +05:30 [INF] Request starting HTTP/1.1 GET http://localhost:5010/swagger/v1/swagger.json - null null
2026-03-31 00:35:20.308 +05:30 [INF] HTTP GET /swagger/v1/swagger.json responded 200 in 60.5131 ms
2026-03-31 00:35:20.317 +05:30 [INF] Request finished HTTP/1.1 GET http://localhost:5010/swagger/v1/swagger.json - 200 null application/json;charset=utf-8 82.3726ms
2026-03-31 00:35:43.734 +05:30 [INF] Request starting HTTP/1.1 GET http://localhost:5010/api/v1/users/profile - null null
2026-03-31 00:35:43.845 +05:30 [INF] Authorization failed. These requirements were not met:
DenyAnonymousAuthorizationRequirement: Requires an authenticated user.
2026-03-31 00:35:43.866 +05:30 [INF] AuthenticationScheme: Bearer was challenged.
2026-03-31 00:35:43.869 +05:30 [INF] HTTP GET /api/v1/users/profile responded 401 in 57.6137 ms
2026-03-31 00:35:43.873 +05:30 [INF] Request finished HTTP/1.1 GET http://localhost:5010/api/v1/users/profile - 401 0 null 139.7191ms
2026-03-31 00:35:46.172 +05:30 [INF] Request starting HTTP/1.1 GET http://localhost:5010/api/v1/users/profile - null null
2026-03-31 00:35:46.217 +05:30 [INF] Authorization failed. These requirements were not met:
DenyAnonymousAuthorizationRequirement: Requires an authenticated user.
2026-03-31 00:35:46.222 +05:30 [INF] AuthenticationScheme: Bearer was challenged.
2026-03-31 00:35:46.229 +05:30 [INF] HTTP GET /api/v1/users/profile responded 401 in 41.7132 ms
2026-03-31 00:35:46.237 +05:30 [INF] Request finished HTTP/1.1 GET http://localhost:5010/api/v1/users/profile - 401 0 null 65.538ms
2026-03-31 00:35:53.006 +05:30 [INF] Request starting HTTP/1.1 GET http://localhost:5010/api/v1/users/profile - null null
2026-03-31 00:35:53.043 +05:30 [INF] Authorization failed. These requirements were not met:
DenyAnonymousAuthorizationRequirement: Requires an authenticated user.
2026-03-31 00:35:53.051 +05:30 [INF] AuthenticationScheme: Bearer was challenged.
2026-03-31 00:35:53.055 +05:30 [INF] HTTP GET /api/v1/users/profile responded 401 in 15.8846 ms
2026-03-31 00:35:53.065 +05:30 [INF] Request finished HTTP/1.1 GET http://localhost:5010/api/v1/users/profile - 401 0 null 59.5982ms
2026-03-31 00:36:42.905 +05:30 [INF] Request starting HTTP/1.1 POST http://localhost:5010/api/v1/auth/login - application/json 69
2026-03-31 00:36:42.926 +05:30 [INF] CORS policy execution successful.
2026-03-31 00:36:42.936 +05:30 [INF] Executing endpoint 'UserService.API.Controllers.AuthController.Login (UserService.API)'
2026-03-31 00:36:43.030 +05:30 [INF] Route matched with {action = "Login", controller = "Auth"}. Executing controller action with signature System.Threading.Tasks.Task`1[Microsoft.AspNetCore.Mvc.IActionResult] Login(UserService.Application.DTOs.LoginDto) on controller UserService.API.Controllers.AuthController (UserService.API).
2026-03-31 00:36:43.364 +05:30 [INF] Executed DbCommand (23ms) [Parameters=[@normalizedEmail='?' (Size = 256)], CommandType='"Text"', CommandTimeout='30']
SELECT TOP(2) [a].[Id], [a].[AccessFailedCount], [a].[ConcurrencyStamp], [a].[CreatedAt], [a].[Email], [a].[EmailConfirmed], [a].[FirstName], [a].[IsActive], [a].[IsMfaEnabled], [a].[LastName], [a].[LockoutEnabled], [a].[LockoutEnd], [a].[NormalizedEmail], [a].[NormalizedUserName], [a].[PasswordHash], [a].[PhoneNumber], [a].[PhoneNumberConfirmed], [a].[ProfileImageUrl], [a].[RefreshToken], [a].[RefreshTokenExpiry], [a].[SecurityStamp], [a].[TwoFactorEnabled], [a].[UpdatedAt], [a].[UserName]
FROM [AspNetUsers] AS [a]
WHERE [a].[NormalizedEmail] = @normalizedEmail
2026-03-31 00:36:43.922 +05:30 [INF] Executed DbCommand (13ms) [Parameters=[@userId='?' (Size = 450)], CommandType='"Text"', CommandTimeout='30']
SELECT [a0].[Name]
FROM [AspNetUserRoles] AS [a]
INNER JOIN [AspNetRoles] AS [a0] ON [a].[RoleId] = [a0].[Id]
WHERE [a].[UserId] = @userId
2026-03-31 00:36:44.070 +05:30 [INF] Executed DbCommand (9ms) [Parameters=[@normalizedUserName='?' (Size = 256)], CommandType='"Text"', CommandTimeout='30']
SELECT TOP(1) [a].[Id], [a].[AccessFailedCount], [a].[ConcurrencyStamp], [a].[CreatedAt], [a].[Email], [a].[EmailConfirmed], [a].[FirstName], [a].[IsActive], [a].[IsMfaEnabled], [a].[LastName], [a].[LockoutEnabled], [a].[LockoutEnd], [a].[NormalizedEmail], [a].[NormalizedUserName], [a].[PasswordHash], [a].[PhoneNumber], [a].[PhoneNumberConfirmed], [a].[ProfileImageUrl], [a].[RefreshToken], [a].[RefreshTokenExpiry], [a].[SecurityStamp], [a].[TwoFactorEnabled], [a].[UpdatedAt], [a].[UserName]
FROM [AspNetUsers] AS [a]
WHERE [a].[NormalizedUserName] = @normalizedUserName
2026-03-31 00:36:44.103 +05:30 [INF] Executed DbCommand (3ms) [Parameters=[@normalizedEmail='?' (Size = 256)], CommandType='"Text"', CommandTimeout='30']
SELECT TOP(2) [a].[Id], [a].[AccessFailedCount], [a].[ConcurrencyStamp], [a].[CreatedAt], [a].[Email], [a].[EmailConfirmed], [a].[FirstName], [a].[IsActive], [a].[IsMfaEnabled], [a].[LastName], [a].[LockoutEnabled], [a].[LockoutEnd], [a].[NormalizedEmail], [a].[NormalizedUserName], [a].[PasswordHash], [a].[PhoneNumber], [a].[PhoneNumberConfirmed], [a].[ProfileImageUrl], [a].[RefreshToken], [a].[RefreshTokenExpiry], [a].[SecurityStamp], [a].[TwoFactorEnabled], [a].[UpdatedAt], [a].[UserName]
FROM [AspNetUsers] AS [a]
WHERE [a].[NormalizedEmail] = @normalizedEmail
2026-03-31 00:36:44.509 +05:30 [INF] Executed DbCommand (80ms) [Parameters=[@p23='?' (Size = 450), @p0='?' (DbType = Int32), @p1='?' (Size = 4000), @p24='?' (Size = 4000), @p2='?' (DbType = DateTime2), @p3='?' (Size = 256), @p4='?' (DbType = Boolean), @p5='?' (Size = 50), @p6='?' (DbType = Boolean), @p7='?' (DbType = Boolean), @p8='?' (Size = 50), @p9='?' (DbType = Boolean), @p10='?' (DbType = DateTimeOffset), @p11='?' (Size = 256), @p12='?' (Size = 256), @p13='?' (Size = 4000), @p14='?' (Size = 4000), @p15='?' (DbType = Boolean), @p16='?' (Size = 4000), @p17='?' (Size = 4000), @p18='?' (DbType = DateTime2), @p19='?' (Size = 4000), @p20='?' (DbType = Boolean), @p21='?' (DbType = DateTime2), @p22='?' (Size = 256)], CommandType='"Text"', CommandTimeout='30']
SET IMPLICIT_TRANSACTIONS OFF;
SET NOCOUNT ON;
UPDATE [AspNetUsers] SET [AccessFailedCount] = @p0, [ConcurrencyStamp] = @p1, [CreatedAt] = @p2, [Email] = @p3, [EmailConfirmed] = @p4, [FirstName] = @p5, [IsActive] = @p6, [IsMfaEnabled] = @p7, [LastName] = @p8, [LockoutEnabled] = @p9, [LockoutEnd] = @p10, [NormalizedEmail] = @p11, [NormalizedUserName] = @p12, [PasswordHash] = @p13, [PhoneNumber] = @p14, [PhoneNumberConfirmed] = @p15, [ProfileImageUrl] = @p16, [RefreshToken] = @p17, [RefreshTokenExpiry] = @p18, [SecurityStamp] = @p19, [TwoFactorEnabled] = @p20, [UpdatedAt] = @p21, [UserName] = @p22
OUTPUT 1
WHERE [Id] = @p23 AND [ConcurrencyStamp] = @p24;
2026-03-31 00:36:44.602 +05:30 [INF] Executing OkObjectResult, writing value of type '<>f__AnonymousType0`2[[System.Boolean, System.Private.CoreLib, Version=10.0.0.0, Culture=neutral, PublicKeyToken=7cec85d7bea7798e],[UserService.Application.DTOs.TokenResponseDto, UserService.Application, Version=1.0.0.0, Culture=neutral, PublicKeyToken=null]]'.
2026-03-31 00:36:44.668 +05:30 [INF] Executed action UserService.API.Controllers.AuthController.Login (UserService.API) in 1621.1982ms
2026-03-31 00:36:44.679 +05:30 [INF] Executed endpoint 'UserService.API.Controllers.AuthController.Login (UserService.API)'
2026-03-31 00:36:44.686 +05:30 [INF] HTTP POST /api/v1/auth/login responded 200 in 1753.0099 ms
2026-03-31 00:36:44.704 +05:30 [INF] Request finished HTTP/1.1 POST http://localhost:5010/api/v1/auth/login - 200 null application/json; charset=utf-8 1800.0626ms
2026-03-31 00:37:27.858 +05:30 [INF] Request starting HTTP/1.1 GET http://localhost:5010/api/v1/users - null null
2026-03-31 00:37:27.872 +05:30 [INF] Authorization failed. These requirements were not met:
DenyAnonymousAuthorizationRequirement: Requires an authenticated user.
RolesAuthorizationRequirement:User.IsInRole must be true for one of the following roles: (Admin)
2026-03-31 00:37:27.876 +05:30 [INF] AuthenticationScheme: Bearer was challenged.
2026-03-31 00:37:27.881 +05:30 [INF] HTTP GET /api/v1/users responded 401 in 12.4533 ms
2026-03-31 00:37:27.890 +05:30 [INF] Request finished HTTP/1.1 GET http://localhost:5010/api/v1/users - 401 0 null 32.0838ms
2026-03-31 00:37:54.098 +05:30 [INF] Request starting HTTP/1.1 GET http://localhost:5010/api/v1/users/profile - null null
2026-03-31 00:37:54.123 +05:30 [INF] Authorization failed. These requirements were not met:
DenyAnonymousAuthorizationRequirement: Requires an authenticated user.
2026-03-31 00:37:54.128 +05:30 [INF] AuthenticationScheme: Bearer was challenged.
2026-03-31 00:37:54.135 +05:30 [INF] HTTP GET /api/v1/users/profile responded 401 in 12.5901 ms
2026-03-31 00:37:54.144 +05:30 [INF] Request finished HTTP/1.1 GET http://localhost:5010/api/v1/users/profile - 401 0 null 46.3778ms
2026-03-31 00:39:10.309 +05:30 [INF] Request starting HTTP/1.1 GET http://localhost:5010/api/v1/users/profile - null null
2026-03-31 00:39:10.499 +05:30 [INF] Executing endpoint 'UserService.API.Controllers.UserController.GetProfile (UserService.API)'
2026-03-31 00:39:10.526 +05:30 [INF] Route matched with {action = "GetProfile", controller = "User"}. Executing controller action with signature System.Threading.Tasks.Task`1[Microsoft.AspNetCore.Mvc.IActionResult] GetProfile() on controller UserService.API.Controllers.UserController (UserService.API).
2026-03-31 00:39:10.678 +05:30 [INF] Executed DbCommand (18ms) [Parameters=[@p='?' (Size = 450)], CommandType='"Text"', CommandTimeout='30']
SELECT TOP(1) [a].[Id], [a].[AccessFailedCount], [a].[ConcurrencyStamp], [a].[CreatedAt], [a].[Email], [a].[EmailConfirmed], [a].[FirstName], [a].[IsActive], [a].[IsMfaEnabled], [a].[LastName], [a].[LockoutEnabled], [a].[LockoutEnd], [a].[NormalizedEmail], [a].[NormalizedUserName], [a].[PasswordHash], [a].[PhoneNumber], [a].[PhoneNumberConfirmed], [a].[ProfileImageUrl], [a].[RefreshToken], [a].[RefreshTokenExpiry], [a].[SecurityStamp], [a].[TwoFactorEnabled], [a].[UpdatedAt], [a].[UserName]
FROM [AspNetUsers] AS [a]
WHERE [a].[Id] = @p
2026-03-31 00:39:10.719 +05:30 [INF] Executed DbCommand (21ms) [Parameters=[@userId='?' (Size = 450)], CommandType='"Text"', CommandTimeout='30']
SELECT [a0].[Name]
FROM [AspNetUserRoles] AS [a]
INNER JOIN [AspNetRoles] AS [a0] ON [a].[RoleId] = [a0].[Id]
WHERE [a].[UserId] = @userId
2026-03-31 00:39:10.733 +05:30 [INF] Executing OkObjectResult, writing value of type '<>f__AnonymousType0`2[[System.Boolean, System.Private.CoreLib, Version=10.0.0.0, Culture=neutral, PublicKeyToken=7cec85d7bea7798e],[UserService.Application.DTOs.UserProfileDto, UserService.Application, Version=1.0.0.0, Culture=neutral, PublicKeyToken=null]]'.
2026-03-31 00:39:10.759 +05:30 [INF] Executed action UserService.API.Controllers.UserController.GetProfile (UserService.API) in 226.9005ms
2026-03-31 00:39:10.765 +05:30 [INF] Executed endpoint 'UserService.API.Controllers.UserController.GetProfile (UserService.API)'
2026-03-31 00:39:10.767 +05:30 [INF] HTTP GET /api/v1/users/profile responded 200 in 448.9357 ms
2026-03-31 00:39:10.771 +05:30 [INF] Request finished HTTP/1.1 GET http://localhost:5010/api/v1/users/profile - 200 null application/json; charset=utf-8 462.0654ms
2026-03-31 00:39:44.105 +05:30 [INF] Request starting HTTP/1.1 GET http://localhost:5010/api/v1/users - null null
2026-03-31 00:39:44.121 +05:30 [INF] Executing endpoint 'UserService.API.Controllers.UserController.GetAllUsers (UserService.API)'
2026-03-31 00:39:44.147 +05:30 [INF] Route matched with {action = "GetAllUsers", controller = "User"}. Executing controller action with signature System.Threading.Tasks.Task`1[Microsoft.AspNetCore.Mvc.IActionResult] GetAllUsers() on controller UserService.API.Controllers.UserController (UserService.API).
2026-03-31 00:39:44.236 +05:30 [INF] Executed DbCommand (14ms) [Parameters=[], CommandType='"Text"', CommandTimeout='30']
SELECT [a].[Id], [a].[AccessFailedCount], [a].[ConcurrencyStamp], [a].[CreatedAt], [a].[Email], [a].[EmailConfirmed], [a].[FirstName], [a].[IsActive], [a].[IsMfaEnabled], [a].[LastName], [a].[LockoutEnabled], [a].[LockoutEnd], [a].[NormalizedEmail], [a].[NormalizedUserName], [a].[PasswordHash], [a].[PhoneNumber], [a].[PhoneNumberConfirmed], [a].[ProfileImageUrl], [a].[RefreshToken], [a].[RefreshTokenExpiry], [a].[SecurityStamp], [a].[TwoFactorEnabled], [a].[UpdatedAt], [a].[UserName]
FROM [AspNetUsers] AS [a]
WHERE [a].[IsActive] = CAST(1 AS bit)
2026-03-31 00:39:44.254 +05:30 [INF] Executed DbCommand (7ms) [Parameters=[@userId='?' (Size = 450)], CommandType='"Text"', CommandTimeout='30']
SELECT [a0].[Name]
FROM [AspNetUserRoles] AS [a]
INNER JOIN [AspNetRoles] AS [a0] ON [a].[RoleId] = [a0].[Id]
WHERE [a].[UserId] = @userId
2026-03-31 00:39:44.263 +05:30 [INF] Executed DbCommand (1ms) [Parameters=[@userId='?' (Size = 450)], CommandType='"Text"', CommandTimeout='30']
SELECT [a0].[Name]
FROM [AspNetUserRoles] AS [a]
INNER JOIN [AspNetRoles] AS [a0] ON [a].[RoleId] = [a0].[Id]
WHERE [a].[UserId] = @userId
2026-03-31 00:39:44.270 +05:30 [INF] Executing OkObjectResult, writing value of type '<>f__AnonymousType0`2[[System.Boolean, System.Private.CoreLib, Version=10.0.0.0, Culture=neutral, PublicKeyToken=7cec85d7bea7798e],[System.Collections.Generic.IEnumerable`1[[UserService.Application.DTOs.UserProfileDto, UserService.Application, Version=1.0.0.0, Culture=neutral, PublicKeyToken=null]], System.Private.CoreLib, Version=10.0.0.0, Culture=neutral, PublicKeyToken=7cec85d7bea7798e]]'.
2026-03-31 00:39:44.278 +05:30 [INF] Executed action UserService.API.Controllers.UserController.GetAllUsers (UserService.API) in 124.779ms
2026-03-31 00:39:44.281 +05:30 [INF] Executed endpoint 'UserService.API.Controllers.UserController.GetAllUsers (UserService.API)'
2026-03-31 00:39:44.284 +05:30 [INF] HTTP GET /api/v1/users responded 200 in 167.0120 ms
2026-03-31 00:39:44.293 +05:30 [INF] Request finished HTTP/1.1 GET http://localhost:5010/api/v1/users - 200 null application/json; charset=utf-8 187.7604ms
2026-03-31 00:40:58.913 +05:30 [INF] Request starting HTTP/1.1 POST http://localhost:5010/api/v1/users/mfa/toggle?enable=true - null 0
2026-03-31 00:40:58.936 +05:30 [INF] CORS policy execution successful.
2026-03-31 00:40:58.942 +05:30 [INF] Executing endpoint 'UserService.API.Controllers.UserController.ToggleMfa (UserService.API)'
2026-03-31 00:40:58.984 +05:30 [INF] Route matched with {action = "ToggleMfa", controller = "User"}. Executing controller action with signature System.Threading.Tasks.Task`1[Microsoft.AspNetCore.Mvc.IActionResult] ToggleMfa(Boolean) on controller UserService.API.Controllers.UserController (UserService.API).
2026-03-31 00:40:59.058 +05:30 [INF] Executed DbCommand (8ms) [Parameters=[@p='?' (Size = 450)], CommandType='"Text"', CommandTimeout='30']
SELECT TOP(1) [a].[Id], [a].[AccessFailedCount], [a].[ConcurrencyStamp], [a].[CreatedAt], [a].[Email], [a].[EmailConfirmed], [a].[FirstName], [a].[IsActive], [a].[IsMfaEnabled], [a].[LastName], [a].[LockoutEnabled], [a].[LockoutEnd], [a].[NormalizedEmail], [a].[NormalizedUserName], [a].[PasswordHash], [a].[PhoneNumber], [a].[PhoneNumberConfirmed], [a].[ProfileImageUrl], [a].[RefreshToken], [a].[RefreshTokenExpiry], [a].[SecurityStamp], [a].[TwoFactorEnabled], [a].[UpdatedAt], [a].[UserName]
FROM [AspNetUsers] AS [a]
WHERE [a].[Id] = @p
2026-03-31 00:40:59.077 +05:30 [INF] Executed DbCommand (9ms) [Parameters=[@normalizedUserName='?' (Size = 256)], CommandType='"Text"', CommandTimeout='30']
SELECT TOP(1) [a].[Id], [a].[AccessFailedCount], [a].[ConcurrencyStamp], [a].[CreatedAt], [a].[Email], [a].[EmailConfirmed], [a].[FirstName], [a].[IsActive], [a].[IsMfaEnabled], [a].[LastName], [a].[LockoutEnabled], [a].[LockoutEnd], [a].[NormalizedEmail], [a].[NormalizedUserName], [a].[PasswordHash], [a].[PhoneNumber], [a].[PhoneNumberConfirmed], [a].[ProfileImageUrl], [a].[RefreshToken], [a].[RefreshTokenExpiry], [a].[SecurityStamp], [a].[TwoFactorEnabled], [a].[UpdatedAt], [a].[UserName]
FROM [AspNetUsers] AS [a]
WHERE [a].[NormalizedUserName] = @normalizedUserName
2026-03-31 00:40:59.091 +05:30 [INF] Executed DbCommand (7ms) [Parameters=[@normalizedEmail='?' (Size = 256)], CommandType='"Text"', CommandTimeout='30']
SELECT TOP(2) [a].[Id], [a].[AccessFailedCount], [a].[ConcurrencyStamp], [a].[CreatedAt], [a].[Email], [a].[EmailConfirmed], [a].[FirstName], [a].[IsActive], [a].[IsMfaEnabled], [a].[LastName], [a].[LockoutEnabled], [a].[LockoutEnd], [a].[NormalizedEmail], [a].[NormalizedUserName], [a].[PasswordHash], [a].[PhoneNumber], [a].[PhoneNumberConfirmed], [a].[ProfileImageUrl], [a].[RefreshToken], [a].[RefreshTokenExpiry], [a].[SecurityStamp], [a].[TwoFactorEnabled], [a].[UpdatedAt], [a].[UserName]
FROM [AspNetUsers] AS [a]
WHERE [a].[NormalizedEmail] = @normalizedEmail
2026-03-31 00:40:59.122 +05:30 [INF] Executed DbCommand (20ms) [Parameters=[@p23='?' (Size = 450), @p0='?' (DbType = Int32), @p1='?' (Size = 4000), @p24='?' (Size = 4000), @p2='?' (DbType = DateTime2), @p3='?' (Size = 256), @p4='?' (DbType = Boolean), @p5='?' (Size = 50), @p6='?' (DbType = Boolean), @p7='?' (DbType = Boolean), @p8='?' (Size = 50), @p9='?' (DbType = Boolean), @p10='?' (DbType = DateTimeOffset), @p11='?' (Size = 256), @p12='?' (Size = 256), @p13='?' (Size = 4000), @p14='?' (Size = 4000), @p15='?' (DbType = Boolean), @p16='?' (Size = 4000), @p17='?' (Size = 4000), @p18='?' (DbType = DateTime2), @p19='?' (Size = 4000), @p20='?' (DbType = Boolean), @p21='?' (DbType = DateTime2), @p22='?' (Size = 256)], CommandType='"Text"', CommandTimeout='30']
SET IMPLICIT_TRANSACTIONS OFF;
SET NOCOUNT ON;
UPDATE [AspNetUsers] SET [AccessFailedCount] = @p0, [ConcurrencyStamp] = @p1, [CreatedAt] = @p2, [Email] = @p3, [EmailConfirmed] = @p4, [FirstName] = @p5, [IsActive] = @p6, [IsMfaEnabled] = @p7, [LastName] = @p8, [LockoutEnabled] = @p9, [LockoutEnd] = @p10, [NormalizedEmail] = @p11, [NormalizedUserName] = @p12, [PasswordHash] = @p13, [PhoneNumber] = @p14, [PhoneNumberConfirmed] = @p15, [ProfileImageUrl] = @p16, [RefreshToken] = @p17, [RefreshTokenExpiry] = @p18, [SecurityStamp] = @p19, [TwoFactorEnabled] = @p20, [UpdatedAt] = @p21, [UserName] = @p22
OUTPUT 1
WHERE [Id] = @p23 AND [ConcurrencyStamp] = @p24;
2026-03-31 00:40:59.137 +05:30 [INF] Executing OkObjectResult, writing value of type '<>f__AnonymousType1`2[[System.Boolean, System.Private.CoreLib, Version=10.0.0.0, Culture=neutral, PublicKeyToken=7cec85d7bea7798e],[System.String, System.Private.CoreLib, Version=10.0.0.0, Culture=neutral, PublicKeyToken=7cec85d7bea7798e]]'.
2026-03-31 00:40:59.154 +05:30 [INF] Executed action UserService.API.Controllers.UserController.ToggleMfa (UserService.API) in 159.2467ms
2026-03-31 00:40:59.159 +05:30 [INF] Executed endpoint 'UserService.API.Controllers.UserController.ToggleMfa (UserService.API)'
2026-03-31 00:40:59.168 +05:30 [INF] HTTP POST /api/v1/users/mfa/toggle responded 200 in 227.5343 ms
2026-03-31 00:40:59.174 +05:30 [INF] Request finished HTTP/1.1 POST http://localhost:5010/api/v1/users/mfa/toggle?enable=true - 200 null application/json; charset=utf-8 260.7185ms
2026-03-31 00:43:27.224 +05:30 [INF] Request starting HTTP/1.1 POST http://localhost:5010/api/v1/auth/send-otp - application/json 96
2026-03-31 00:43:27.252 +05:30 [INF] CORS policy execution successful.
2026-03-31 00:43:27.256 +05:30 [INF] Executing endpoint 'UserService.API.Controllers.AuthController.SendOtp (UserService.API)'
2026-03-31 00:43:27.279 +05:30 [INF] Route matched with {action = "SendOtp", controller = "Auth"}. Executing controller action with signature System.Threading.Tasks.Task`1[Microsoft.AspNetCore.Mvc.IActionResult] SendOtp(UserService.Application.DTOs.SendOtpDto) on controller UserService.API.Controllers.AuthController (UserService.API).
2026-03-31 00:43:27.320 +05:30 [INF] Executed DbCommand (16ms) [Parameters=[@p='?' (Size = 450)], CommandType='"Text"', CommandTimeout='30']
SELECT TOP(1) [a].[Id], [a].[AccessFailedCount], [a].[ConcurrencyStamp], [a].[CreatedAt], [a].[Email], [a].[EmailConfirmed], [a].[FirstName], [a].[IsActive], [a].[IsMfaEnabled], [a].[LastName], [a].[LockoutEnabled], [a].[LockoutEnd], [a].[NormalizedEmail], [a].[NormalizedUserName], [a].[PasswordHash], [a].[PhoneNumber], [a].[PhoneNumberConfirmed], [a].[ProfileImageUrl], [a].[RefreshToken], [a].[RefreshTokenExpiry], [a].[SecurityStamp], [a].[TwoFactorEnabled], [a].[UpdatedAt], [a].[UserName]
FROM [AspNetUsers] AS [a]
WHERE [a].[Id] = @p
2026-03-31 00:43:31.515 +05:30 [INF] Executing OkObjectResult, writing value of type '<>f__AnonymousType2`3[[System.Boolean, System.Private.CoreLib, Version=10.0.0.0, Culture=neutral, PublicKeyToken=7cec85d7bea7798e],[System.String, System.Private.CoreLib, Version=10.0.0.0, Culture=neutral, PublicKeyToken=7cec85d7bea7798e],[System.String, System.Private.CoreLib, Version=10.0.0.0, Culture=neutral, PublicKeyToken=7cec85d7bea7798e]]'.
2026-03-31 00:43:31.525 +05:30 [INF] Executed action UserService.API.Controllers.AuthController.SendOtp (UserService.API) in 4241.4827ms
2026-03-31 00:43:31.532 +05:30 [INF] Executed endpoint 'UserService.API.Controllers.AuthController.SendOtp (UserService.API)'
2026-03-31 00:43:31.534 +05:30 [INF] HTTP POST /api/v1/auth/send-otp responded 200 in 4279.8149 ms
2026-03-31 00:43:31.540 +05:30 [INF] Request finished HTTP/1.1 POST http://localhost:5010/api/v1/auth/send-otp - 200 null application/json; charset=utf-8 4315.9009ms
2026-03-31 00:44:41.141 +05:30 [INF] Request starting HTTP/1.1 POST http://localhost:5010/api/v1/auth/verify-otp - application/json 97
2026-03-31 00:44:41.160 +05:30 [INF] CORS policy execution successful.
2026-03-31 00:44:41.165 +05:30 [INF] Executing endpoint 'UserService.API.Controllers.AuthController.VerifyOtp (UserService.API)'
2026-03-31 00:44:41.191 +05:30 [INF] Route matched with {action = "VerifyOtp", controller = "Auth"}. Executing controller action with signature System.Threading.Tasks.Task`1[Microsoft.AspNetCore.Mvc.IActionResult] VerifyOtp(UserService.Application.DTOs.VerifyOtpDto) on controller UserService.API.Controllers.AuthController (UserService.API).
2026-03-31 00:44:41.219 +05:30 [INF] Executing OkObjectResult, writing value of type '<>f__AnonymousType1`2[[System.Boolean, System.Private.CoreLib, Version=10.0.0.0, Culture=neutral, PublicKeyToken=7cec85d7bea7798e],[System.String, System.Private.CoreLib, Version=10.0.0.0, Culture=neutral, PublicKeyToken=7cec85d7bea7798e]]'.
2026-03-31 00:44:41.226 +05:30 [INF] Executed action UserService.API.Controllers.AuthController.VerifyOtp (UserService.API) in 29.9922ms
2026-03-31 00:44:41.231 +05:30 [INF] Executed endpoint 'UserService.API.Controllers.AuthController.VerifyOtp (UserService.API)'
2026-03-31 00:44:41.235 +05:30 [INF] HTTP POST /api/v1/auth/verify-otp responded 200 in 70.6030 ms
2026-03-31 00:44:41.239 +05:30 [INF] Request finished HTTP/1.1 POST http://localhost:5010/api/v1/auth/verify-otp - 200 null application/json; charset=utf-8 100.5494ms
2026-03-31 00:45:18.051 +05:30 [INF] Request starting HTTP/1.1 POST http://localhost:5010/api/v1/auth/send-otp - application/json 94
2026-03-31 00:45:18.064 +05:30 [INF] CORS policy execution successful.
2026-03-31 00:45:18.070 +05:30 [INF] Executing endpoint 'UserService.API.Controllers.AuthController.SendOtp (UserService.API)'
2026-03-31 00:45:18.077 +05:30 [INF] Route matched with {action = "SendOtp", controller = "Auth"}. Executing controller action with signature System.Threading.Tasks.Task`1[Microsoft.AspNetCore.Mvc.IActionResult] SendOtp(UserService.Application.DTOs.SendOtpDto) on controller UserService.API.Controllers.AuthController (UserService.API).
2026-03-31 00:45:18.115 +05:30 [INF] Executed DbCommand (18ms) [Parameters=[@p='?' (Size = 450)], CommandType='"Text"', CommandTimeout='30']
SELECT TOP(1) [a].[Id], [a].[AccessFailedCount], [a].[ConcurrencyStamp], [a].[CreatedAt], [a].[Email], [a].[EmailConfirmed], [a].[FirstName], [a].[IsActive], [a].[IsMfaEnabled], [a].[LastName], [a].[LockoutEnabled], [a].[LockoutEnd], [a].[NormalizedEmail], [a].[NormalizedUserName], [a].[PasswordHash], [a].[PhoneNumber], [a].[PhoneNumberConfirmed], [a].[ProfileImageUrl], [a].[RefreshToken], [a].[RefreshTokenExpiry], [a].[SecurityStamp], [a].[TwoFactorEnabled], [a].[UpdatedAt], [a].[UserName]
FROM [AspNetUsers] AS [a]
WHERE [a].[Id] = @p
2026-03-31 00:45:20.008 +05:30 [INF] Executing BadRequestObjectResult, writing value of type '<>f__AnonymousType1`2[[System.Boolean, System.Private.CoreLib, Version=10.0.0.0, Culture=neutral, PublicKeyToken=7cec85d7bea7798e],[System.String, System.Private.CoreLib, Version=10.0.0.0, Culture=neutral, PublicKeyToken=7cec85d7bea7798e]]'.
2026-03-31 00:45:20.012 +05:30 [INF] Executed action UserService.API.Controllers.AuthController.SendOtp (UserService.API) in 1919.1583ms
2026-03-31 00:45:20.015 +05:30 [INF] Executed endpoint 'UserService.API.Controllers.AuthController.SendOtp (UserService.API)'
2026-03-31 00:45:20.017 +05:30 [INF] HTTP POST /api/v1/auth/send-otp responded 400 in 1949.1030 ms
2026-03-31 00:45:20.021 +05:30 [INF] Request finished HTTP/1.1 POST http://localhost:5010/api/v1/auth/send-otp - 400 null application/json; charset=utf-8 1970.2404ms
2026-03-31 00:56:07.816 +05:30 [INF] Request starting HTTP/1.1 POST http://localhost:5010/api/v1/auth/send-otp - application/json 94
2026-03-31 00:56:07.826 +05:30 [INF] CORS policy execution successful.
2026-03-31 00:56:07.836 +05:30 [INF] Executing endpoint 'UserService.API.Controllers.AuthController.SendOtp (UserService.API)'
2026-03-31 00:56:07.840 +05:30 [INF] Route matched with {action = "SendOtp", controller = "Auth"}. Executing controller action with signature System.Threading.Tasks.Task`1[Microsoft.AspNetCore.Mvc.IActionResult] SendOtp(UserService.Application.DTOs.SendOtpDto) on controller UserService.API.Controllers.AuthController (UserService.API).
2026-03-31 00:56:08.342 +05:30 [INF] Executed DbCommand (25ms) [Parameters=[@p='?' (Size = 450)], CommandType='"Text"', CommandTimeout='30']
SELECT TOP(1) [a].[Id], [a].[AccessFailedCount], [a].[ConcurrencyStamp], [a].[CreatedAt], [a].[Email], [a].[EmailConfirmed], [a].[FirstName], [a].[IsActive], [a].[IsMfaEnabled], [a].[LastName], [a].[LockoutEnabled], [a].[LockoutEnd], [a].[NormalizedEmail], [a].[NormalizedUserName], [a].[PasswordHash], [a].[PhoneNumber], [a].[PhoneNumberConfirmed], [a].[ProfileImageUrl], [a].[RefreshToken], [a].[RefreshTokenExpiry], [a].[SecurityStamp], [a].[TwoFactorEnabled], [a].[UpdatedAt], [a].[UserName]
FROM [AspNetUsers] AS [a]
WHERE [a].[Id] = @p
2026-03-31 00:56:09.397 +05:30 [INF] Executing BadRequestObjectResult, writing value of type '<>f__AnonymousType1`2[[System.Boolean, System.Private.CoreLib, Version=10.0.0.0, Culture=neutral, PublicKeyToken=7cec85d7bea7798e],[System.String, System.Private.CoreLib, Version=10.0.0.0, Culture=neutral, PublicKeyToken=7cec85d7bea7798e]]'.
2026-03-31 00:56:09.403 +05:30 [INF] Executed action UserService.API.Controllers.AuthController.SendOtp (UserService.API) in 1558.9169ms
2026-03-31 00:56:09.407 +05:30 [INF] Executed endpoint 'UserService.API.Controllers.AuthController.SendOtp (UserService.API)'
2026-03-31 00:56:09.409 +05:30 [INF] HTTP POST /api/v1/auth/send-otp responded 400 in 1576.6748 ms
2026-03-31 00:56:09.412 +05:30 [INF] Request finished HTTP/1.1 POST http://localhost:5010/api/v1/auth/send-otp - 400 null application/json; charset=utf-8 1596.9434ms
2026-03-31 01:01:33.632 +05:30 [INF] Request starting HTTP/1.1 DELETE http://localhost:5010/api/v1/users/02040b25-50f4-4b0a-8fb5-8e8ba7cbc000 - null null
2026-03-31 01:01:33.643 +05:30 [INF] CORS policy execution successful.
2026-03-31 01:01:33.650 +05:30 [INF] Executing endpoint 'UserService.API.Controllers.UserController.DeleteUser (UserService.API)'
2026-03-31 01:01:33.680 +05:30 [INF] Route matched with {action = "DeleteUser", controller = "User"}. Executing controller action with signature System.Threading.Tasks.Task`1[Microsoft.AspNetCore.Mvc.IActionResult] DeleteUser(System.String) on controller UserService.API.Controllers.UserController (UserService.API).
2026-03-31 01:01:33.720 +05:30 [INF] Executed DbCommand (18ms) [Parameters=[@p='?' (Size = 450)], CommandType='"Text"', CommandTimeout='30']
SELECT TOP(1) [a].[Id], [a].[AccessFailedCount], [a].[ConcurrencyStamp], [a].[CreatedAt], [a].[Email], [a].[EmailConfirmed], [a].[FirstName], [a].[IsActive], [a].[IsMfaEnabled], [a].[LastName], [a].[LockoutEnabled], [a].[LockoutEnd], [a].[NormalizedEmail], [a].[NormalizedUserName], [a].[PasswordHash], [a].[PhoneNumber], [a].[PhoneNumberConfirmed], [a].[ProfileImageUrl], [a].[RefreshToken], [a].[RefreshTokenExpiry], [a].[SecurityStamp], [a].[TwoFactorEnabled], [a].[UpdatedAt], [a].[UserName]
FROM [AspNetUsers] AS [a]
WHERE [a].[Id] = @p
2026-03-31 01:01:33.779 +05:30 [INF] Executed DbCommand (43ms) [Parameters=[@normalizedUserName='?' (Size = 256)], CommandType='"Text"', CommandTimeout='30']
SELECT TOP(1) [a].[Id], [a].[AccessFailedCount], [a].[ConcurrencyStamp], [a].[CreatedAt], [a].[Email], [a].[EmailConfirmed], [a].[FirstName], [a].[IsActive], [a].[IsMfaEnabled], [a].[LastName], [a].[LockoutEnabled], [a].[LockoutEnd], [a].[NormalizedEmail], [a].[NormalizedUserName], [a].[PasswordHash], [a].[PhoneNumber], [a].[PhoneNumberConfirmed], [a].[ProfileImageUrl], [a].[RefreshToken], [a].[RefreshTokenExpiry], [a].[SecurityStamp], [a].[TwoFactorEnabled], [a].[UpdatedAt], [a].[UserName]
FROM [AspNetUsers] AS [a]
WHERE [a].[NormalizedUserName] = @normalizedUserName
2026-03-31 01:01:33.801 +05:30 [INF] Executed DbCommand (8ms) [Parameters=[@normalizedEmail='?' (Size = 256)], CommandType='"Text"', CommandTimeout='30']
SELECT TOP(2) [a].[Id], [a].[AccessFailedCount], [a].[ConcurrencyStamp], [a].[CreatedAt], [a].[Email], [a].[EmailConfirmed], [a].[FirstName], [a].[IsActive], [a].[IsMfaEnabled], [a].[LastName], [a].[LockoutEnabled], [a].[LockoutEnd], [a].[NormalizedEmail], [a].[NormalizedUserName], [a].[PasswordHash], [a].[PhoneNumber], [a].[PhoneNumberConfirmed], [a].[ProfileImageUrl], [a].[RefreshToken], [a].[RefreshTokenExpiry], [a].[SecurityStamp], [a].[TwoFactorEnabled], [a].[UpdatedAt], [a].[UserName]
FROM [AspNetUsers] AS [a]
WHERE [a].[NormalizedEmail] = @normalizedEmail
2026-03-31 01:01:33.862 +05:30 [INF] Executed DbCommand (45ms) [Parameters=[@p23='?' (Size = 450), @p0='?' (DbType = Int32), @p1='?' (Size = 4000), @p24='?' (Size = 4000), @p2='?' (DbType = DateTime2), @p3='?' (Size = 256), @p4='?' (DbType = Boolean), @p5='?' (Size = 50), @p6='?' (DbType = Boolean), @p7='?' (DbType = Boolean), @p8='?' (Size = 50), @p9='?' (DbType = Boolean), @p10='?' (DbType = DateTimeOffset), @p11='?' (Size = 256), @p12='?' (Size = 256), @p13='?' (Size = 4000), @p14='?' (Size = 4000), @p15='?' (DbType = Boolean), @p16='?' (Size = 4000), @p17='?' (Size = 4000), @p18='?' (DbType = DateTime2), @p19='?' (Size = 4000), @p20='?' (DbType = Boolean), @p21='?' (DbType = DateTime2), @p22='?' (Size = 256)], CommandType='"Text"', CommandTimeout='30']
SET IMPLICIT_TRANSACTIONS OFF;
SET NOCOUNT ON;
UPDATE [AspNetUsers] SET [AccessFailedCount] = @p0, [ConcurrencyStamp] = @p1, [CreatedAt] = @p2, [Email] = @p3, [EmailConfirmed] = @p4, [FirstName] = @p5, [IsActive] = @p6, [IsMfaEnabled] = @p7, [LastName] = @p8, [LockoutEnabled] = @p9, [LockoutEnd] = @p10, [NormalizedEmail] = @p11, [NormalizedUserName] = @p12, [PasswordHash] = @p13, [PhoneNumber] = @p14, [PhoneNumberConfirmed] = @p15, [ProfileImageUrl] = @p16, [RefreshToken] = @p17, [RefreshTokenExpiry] = @p18, [SecurityStamp] = @p19, [TwoFactorEnabled] = @p20, [UpdatedAt] = @p21, [UserName] = @p22
OUTPUT 1
WHERE [Id] = @p23 AND [ConcurrencyStamp] = @p24;
2026-03-31 01:01:33.874 +05:30 [INF] Executing OkObjectResult, writing value of type '<>f__AnonymousType1`2[[System.Boolean, System.Private.CoreLib, Version=10.0.0.0, Culture=neutral, PublicKeyToken=7cec85d7bea7798e],[System.String, System.Private.CoreLib, Version=10.0.0.0, Culture=neutral, PublicKeyToken=7cec85d7bea7798e]]'.
2026-03-31 01:01:33.878 +05:30 [INF] Executed action UserService.API.Controllers.UserController.DeleteUser (UserService.API) in 189.2179ms
2026-03-31 01:01:33.888 +05:30 [INF] Executed endpoint 'UserService.API.Controllers.UserController.DeleteUser (UserService.API)'
2026-03-31 01:01:33.897 +05:30 [INF] HTTP DELETE /api/v1/users/02040b25-50f4-4b0a-8fb5-8e8ba7cbc000 responded 200 in 249.5111 ms
2026-03-31 01:01:33.903 +05:30 [INF] Request finished HTTP/1.1 DELETE http://localhost:5010/api/v1/users/02040b25-50f4-4b0a-8fb5-8e8ba7cbc000 - 200 null application/json; charset=utf-8 271.7876ms
2026-03-31 01:02:26.717 +05:30 [INF] Request starting HTTP/1.1 POST http://localhost:5010/api/v1/auth/register - application/json 194
2026-03-31 01:02:26.730 +05:30 [INF] CORS policy execution successful.
2026-03-31 01:02:26.733 +05:30 [INF] Executing endpoint 'UserService.API.Controllers.AuthController.Register (UserService.API)'
2026-03-31 01:02:26.773 +05:30 [INF] Route matched with {action = "Register", controller = "Auth"}. Executing controller action with signature System.Threading.Tasks.Task`1[Microsoft.AspNetCore.Mvc.IActionResult] Register(UserService.Application.DTOs.RegisterDto) on controller UserService.API.Controllers.AuthController (UserService.API).
2026-03-31 01:02:26.852 +05:30 [INF] Executed DbCommand (16ms) [Parameters=[@normalizedEmail='?' (Size = 256)], CommandType='"Text"', CommandTimeout='30']
SELECT TOP(2) [a].[Id], [a].[AccessFailedCount], [a].[ConcurrencyStamp], [a].[CreatedAt], [a].[Email], [a].[EmailConfirmed], [a].[FirstName], [a].[IsActive], [a].[IsMfaEnabled], [a].[LastName], [a].[LockoutEnabled], [a].[LockoutEnd], [a].[NormalizedEmail], [a].[NormalizedUserName], [a].[PasswordHash], [a].[PhoneNumber], [a].[PhoneNumberConfirmed], [a].[ProfileImageUrl], [a].[RefreshToken], [a].[RefreshTokenExpiry], [a].[SecurityStamp], [a].[TwoFactorEnabled], [a].[UpdatedAt], [a].[UserName]
FROM [AspNetUsers] AS [a]
WHERE [a].[NormalizedEmail] = @normalizedEmail
2026-03-31 01:02:27.025 +05:30 [INF] Executing BadRequestObjectResult, writing value of type '<>f__AnonymousType1`2[[System.Boolean, System.Private.CoreLib, Version=10.0.0.0, Culture=neutral, PublicKeyToken=7cec85d7bea7798e],[System.String, System.Private.CoreLib, Version=10.0.0.0, Culture=neutral, PublicKeyToken=7cec85d7bea7798e]]'.
2026-03-31 01:02:27.029 +05:30 [INF] Executed action UserService.API.Controllers.AuthController.Register (UserService.API) in 249.9913ms
2026-03-31 01:02:27.032 +05:30 [INF] Executed endpoint 'UserService.API.Controllers.AuthController.Register (UserService.API)'
2026-03-31 01:02:27.036 +05:30 [INF] HTTP POST /api/v1/auth/register responded 400 in 304.0889 ms
2026-03-31 01:02:27.047 +05:30 [INF] Request finished HTTP/1.1 POST http://localhost:5010/api/v1/auth/register - 400 null application/json; charset=utf-8 330.5471ms
2026-03-31 01:02:49.639 +05:30 [INF] Request starting HTTP/1.1 POST http://localhost:5010/api/v1/auth/register - application/json 194
2026-03-31 01:02:49.645 +05:30 [INF] CORS policy execution successful.
2026-03-31 01:02:49.668 +05:30 [INF] Executing endpoint 'UserService.API.Controllers.AuthController.Register (UserService.API)'
2026-03-31 01:02:49.670 +05:30 [INF] Route matched with {action = "Register", controller = "Auth"}. Executing controller action with signature System.Threading.Tasks.Task`1[Microsoft.AspNetCore.Mvc.IActionResult] Register(UserService.Application.DTOs.RegisterDto) on controller UserService.API.Controllers.AuthController (UserService.API).
2026-03-31 01:02:49.703 +05:30 [INF] Executed DbCommand (21ms) [Parameters=[@normalizedEmail='?' (Size = 256)], CommandType='"Text"', CommandTimeout='30']
SELECT TOP(2) [a].[Id], [a].[AccessFailedCount], [a].[ConcurrencyStamp], [a].[CreatedAt], [a].[Email], [a].[EmailConfirmed], [a].[FirstName], [a].[IsActive], [a].[IsMfaEnabled], [a].[LastName], [a].[LockoutEnabled], [a].[LockoutEnd], [a].[NormalizedEmail], [a].[NormalizedUserName], [a].[PasswordHash], [a].[PhoneNumber], [a].[PhoneNumberConfirmed], [a].[ProfileImageUrl], [a].[RefreshToken], [a].[RefreshTokenExpiry], [a].[SecurityStamp], [a].[TwoFactorEnabled], [a].[UpdatedAt], [a].[UserName]
FROM [AspNetUsers] AS [a]
WHERE [a].[NormalizedEmail] = @normalizedEmail
2026-03-31 01:02:49.861 +05:30 [INF] Executing BadRequestObjectResult, writing value of type '<>f__AnonymousType1`2[[System.Boolean, System.Private.CoreLib, Version=10.0.0.0, Culture=neutral, PublicKeyToken=7cec85d7bea7798e],[System.String, System.Private.CoreLib, Version=10.0.0.0, Culture=neutral, PublicKeyToken=7cec85d7bea7798e]]'.
2026-03-31 01:02:49.866 +05:30 [INF] Executed action UserService.API.Controllers.AuthController.Register (UserService.API) in 190.2401ms
2026-03-31 01:02:49.869 +05:30 [INF] Executed endpoint 'UserService.API.Controllers.AuthController.Register (UserService.API)'
2026-03-31 01:02:49.871 +05:30 [INF] HTTP POST /api/v1/auth/register responded 400 in 223.8805 ms
2026-03-31 01:02:49.875 +05:30 [INF] Request finished HTTP/1.1 POST http://localhost:5010/api/v1/auth/register - 400 null application/json; charset=utf-8 285.9733ms
2026-03-31 01:03:37.360 +05:30 [INF] Request starting HTTP/1.1 GET http://localhost:5010/api/v1/users - null null
2026-03-31 01:03:37.374 +05:30 [INF] Authorization failed. These requirements were not met:
DenyAnonymousAuthorizationRequirement: Requires an authenticated user.
RolesAuthorizationRequirement:User.IsInRole must be true for one of the following roles: (Admin)
2026-03-31 01:03:37.381 +05:30 [INF] AuthenticationScheme: Bearer was challenged.
2026-03-31 01:03:37.389 +05:30 [INF] HTTP GET /api/v1/users responded 401 in 17.6231 ms
2026-03-31 01:03:37.402 +05:30 [INF] Request finished HTTP/1.1 GET http://localhost:5010/api/v1/users - 401 0 null 41.6994ms
2026-03-31 01:04:10.402 +05:30 [INF] Request starting HTTP/1.1 POST http://localhost:5010/api/v1/auth/register - application/json 182
2026-03-31 01:04:10.444 +05:30 [INF] CORS policy execution successful.
2026-03-31 01:04:10.450 +05:30 [INF] Executing endpoint 'UserService.API.Controllers.AuthController.Register (UserService.API)'
2026-03-31 01:04:10.454 +05:30 [INF] Route matched with {action = "Register", controller = "Auth"}. Executing controller action with signature System.Threading.Tasks.Task`1[Microsoft.AspNetCore.Mvc.IActionResult] Register(UserService.Application.DTOs.RegisterDto) on controller UserService.API.Controllers.AuthController (UserService.API).
2026-03-31 01:04:10.486 +05:30 [INF] Executed DbCommand (18ms) [Parameters=[@normalizedEmail='?' (Size = 256)], CommandType='"Text"', CommandTimeout='30']
SELECT TOP(2) [a].[Id], [a].[AccessFailedCount], [a].[ConcurrencyStamp], [a].[CreatedAt], [a].[Email], [a].[EmailConfirmed], [a].[FirstName], [a].[IsActive], [a].[IsMfaEnabled], [a].[LastName], [a].[LockoutEnabled], [a].[LockoutEnd], [a].[NormalizedEmail], [a].[NormalizedUserName], [a].[PasswordHash], [a].[PhoneNumber], [a].[PhoneNumberConfirmed], [a].[ProfileImageUrl], [a].[RefreshToken], [a].[RefreshTokenExpiry], [a].[SecurityStamp], [a].[TwoFactorEnabled], [a].[UpdatedAt], [a].[UserName]
FROM [AspNetUsers] AS [a]
WHERE [a].[NormalizedEmail] = @normalizedEmail
2026-03-31 01:04:10.720 +05:30 [INF] Executed DbCommand (6ms) [Parameters=[@normalizedUserName='?' (Size = 256)], CommandType='"Text"', CommandTimeout='30']
SELECT TOP(1) [a].[Id], [a].[AccessFailedCount], [a].[ConcurrencyStamp], [a].[CreatedAt], [a].[Email], [a].[EmailConfirmed], [a].[FirstName], [a].[IsActive], [a].[IsMfaEnabled], [a].[LastName], [a].[LockoutEnabled], [a].[LockoutEnd], [a].[NormalizedEmail], [a].[NormalizedUserName], [a].[PasswordHash], [a].[PhoneNumber], [a].[PhoneNumberConfirmed], [a].[ProfileImageUrl], [a].[RefreshToken], [a].[RefreshTokenExpiry], [a].[SecurityStamp], [a].[TwoFactorEnabled], [a].[UpdatedAt], [a].[UserName]
FROM [AspNetUsers] AS [a]
WHERE [a].[NormalizedUserName] = @normalizedUserName
2026-03-31 01:04:10.727 +05:30 [INF] Executed DbCommand (1ms) [Parameters=[@normalizedEmail='?' (Size = 256)], CommandType='"Text"', CommandTimeout='30']
SELECT TOP(2) [a].[Id], [a].[AccessFailedCount], [a].[ConcurrencyStamp], [a].[CreatedAt], [a].[Email], [a].[EmailConfirmed], [a].[FirstName], [a].[IsActive], [a].[IsMfaEnabled], [a].[LastName], [a].[LockoutEnabled], [a].[LockoutEnd], [a].[NormalizedEmail], [a].[NormalizedUserName], [a].[PasswordHash], [a].[PhoneNumber], [a].[PhoneNumberConfirmed], [a].[ProfileImageUrl], [a].[RefreshToken], [a].[RefreshTokenExpiry], [a].[SecurityStamp], [a].[TwoFactorEnabled], [a].[UpdatedAt], [a].[UserName]
FROM [AspNetUsers] AS [a]
WHERE [a].[NormalizedEmail] = @normalizedEmail
2026-03-31 01:04:10.854 +05:30 [INF] Executed DbCommand (17ms) [Parameters=[@p0='?' (Size = 450), @p1='?' (DbType = Int32), @p2='?' (Size = 4000), @p3='?' (DbType = DateTime2), @p4='?' (Size = 256), @p5='?' (DbType = Boolean), @p6='?' (Size = 50), @p7='?' (DbType = Boolean), @p8='?' (DbType = Boolean), @p9='?' (Size = 50), @p10='?' (DbType = Boolean), @p11='?' (DbType = DateTimeOffset), @p12='?' (Size = 256), @p13='?' (Size = 256), @p14='?' (Size = 4000), @p15='?' (Size = 4000), @p16='?' (DbType = Boolean), @p17='?' (Size = 4000), @p18='?' (Size = 4000), @p19='?' (DbType = DateTime2), @p20='?' (Size = 4000), @p21='?' (DbType = Boolean), @p22='?' (DbType = DateTime2), @p23='?' (Size = 256)], CommandType='"Text"', CommandTimeout='30']
SET IMPLICIT_TRANSACTIONS OFF;
SET NOCOUNT ON;
INSERT INTO [AspNetUsers] ([Id], [AccessFailedCount], [ConcurrencyStamp], [CreatedAt], [Email], [EmailConfirmed], [FirstName], [IsActive], [IsMfaEnabled], [LastName], [LockoutEnabled], [LockoutEnd], [NormalizedEmail], [NormalizedUserName], [PasswordHash], [PhoneNumber], [PhoneNumberConfirmed], [ProfileImageUrl], [RefreshToken], [RefreshTokenExpiry], [SecurityStamp], [TwoFactorEnabled], [UpdatedAt], [UserName])
VALUES (@p0, @p1, @p2, @p3, @p4, @p5, @p6, @p7, @p8, @p9, @p10, @p11, @p12, @p13, @p14, @p15, @p16, @p17, @p18, @p19, @p20, @p21, @p22, @p23);
2026-03-31 01:04:10.924 +05:30 [INF] Executed DbCommand (13ms) [Parameters=[@normalizedRoleName='?' (Size = 256)], CommandType='"Text"', CommandTimeout='30']
SELECT TOP(2) [a].[Id], [a].[ConcurrencyStamp], [a].[Name], [a].[NormalizedName]
FROM [AspNetRoles] AS [a]
WHERE [a].[NormalizedName] = @normalizedRoleName
2026-03-31 01:04:10.968 +05:30 [INF] Executed DbCommand (8ms) [Parameters=[@p='?' (Size = 450), @p1='?' (Size = 450)], CommandType='"Text"', CommandTimeout='30']
SELECT TOP(1) [a].[UserId], [a].[RoleId]
FROM [AspNetUserRoles] AS [a]
WHERE [a].[UserId] = @p AND [a].[RoleId] = @p1
2026-03-31 01:04:10.993 +05:30 [INF] Executed DbCommand (11ms) [Parameters=[@normalizedRoleName='?' (Size = 256)], CommandType='"Text"', CommandTimeout='30']
SELECT TOP(2) [a].[Id], [a].[ConcurrencyStamp], [a].[Name], [a].[NormalizedName]
FROM [AspNetRoles] AS [a]
WHERE [a].[NormalizedName] = @normalizedRoleName
2026-03-31 01:04:11.084 +05:30 [INF] Executed DbCommand (11ms) [Parameters=[@normalizedUserName='?' (Size = 256)], CommandType='"Text"', CommandTimeout='30']
SELECT TOP(1) [a].[Id], [a].[AccessFailedCount], [a].[ConcurrencyStamp], [a].[CreatedAt], [a].[Email], [a].[EmailConfirmed], [a].[FirstName], [a].[IsActive], [a].[IsMfaEnabled], [a].[LastName], [a].[LockoutEnabled], [a].[LockoutEnd], [a].[NormalizedEmail], [a].[NormalizedUserName], [a].[PasswordHash], [a].[PhoneNumber], [a].[PhoneNumberConfirmed], [a].[ProfileImageUrl], [a].[RefreshToken], [a].[RefreshTokenExpiry], [a].[SecurityStamp], [a].[TwoFactorEnabled], [a].[UpdatedAt], [a].[UserName]
FROM [AspNetUsers] AS [a]
WHERE [a].[NormalizedUserName] = @normalizedUserName
2026-03-31 01:04:11.106 +05:30 [INF] Executed DbCommand (11ms) [Parameters=[@normalizedEmail='?' (Size = 256)], CommandType='"Text"', CommandTimeout='30']
SELECT TOP(2) [a].[Id], [a].[AccessFailedCount], [a].[ConcurrencyStamp], [a].[CreatedAt], [a].[Email], [a].[EmailConfirmed], [a].[FirstName], [a].[IsActive], [a].[IsMfaEnabled], [a].[LastName], [a].[LockoutEnabled], [a].[LockoutEnd], [a].[NormalizedEmail], [a].[NormalizedUserName], [a].[PasswordHash], [a].[PhoneNumber], [a].[PhoneNumberConfirmed], [a].[ProfileImageUrl], [a].[RefreshToken], [a].[RefreshTokenExpiry], [a].[SecurityStamp], [a].[TwoFactorEnabled], [a].[UpdatedAt], [a].[UserName]
FROM [AspNetUsers] AS [a]
WHERE [a].[NormalizedEmail] = @normalizedEmail
2026-03-31 01:04:11.204 +05:30 [INF] Executed DbCommand (30ms) [Parameters=[@p0='?' (Size = 450), @p1='?' (Size = 450), @p25='?' (Size = 450), @p2='?' (DbType = Int32), @p3='?' (Size = 4000), @p26='?' (Size = 4000), @p4='?' (DbType = DateTime2), @p5='?' (Size = 256), @p6='?' (DbType = Boolean), @p7='?' (Size = 50), @p8='?' (DbType = Boolean), @p9='?' (DbType = Boolean), @p10='?' (Size = 50), @p11='?' (DbType = Boolean), @p12='?' (DbType = DateTimeOffset), @p13='?' (Size = 256), @p14='?' (Size = 256), @p15='?' (Size = 4000), @p16='?' (Size = 4000), @p17='?' (DbType = Boolean), @p18='?' (Size = 4000), @p19='?' (Size = 4000), @p20='?' (DbType = DateTime2), @p21='?' (Size = 4000), @p22='?' (DbType = Boolean), @p23='?' (DbType = DateTime2), @p24='?' (Size = 256)], CommandType='"Text"', CommandTimeout='30']
SET NOCOUNT ON;
INSERT INTO [AspNetUserRoles] ([RoleId], [UserId])
VALUES (@p0, @p1);
UPDATE [AspNetUsers] SET [AccessFailedCount] = @p2, [ConcurrencyStamp] = @p3, [CreatedAt] = @p4, [Email] = @p5, [EmailConfirmed] = @p6, [FirstName] = @p7, [IsActive] = @p8, [IsMfaEnabled] = @p9, [LastName] = @p10, [LockoutEnabled] = @p11, [LockoutEnd] = @p12, [NormalizedEmail] = @p13, [NormalizedUserName] = @p14, [PasswordHash] = @p15, [PhoneNumber] = @p16, [PhoneNumberConfirmed] = @p17, [ProfileImageUrl] = @p18, [RefreshToken] = @p19, [RefreshTokenExpiry] = @p20, [SecurityStamp] = @p21, [TwoFactorEnabled] = @p22, [UpdatedAt] = @p23, [UserName] = @p24
OUTPUT 1
WHERE [Id] = @p25 AND [ConcurrencyStamp] = @p26;
2026-03-31 01:04:11.256 +05:30 [INF] Executed DbCommand (12ms) [Parameters=[@userId='?' (Size = 450)], CommandType='"Text"', CommandTimeout='30']
SELECT [a0].[Name]
FROM [AspNetUserRoles] AS [a]
INNER JOIN [AspNetRoles] AS [a0] ON [a].[RoleId] = [a0].[Id]
WHERE [a].[UserId] = @userId
2026-03-31 01:04:11.274 +05:30 [INF] Executed DbCommand (7ms) [Parameters=[@normalizedUserName='?' (Size = 256)], CommandType='"Text"', CommandTimeout='30']
SELECT TOP(1) [a].[Id], [a].[AccessFailedCount], [a].[ConcurrencyStamp], [a].[CreatedAt], [a].[Email], [a].[EmailConfirmed], [a].[FirstName], [a].[IsActive], [a].[IsMfaEnabled], [a].[LastName], [a].[LockoutEnabled], [a].[LockoutEnd], [a].[NormalizedEmail], [a].[NormalizedUserName], [a].[PasswordHash], [a].[PhoneNumber], [a].[PhoneNumberConfirmed], [a].[ProfileImageUrl], [a].[RefreshToken], [a].[RefreshTokenExpiry], [a].[SecurityStamp], [a].[TwoFactorEnabled], [a].[UpdatedAt], [a].[UserName]
FROM [AspNetUsers] AS [a]
WHERE [a].[NormalizedUserName] = @normalizedUserName
2026-03-31 01:04:11.287 +05:30 [INF] Executed DbCommand (6ms) [Parameters=[@normalizedEmail='?' (Size = 256)], CommandType='"Text"', CommandTimeout='30']
SELECT TOP(2) [a].[Id], [a].[AccessFailedCount], [a].[ConcurrencyStamp], [a].[CreatedAt], [a].[Email], [a].[EmailConfirmed], [a].[FirstName], [a].[IsActive], [a].[IsMfaEnabled], [a].[LastName], [a].[LockoutEnabled], [a].[LockoutEnd], [a].[NormalizedEmail], [a].[NormalizedUserName], [a].[PasswordHash], [a].[PhoneNumber], [a].[PhoneNumberConfirmed], [a].[ProfileImageUrl], [a].[RefreshToken], [a].[RefreshTokenExpiry], [a].[SecurityStamp], [a].[TwoFactorEnabled], [a].[UpdatedAt], [a].[UserName]
FROM [AspNetUsers] AS [a]
WHERE [a].[NormalizedEmail] = @normalizedEmail
2026-03-31 01:04:11.307 +05:30 [INF] Executed DbCommand (14ms) [Parameters=[@p23='?' (Size = 450), @p0='?' (DbType = Int32), @p1='?' (Size = 4000), @p24='?' (Size = 4000), @p2='?' (DbType = DateTime2), @p3='?' (Size = 256), @p4='?' (DbType = Boolean), @p5='?' (Size = 50), @p6='?' (DbType = Boolean), @p7='?' (DbType = Boolean), @p8='?' (Size = 50), @p9='?' (DbType = Boolean), @p10='?' (DbType = DateTimeOffset), @p11='?' (Size = 256), @p12='?' (Size = 256), @p13='?' (Size = 4000), @p14='?' (Size = 4000), @p15='?' (DbType = Boolean), @p16='?' (Size = 4000), @p17='?' (Size = 4000), @p18='?' (DbType = DateTime2), @p19='?' (Size = 4000), @p20='?' (DbType = Boolean), @p21='?' (DbType = DateTime2), @p22='?' (Size = 256)], CommandType='"Text"', CommandTimeout='30']
SET IMPLICIT_TRANSACTIONS OFF;
SET NOCOUNT ON;
UPDATE [AspNetUsers] SET [AccessFailedCount] = @p0, [ConcurrencyStamp] = @p1, [CreatedAt] = @p2, [Email] = @p3, [EmailConfirmed] = @p4, [FirstName] = @p5, [IsActive] = @p6, [IsMfaEnabled] = @p7, [LastName] = @p8, [LockoutEnabled] = @p9, [LockoutEnd] = @p10, [NormalizedEmail] = @p11, [NormalizedUserName] = @p12, [PasswordHash] = @p13, [PhoneNumber] = @p14, [PhoneNumberConfirmed] = @p15, [ProfileImageUrl] = @p16, [RefreshToken] = @p17, [RefreshTokenExpiry] = @p18, [SecurityStamp] = @p19, [TwoFactorEnabled] = @p20, [UpdatedAt] = @p21, [UserName] = @p22
OUTPUT 1
WHERE [Id] = @p23 AND [ConcurrencyStamp] = @p24;
2026-03-31 01:04:11.316 +05:30 [INF] Executing OkObjectResult, writing value of type '<>f__AnonymousType0`2[[System.Boolean, System.Private.CoreLib, Version=10.0.0.0, Culture=neutral, PublicKeyToken=7cec85d7bea7798e],[UserService.Application.DTOs.TokenResponseDto, UserService.Application, Version=1.0.0.0, Culture=neutral, PublicKeyToken=null]]'.
2026-03-31 01:04:11.321 +05:30 [INF] Executed action UserService.API.Controllers.AuthController.Register (UserService.API) in 859.6186ms
2026-03-31 01:04:11.324 +05:30 [INF] Executed endpoint 'UserService.API.Controllers.AuthController.Register (UserService.API)'
2026-03-31 01:04:11.331 +05:30 [INF] HTTP POST /api/v1/auth/register responded 200 in 882.1520 ms
2026-03-31 01:04:11.339 +05:30 [INF] Request finished HTTP/1.1 POST http://localhost:5010/api/v1/auth/register - 200 null application/json; charset=utf-8 937.0885ms
2026-03-31 01:05:03.305 +05:30 [INF] Request starting HTTP/1.1 POST http://localhost:5010/api/v1/auth/login - application/json 57
2026-03-31 01:05:03.315 +05:30 [INF] CORS policy execution successful.
2026-03-31 01:05:03.321 +05:30 [INF] Executing endpoint 'UserService.API.Controllers.AuthController.Login (UserService.API)'
2026-03-31 01:05:03.331 +05:30 [INF] Route matched with {action = "Login", controller = "Auth"}. Executing controller action with signature System.Threading.Tasks.Task`1[Microsoft.AspNetCore.Mvc.IActionResult] Login(UserService.Application.DTOs.LoginDto) on controller UserService.API.Controllers.AuthController (UserService.API).
2026-03-31 01:05:03.356 +05:30 [INF] Executed DbCommand (13ms) [Parameters=[@normalizedEmail='?' (Size = 256)], CommandType='"Text"', CommandTimeout='30']
SELECT TOP(2) [a].[Id], [a].[AccessFailedCount], [a].[ConcurrencyStamp], [a].[CreatedAt], [a].[Email], [a].[EmailConfirmed], [a].[FirstName], [a].[IsActive], [a].[IsMfaEnabled], [a].[LastName], [a].[LockoutEnabled], [a].[LockoutEnd], [a].[NormalizedEmail], [a].[NormalizedUserName], [a].[PasswordHash], [a].[PhoneNumber], [a].[PhoneNumberConfirmed], [a].[ProfileImageUrl], [a].[RefreshToken], [a].[RefreshTokenExpiry], [a].[SecurityStamp], [a].[TwoFactorEnabled], [a].[UpdatedAt], [a].[UserName]
FROM [AspNetUsers] AS [a]
WHERE [a].[NormalizedEmail] = @normalizedEmail
2026-03-31 01:05:03.565 +05:30 [INF] Executed DbCommand (8ms) [Parameters=[@userId='?' (Size = 450)], CommandType='"Text"', CommandTimeout='30']
SELECT [a0].[Name]
FROM [AspNetUserRoles] AS [a]
INNER JOIN [AspNetRoles] AS [a0] ON [a].[RoleId] = [a0].[Id]
WHERE [a].[UserId] = @userId
2026-03-31 01:05:03.586 +05:30 [INF] Executed DbCommand (8ms) [Parameters=[@normalizedUserName='?' (Size = 256)], CommandType='"Text"', CommandTimeout='30']
SELECT TOP(1) [a].[Id], [a].[AccessFailedCount], [a].[ConcurrencyStamp], [a].[CreatedAt], [a].[Email], [a].[EmailConfirmed], [a].[FirstName], [a].[IsActive], [a].[IsMfaEnabled], [a].[LastName], [a].[LockoutEnabled], [a].[LockoutEnd], [a].[NormalizedEmail], [a].[NormalizedUserName], [a].[PasswordHash], [a].[PhoneNumber], [a].[PhoneNumberConfirmed], [a].[ProfileImageUrl], [a].[RefreshToken], [a].[RefreshTokenExpiry], [a].[SecurityStamp], [a].[TwoFactorEnabled], [a].[UpdatedAt], [a].[UserName]
FROM [AspNetUsers] AS [a]
WHERE [a].[NormalizedUserName] = @normalizedUserName
2026-03-31 01:05:03.601 +05:30 [INF] Executed DbCommand (2ms) [Parameters=[@normalizedEmail='?' (Size = 256)], CommandType='"Text"', CommandTimeout='30']
SELECT TOP(2) [a].[Id], [a].[AccessFailedCount], [a].[ConcurrencyStamp], [a].[CreatedAt], [a].[Email], [a].[EmailConfirmed], [a].[FirstName], [a].[IsActive], [a].[IsMfaEnabled], [a].[LastName], [a].[LockoutEnabled], [a].[LockoutEnd], [a].[NormalizedEmail], [a].[NormalizedUserName], [a].[PasswordHash], [a].[PhoneNumber], [a].[PhoneNumberConfirmed], [a].[ProfileImageUrl], [a].[RefreshToken], [a].[RefreshTokenExpiry], [a].[SecurityStamp], [a].[TwoFactorEnabled], [a].[UpdatedAt], [a].[UserName]
FROM [AspNetUsers] AS [a]
WHERE [a].[NormalizedEmail] = @normalizedEmail
2026-03-31 01:05:03.629 +05:30 [INF] Executed DbCommand (17ms) [Parameters=[@p23='?' (Size = 450), @p0='?' (DbType = Int32), @p1='?' (Size = 4000), @p24='?' (Size = 4000), @p2='?' (DbType = DateTime2), @p3='?' (Size = 256), @p4='?' (DbType = Boolean), @p5='?' (Size = 50), @p6='?' (DbType = Boolean), @p7='?' (DbType = Boolean), @p8='?' (Size = 50), @p9='?' (DbType = Boolean), @p10='?' (DbType = DateTimeOffset), @p11='?' (Size = 256), @p12='?' (Size = 256), @p13='?' (Size = 4000), @p14='?' (Size = 4000), @p15='?' (DbType = Boolean), @p16='?' (Size = 4000), @p17='?' (Size = 4000), @p18='?' (DbType = DateTime2), @p19='?' (Size = 4000), @p20='?' (DbType = Boolean), @p21='?' (DbType = DateTime2), @p22='?' (Size = 256)], CommandType='"Text"', CommandTimeout='30']
SET IMPLICIT_TRANSACTIONS OFF;
SET NOCOUNT ON;
UPDATE [AspNetUsers] SET [AccessFailedCount] = @p0, [ConcurrencyStamp] = @p1, [CreatedAt] = @p2, [Email] = @p3, [EmailConfirmed] = @p4, [FirstName] = @p5, [IsActive] = @p6, [IsMfaEnabled] = @p7, [LastName] = @p8, [LockoutEnabled] = @p9, [LockoutEnd] = @p10, [NormalizedEmail] = @p11, [NormalizedUserName] = @p12, [PasswordHash] = @p13, [PhoneNumber] = @p14, [PhoneNumberConfirmed] = @p15, [ProfileImageUrl] = @p16, [RefreshToken] = @p17, [RefreshTokenExpiry] = @p18, [SecurityStamp] = @p19, [TwoFactorEnabled] = @p20, [UpdatedAt] = @p21, [UserName] = @p22
OUTPUT 1
WHERE [Id] = @p23 AND [ConcurrencyStamp] = @p24;
2026-03-31 01:05:03.643 +05:30 [INF] Executing OkObjectResult, writing value of type '<>f__AnonymousType0`2[[System.Boolean, System.Private.CoreLib, Version=10.0.0.0, Culture=neutral, PublicKeyToken=7cec85d7bea7798e],[UserService.Application.DTOs.TokenResponseDto, UserService.Application, Version=1.0.0.0, Culture=neutral, PublicKeyToken=null]]'.
2026-03-31 01:05:03.648 +05:30 [INF] Executed action UserService.API.Controllers.AuthController.Login (UserService.API) in 311.7457ms
2026-03-31 01:05:03.654 +05:30 [INF] Executed endpoint 'UserService.API.Controllers.AuthController.Login (UserService.API)'
2026-03-31 01:05:03.656 +05:30 [INF] HTTP POST /api/v1/auth/login responded 200 in 335.9880 ms
2026-03-31 01:05:03.661 +05:30 [INF] Request finished HTTP/1.1 POST http://localhost:5010/api/v1/auth/login - 200 null application/json; charset=utf-8 356.5727ms
2026-03-31 01:06:04.955 +05:30 [INF] Request starting HTTP/1.1 GET http://localhost:5010/api/v1/users - null null
2026-03-31 01:06:04.963 +05:30 [INF] Executing endpoint 'UserService.API.Controllers.UserController.GetAllUsers (UserService.API)'
2026-03-31 01:06:04.966 +05:30 [INF] Route matched with {action = "GetAllUsers", controller = "User"}. Executing controller action with signature System.Threading.Tasks.Task`1[Microsoft.AspNetCore.Mvc.IActionResult] GetAllUsers() on controller UserService.API.Controllers.UserController (UserService.API).
2026-03-31 01:06:05.020 +05:30 [INF] Executed DbCommand (22ms) [Parameters=[], CommandType='"Text"', CommandTimeout='30']
SELECT [a].[Id], [a].[AccessFailedCount], [a].[ConcurrencyStamp], [a].[CreatedAt], [a].[Email], [a].[EmailConfirmed], [a].[FirstName], [a].[IsActive], [a].[IsMfaEnabled], [a].[LastName], [a].[LockoutEnabled], [a].[LockoutEnd], [a].[NormalizedEmail], [a].[NormalizedUserName], [a].[PasswordHash], [a].[PhoneNumber], [a].[PhoneNumberConfirmed], [a].[ProfileImageUrl], [a].[RefreshToken], [a].[RefreshTokenExpiry], [a].[SecurityStamp], [a].[TwoFactorEnabled], [a].[UpdatedAt], [a].[UserName]
FROM [AspNetUsers] AS [a]
WHERE [a].[IsActive] = CAST(1 AS bit)
2026-03-31 01:06:05.039 +05:30 [INF] Executed DbCommand (10ms) [Parameters=[@userId='?' (Size = 450)], CommandType='"Text"', CommandTimeout='30']
SELECT [a0].[Name]
FROM [AspNetUserRoles] AS [a]
INNER JOIN [AspNetRoles] AS [a0] ON [a].[RoleId] = [a0].[Id]
WHERE [a].[UserId] = @userId
2026-03-31 01:06:05.045 +05:30 [INF] Executed DbCommand (1ms) [Parameters=[@userId='?' (Size = 450)], CommandType='"Text"', CommandTimeout='30']
SELECT [a0].[Name]
FROM [AspNetUserRoles] AS [a]
INNER JOIN [AspNetRoles] AS [a0] ON [a].[RoleId] = [a0].[Id]
WHERE [a].[UserId] = @userId
2026-03-31 01:06:05.053 +05:30 [INF] Executing OkObjectResult, writing value of type '<>f__AnonymousType0`2[[System.Boolean, System.Private.CoreLib, Version=10.0.0.0, Culture=neutral, PublicKeyToken=7cec85d7bea7798e],[System.Collections.Generic.IEnumerable`1[[UserService.Application.DTOs.UserProfileDto, UserService.Application, Version=1.0.0.0, Culture=neutral, PublicKeyToken=null]], System.Private.CoreLib, Version=10.0.0.0, Culture=neutral, PublicKeyToken=7cec85d7bea7798e]]'.
2026-03-31 01:06:05.057 +05:30 [INF] Executed action UserService.API.Controllers.UserController.GetAllUsers (UserService.API) in 84.9783ms
2026-03-31 01:06:05.060 +05:30 [INF] Executed endpoint 'UserService.API.Controllers.UserController.GetAllUsers (UserService.API)'
2026-03-31 01:06:05.062 +05:30 [INF] HTTP GET /api/v1/users responded 200 in 99.7582 ms
2026-03-31 01:06:05.068 +05:30 [INF] Request finished HTTP/1.1 GET http://localhost:5010/api/v1/users - 200 null application/json; charset=utf-8 113.9496ms
2026-03-31 01:10:11.711 +05:30 [INF] Request starting HTTP/1.1 POST http://localhost:5010/api/v1/auth/send-otp - application/json 94
2026-03-31 01:10:11.731 +05:30 [INF] CORS policy execution successful.
2026-03-31 01:10:11.738 +05:30 [INF] Executing endpoint 'UserService.API.Controllers.AuthController.SendOtp (UserService.API)'
2026-03-31 01:10:11.744 +05:30 [INF] Route matched with {action = "SendOtp", controller = "Auth"}. Executing controller action with signature System.Threading.Tasks.Task`1[Microsoft.AspNetCore.Mvc.IActionResult] SendOtp(UserService.Application.DTOs.SendOtpDto) on controller UserService.API.Controllers.AuthController (UserService.API).
2026-03-31 01:10:11.794 +05:30 [INF] Executed DbCommand (32ms) [Parameters=[@p='?' (Size = 450)], CommandType='"Text"', CommandTimeout='30']
SELECT TOP(1) [a].[Id], [a].[AccessFailedCount], [a].[ConcurrencyStamp], [a].[CreatedAt], [a].[Email], [a].[EmailConfirmed], [a].[FirstName], [a].[IsActive], [a].[IsMfaEnabled], [a].[LastName], [a].[LockoutEnabled], [a].[LockoutEnd], [a].[NormalizedEmail], [a].[NormalizedUserName], [a].[PasswordHash], [a].[PhoneNumber], [a].[PhoneNumberConfirmed], [a].[ProfileImageUrl], [a].[RefreshToken], [a].[RefreshTokenExpiry], [a].[SecurityStamp], [a].[TwoFactorEnabled], [a].[UpdatedAt], [a].[UserName]
FROM [AspNetUsers] AS [a]
WHERE [a].[Id] = @p
2026-03-31 01:10:12.667 +05:30 [INF] Executing BadRequestObjectResult, writing value of type '<>f__AnonymousType1`2[[System.Boolean, System.Private.CoreLib, Version=10.0.0.0, Culture=neutral, PublicKeyToken=7cec85d7bea7798e],[System.String, System.Private.CoreLib, Version=10.0.0.0, Culture=neutral, PublicKeyToken=7cec85d7bea7798e]]'.
2026-03-31 01:10:12.673 +05:30 [INF] Executed action UserService.API.Controllers.AuthController.SendOtp (UserService.API) in 916.0543ms
2026-03-31 01:10:12.680 +05:30 [INF] Executed endpoint 'UserService.API.Controllers.AuthController.SendOtp (UserService.API)'
2026-03-31 01:10:12.682 +05:30 [INF] HTTP POST /api/v1/auth/send-otp responded 400 in 945.2920 ms
2026-03-31 01:10:12.704 +05:30 [INF] Request finished HTTP/1.1 POST http://localhost:5010/api/v1/auth/send-otp - 400 null application/json; charset=utf-8 993.1415ms
2026-03-31 01:15:30.978 +05:30 [INF] Request starting HTTP/1.1 POST http://localhost:5010/api/v1/auth/send-otp - application/json 99
2026-03-31 01:15:31.015 +05:30 [INF] CORS policy execution successful.
2026-03-31 01:15:31.028 +05:30 [INF] Executing endpoint 'UserService.API.Controllers.AuthController.SendOtp (UserService.API)'
2026-03-31 01:15:31.035 +05:30 [INF] Route matched with {action = "SendOtp", controller = "Auth"}. Executing controller action with signature System.Threading.Tasks.Task`1[Microsoft.AspNetCore.Mvc.IActionResult] SendOtp(UserService.Application.DTOs.SendOtpDto) on controller UserService.API.Controllers.AuthController (UserService.API).
2026-03-31 01:15:31.402 +05:30 [INF] Executed DbCommand (34ms) [Parameters=[@p='?' (Size = 450)], CommandType='"Text"', CommandTimeout='30']
SELECT TOP(1) [a].[Id], [a].[AccessFailedCount], [a].[ConcurrencyStamp], [a].[CreatedAt], [a].[Email], [a].[EmailConfirmed], [a].[FirstName], [a].[IsActive], [a].[IsMfaEnabled], [a].[LastName], [a].[LockoutEnabled], [a].[LockoutEnd], [a].[NormalizedEmail], [a].[NormalizedUserName], [a].[PasswordHash], [a].[PhoneNumber], [a].[PhoneNumberConfirmed], [a].[ProfileImageUrl], [a].[RefreshToken], [a].[RefreshTokenExpiry], [a].[SecurityStamp], [a].[TwoFactorEnabled], [a].[UpdatedAt], [a].[UserName]
FROM [AspNetUsers] AS [a]
WHERE [a].[Id] = @p
2026-03-31 01:15:32.304 +05:30 [INF] Executing OkObjectResult, writing value of type '<>f__AnonymousType2`3[[System.Boolean, System.Private.CoreLib, Version=10.0.0.0, Culture=neutral, PublicKeyToken=7cec85d7bea7798e],[System.String, System.Private.CoreLib, Version=10.0.0.0, Culture=neutral, PublicKeyToken=7cec85d7bea7798e],[System.String, System.Private.CoreLib, Version=10.0.0.0, Culture=neutral, PublicKeyToken=7cec85d7bea7798e]]'.
2026-03-31 01:15:32.313 +05:30 [INF] Executed action UserService.API.Controllers.AuthController.SendOtp (UserService.API) in 1267.3343ms
2026-03-31 01:15:32.319 +05:30 [INF] Executed endpoint 'UserService.API.Controllers.AuthController.SendOtp (UserService.API)'
2026-03-31 01:15:32.323 +05:30 [INF] HTTP POST /api/v1/auth/send-otp responded 200 in 1297.2473 ms
2026-03-31 01:15:32.330 +05:30 [INF] Request finished HTTP/1.1 POST http://localhost:5010/api/v1/auth/send-otp - 200 null application/json; charset=utf-8 1351.9369ms
2026-03-31 09:21:47.496 +05:30 [INF] Executed DbCommand (193ms) [Parameters=[@normalizedName='?' (Size = 256)], CommandType='"Text"', CommandTimeout='30']
SELECT TOP(1) [a].[Id], [a].[ConcurrencyStamp], [a].[Name], [a].[NormalizedName]
FROM [AspNetRoles] AS [a]
WHERE [a].[NormalizedName] = @normalizedName
2026-03-31 09:21:47.684 +05:30 [INF] Executed DbCommand (9ms) [Parameters=[@normalizedName='?' (Size = 256)], CommandType='"Text"', CommandTimeout='30']
SELECT TOP(1) [a].[Id], [a].[ConcurrencyStamp], [a].[Name], [a].[NormalizedName]
FROM [AspNetRoles] AS [a]
WHERE [a].[NormalizedName] = @normalizedName
2026-03-31 09:21:47.696 +05:30 [INF] Executed DbCommand (7ms) [Parameters=[@normalizedName='?' (Size = 256)], CommandType='"Text"', CommandTimeout='30']
SELECT TOP(1) [a].[Id], [a].[ConcurrencyStamp], [a].[Name], [a].[NormalizedName]
FROM [AspNetRoles] AS [a]
WHERE [a].[NormalizedName] = @normalizedName
2026-03-31 09:21:47.914 +05:30 [INF] Executed DbCommand (17ms) [Parameters=[], CommandType='"Text"', CommandTimeout='30']
SELECT 1
2026-03-31 09:21:47.940 +05:30 [INF] Acquiring an exclusive lock for migration application. See https://aka.ms/efcore-docs-migrations-lock for more information if this takes too long.
2026-03-31 09:21:48.045 +05:30 [INF] Executed DbCommand (101ms) [Parameters=[], CommandType='"Text"', CommandTimeout='30']
DECLARE @result int;
EXEC @result = sp_getapplock @Resource = '__EFMigrationsLock', @LockOwner = 'Session', @LockMode = 'Exclusive';
SELECT @result
2026-03-31 09:21:48.154 +05:30 [INF] Executed DbCommand (12ms) [Parameters=[], CommandType='"Text"', CommandTimeout='30']
IF OBJECT_ID(N'[__EFMigrationsHistory]') IS NULL
BEGIN
    CREATE TABLE [__EFMigrationsHistory] (
        [MigrationId] nvarchar(150) NOT NULL,
        [ProductVersion] nvarchar(32) NOT NULL,
        CONSTRAINT [PK___EFMigrationsHistory] PRIMARY KEY ([MigrationId])
    );
END;
2026-03-31 09:21:48.175 +05:30 [INF] Executed DbCommand (1ms) [Parameters=[], CommandType='"Text"', CommandTimeout='30']
SELECT 1
2026-03-31 09:21:48.181 +05:30 [INF] Executed DbCommand (2ms) [Parameters=[], CommandType='"Text"', CommandTimeout='30']
SELECT OBJECT_ID(N'[__EFMigrationsHistory]');
2026-03-31 09:21:48.197 +05:30 [INF] Executed DbCommand (9ms) [Parameters=[], CommandType='"Text"', CommandTimeout='30']
SELECT [MigrationId], [ProductVersion]
FROM [__EFMigrationsHistory]
ORDER BY [MigrationId];
2026-03-31 09:21:48.209 +05:30 [INF] No migrations were applied. The database is already up to date.
2026-03-31 09:21:48.221 +05:30 [INF] Executed DbCommand (9ms) [Parameters=[], CommandType='"Text"', CommandTimeout='30']
DECLARE @result int;
EXEC @result = sp_releaseapplock @Resource = '__EFMigrationsLock', @LockOwner = 'Session';
SELECT @result
2026-03-31 09:21:48.457 +05:30 [INF] User profile is available. Using 'C:\Users\Satvik\AppData\Local\ASP.NET\DataProtection-Keys' as key repository and Windows DPAPI to encrypt keys at rest.
2026-03-31 09:21:48.626 +05:30 [WRN] The WebRootPath was not found: C:\Users\Satvik\Downloads\MicroservicesAssesment\MicroservicesAssesment\Services\UserService\UserService.API\wwwroot. Static files may be unavailable.
2026-03-31 09:21:48.763 +05:30 [INF] Now listening on: http://localhost:5010
2026-03-31 09:21:49.027 +05:30 [INF] Application started. Press Ctrl+C to shut down.
2026-03-31 09:21:49.033 +05:30 [INF] Hosting environment: Development
2026-03-31 09:21:49.037 +05:30 [INF] Content root path: C:\Users\Satvik\Downloads\MicroservicesAssesment\MicroservicesAssesment\Services\UserService\UserService.API
2026-03-31 09:21:49.608 +05:30 [INF] Request starting HTTP/1.1 GET http://localhost:5010/ - null null
2026-03-31 09:21:50.296 +05:30 [INF] HTTP GET / responded 404 in 193.1595 ms
2026-03-31 09:21:51.449 +05:30 [INF] Request finished HTTP/1.1 GET http://localhost:5010/ - 404 null null 1850.5656ms
2026-03-31 09:21:51.790 +05:30 [INF] Request reached the end of the middleware pipeline without being handled by application code. Request path: GET http://localhost:5010/, Response status code: 404
2026-03-31 09:22:05.413 +05:30 [INF] Request starting HTTP/1.1 GET http://localhost:5010/swagger/index.html - null null
2026-03-31 09:22:05.616 +05:30 [INF] HTTP GET /swagger/index.html responded 304 in 166.3050 ms
2026-03-31 09:22:05.629 +05:30 [INF] Request finished HTTP/1.1 GET http://localhost:5010/swagger/index.html - 304 null null 217.1208ms
2026-03-31 09:22:05.672 +05:30 [INF] Request starting HTTP/1.1 GET http://localhost:5010/swagger/swagger-ui.css - null null
2026-03-31 09:22:05.713 +05:30 [INF] Request starting HTTP/1.1 GET http://localhost:5010/swagger/swagger-ui-bundle.js - null null
2026-03-31 09:22:05.714 +05:30 [INF] Request starting HTTP/1.1 GET http://localhost:5010/_framework/aspnetcore-browser-refresh.js - null null
2026-03-31 09:22:05.761 +05:30 [INF] Request starting HTTP/1.1 GET http://localhost:5010/swagger/swagger-ui-standalone-preset.js - null null
2026-03-31 09:22:05.823 +05:30 [INF] Request finished HTTP/1.1 GET http://localhost:5010/_framework/aspnetcore-browser-refresh.js - 200 14935 application/javascript; charset=utf-8 110.4129ms
2026-03-31 09:22:05.796 +05:30 [INF] Request starting HTTP/1.1 GET http://localhost:5010/swagger/index.css - null null
2026-03-31 09:22:05.791 +05:30 [INF] Request starting HTTP/1.1 GET http://localhost:5010/swagger/index.js - null null
2026-03-31 09:22:05.842 +05:30 [INF] HTTP GET /swagger/swagger-ui.css responded 304 in 39.6713 ms
2026-03-31 09:22:05.845 +05:30 [INF] HTTP GET /swagger/swagger-ui-standalone-preset.js responded 304 in 6.8919 ms
2026-03-31 09:22:05.854 +05:30 [INF] HTTP GET /swagger/swagger-ui-bundle.js responded 304 in 46.3096 ms
2026-03-31 09:22:05.858 +05:30 [INF] Request starting HTTP/1.1 GET http://localhost:5010/_vs/browserLink - null null
2026-03-31 09:22:05.865 +05:30 [INF] HTTP GET /swagger/index.css responded 304 in 0.3797 ms
2026-03-31 09:22:05.874 +05:30 [INF] HTTP GET /swagger/index.js responded 304 in 0.8751 ms
2026-03-31 09:22:05.878 +05:30 [INF] Request finished HTTP/1.1 GET http://localhost:5010/swagger/swagger-ui.css - 304 null null 205.7914ms
2026-03-31 09:22:05.894 +05:30 [INF] Request finished HTTP/1.1 GET http://localhost:5010/swagger/swagger-ui-bundle.js - 304 null null 180.9778ms
2026-03-31 09:22:05.916 +05:30 [INF] Request finished HTTP/1.1 GET http://localhost:5010/swagger/index.css - 304 null null 119.7015ms
2026-03-31 09:22:05.882 +05:30 [INF] Request finished HTTP/1.1 GET http://localhost:5010/swagger/swagger-ui-standalone-preset.js - 304 null null 164.2074ms
2026-03-31 09:22:05.932 +05:30 [INF] Request finished HTTP/1.1 GET http://localhost:5010/swagger/index.js - 304 null null 141.5049ms
2026-03-31 09:22:06.126 +05:30 [INF] Request finished HTTP/1.1 GET http://localhost:5010/_vs/browserLink - 200 null text/javascript; charset=UTF-8 267.6079ms
2026-03-31 09:22:06.212 +05:30 [INF] Request starting HTTP/1.1 GET http://localhost:5010/swagger/v1/swagger.json - null null
2026-03-31 09:22:06.267 +05:30 [INF] HTTP GET /swagger/v1/swagger.json responded 200 in 44.5604 ms
2026-03-31 09:22:06.275 +05:30 [INF] Request finished HTTP/1.1 GET http://localhost:5010/swagger/v1/swagger.json - 200 null application/json;charset=utf-8 63.0602ms
2026-03-31 09:22:39.354 +05:30 [INF] Request starting HTTP/1.1 POST http://localhost:5010/api/v1/auth/login - application/json 69
2026-03-31 09:22:39.476 +05:30 [INF] CORS policy execution successful.
2026-03-31 09:22:39.541 +05:30 [INF] Executing endpoint 'UserService.API.Controllers.AuthController.Login (UserService.API)'
2026-03-31 09:22:39.652 +05:30 [INF] Route matched with {action = "Login", controller = "Auth"}. Executing controller action with signature System.Threading.Tasks.Task`1[Microsoft.AspNetCore.Mvc.IActionResult] Login(UserService.Application.DTOs.LoginDto) on controller UserService.API.Controllers.AuthController (UserService.API).
2026-03-31 09:22:40.368 +05:30 [INF] Executed DbCommand (26ms) [Parameters=[@normalizedEmail='?' (Size = 256)], CommandType='"Text"', CommandTimeout='30']
SELECT TOP(2) [a].[Id], [a].[AccessFailedCount], [a].[ConcurrencyStamp], [a].[CreatedAt], [a].[Email], [a].[EmailConfirmed], [a].[FirstName], [a].[IsActive], [a].[IsMfaEnabled], [a].[LastName], [a].[LockoutEnabled], [a].[LockoutEnd], [a].[NormalizedEmail], [a].[NormalizedUserName], [a].[PasswordHash], [a].[PhoneNumber], [a].[PhoneNumberConfirmed], [a].[ProfileImageUrl], [a].[RefreshToken], [a].[RefreshTokenExpiry], [a].[SecurityStamp], [a].[TwoFactorEnabled], [a].[UpdatedAt], [a].[UserName]
FROM [AspNetUsers] AS [a]
WHERE [a].[NormalizedEmail] = @normalizedEmail
2026-03-31 09:22:41.473 +05:30 [INF] Executing UnauthorizedObjectResult, writing value of type '<>f__AnonymousType1`2[[System.Boolean, System.Private.CoreLib, Version=10.0.0.0, Culture=neutral, PublicKeyToken=7cec85d7bea7798e],[System.String, System.Private.CoreLib, Version=10.0.0.0, Culture=neutral, PublicKeyToken=7cec85d7bea7798e]]'.
2026-03-31 09:22:41.501 +05:30 [INF] Executed action UserService.API.Controllers.AuthController.Login (UserService.API) in 1504.2109ms
2026-03-31 09:22:41.510 +05:30 [INF] Executed endpoint 'UserService.API.Controllers.AuthController.Login (UserService.API)'
2026-03-31 09:22:41.518 +05:30 [INF] HTTP POST /api/v1/auth/login responded 401 in 1985.2764 ms
2026-03-31 09:22:41.544 +05:30 [INF] Request finished HTTP/1.1 POST http://localhost:5010/api/v1/auth/login - 401 null application/json; charset=utf-8 2190.2869ms
2026-03-31 09:23:39.954 +05:30 [INF] Request starting HTTP/1.1 POST http://localhost:5010/api/v1/auth/register - application/json 188
2026-03-31 09:23:40.006 +05:30 [INF] CORS policy execution successful.
2026-03-31 09:23:40.017 +05:30 [INF] Executing endpoint 'UserService.API.Controllers.AuthController.Register (UserService.API)'
2026-03-31 09:23:40.039 +05:30 [INF] Route matched with {action = "Register", controller = "Auth"}. Executing controller action with signature System.Threading.Tasks.Task`1[Microsoft.AspNetCore.Mvc.IActionResult] Register(UserService.Application.DTOs.RegisterDto) on controller UserService.API.Controllers.AuthController (UserService.API).
2026-03-31 09:23:40.096 +05:30 [INF] Executed DbCommand (11ms) [Parameters=[@normalizedEmail='?' (Size = 256)], CommandType='"Text"', CommandTimeout='30']
SELECT TOP(2) [a].[Id], [a].[AccessFailedCount], [a].[ConcurrencyStamp], [a].[CreatedAt], [a].[Email], [a].[EmailConfirmed], [a].[FirstName], [a].[IsActive], [a].[IsMfaEnabled], [a].[LastName], [a].[LockoutEnabled], [a].[LockoutEnd], [a].[NormalizedEmail], [a].[NormalizedUserName], [a].[PasswordHash], [a].[PhoneNumber], [a].[PhoneNumberConfirmed], [a].[ProfileImageUrl], [a].[RefreshToken], [a].[RefreshTokenExpiry], [a].[SecurityStamp], [a].[TwoFactorEnabled], [a].[UpdatedAt], [a].[UserName]
FROM [AspNetUsers] AS [a]
WHERE [a].[NormalizedEmail] = @normalizedEmail
2026-03-31 09:23:40.395 +05:30 [INF] Executed DbCommand (60ms) [Parameters=[@normalizedUserName='?' (Size = 256)], CommandType='"Text"', CommandTimeout='30']
SELECT TOP(1) [a].[Id], [a].[AccessFailedCount], [a].[ConcurrencyStamp], [a].[CreatedAt], [a].[Email], [a].[EmailConfirmed], [a].[FirstName], [a].[IsActive], [a].[IsMfaEnabled], [a].[LastName], [a].[LockoutEnabled], [a].[LockoutEnd], [a].[NormalizedEmail], [a].[NormalizedUserName], [a].[PasswordHash], [a].[PhoneNumber], [a].[PhoneNumberConfirmed], [a].[ProfileImageUrl], [a].[RefreshToken], [a].[RefreshTokenExpiry], [a].[SecurityStamp], [a].[TwoFactorEnabled], [a].[UpdatedAt], [a].[UserName]
FROM [AspNetUsers] AS [a]
WHERE [a].[NormalizedUserName] = @normalizedUserName
2026-03-31 09:23:40.508 +05:30 [INF] Executed DbCommand (60ms) [Parameters=[@normalizedEmail='?' (Size = 256)], CommandType='"Text"', CommandTimeout='30']
SELECT TOP(2) [a].[Id], [a].[AccessFailedCount], [a].[ConcurrencyStamp], [a].[CreatedAt], [a].[Email], [a].[EmailConfirmed], [a].[FirstName], [a].[IsActive], [a].[IsMfaEnabled], [a].[LastName], [a].[LockoutEnabled], [a].[LockoutEnd], [a].[NormalizedEmail], [a].[NormalizedUserName], [a].[PasswordHash], [a].[PhoneNumber], [a].[PhoneNumberConfirmed], [a].[ProfileImageUrl], [a].[RefreshToken], [a].[RefreshTokenExpiry], [a].[SecurityStamp], [a].[TwoFactorEnabled], [a].[UpdatedAt], [a].[UserName]
FROM [AspNetUsers] AS [a]
WHERE [a].[NormalizedEmail] = @normalizedEmail
2026-03-31 09:23:41.100 +05:30 [INF] Executed DbCommand (167ms) [Parameters=[@p0='?' (Size = 450), @p1='?' (DbType = Int32), @p2='?' (Size = 4000), @p3='?' (DbType = DateTime2), @p4='?' (Size = 256), @p5='?' (DbType = Boolean), @p6='?' (Size = 50), @p7='?' (DbType = Boolean), @p8='?' (DbType = Boolean), @p9='?' (Size = 50), @p10='?' (DbType = Boolean), @p11='?' (DbType = DateTimeOffset), @p12='?' (Size = 256), @p13='?' (Size = 256), @p14='?' (Size = 4000), @p15='?' (Size = 4000), @p16='?' (DbType = Boolean), @p17='?' (Size = 4000), @p18='?' (Size = 4000), @p19='?' (DbType = DateTime2), @p20='?' (Size = 4000), @p21='?' (DbType = Boolean), @p22='?' (DbType = DateTime2), @p23='?' (Size = 256)], CommandType='"Text"', CommandTimeout='30']
SET IMPLICIT_TRANSACTIONS OFF;
SET NOCOUNT ON;
INSERT INTO [AspNetUsers] ([Id], [AccessFailedCount], [ConcurrencyStamp], [CreatedAt], [Email], [EmailConfirmed], [FirstName], [IsActive], [IsMfaEnabled], [LastName], [LockoutEnabled], [LockoutEnd], [NormalizedEmail], [NormalizedUserName], [PasswordHash], [PhoneNumber], [PhoneNumberConfirmed], [ProfileImageUrl], [RefreshToken], [RefreshTokenExpiry], [SecurityStamp], [TwoFactorEnabled], [UpdatedAt], [UserName])
VALUES (@p0, @p1, @p2, @p3, @p4, @p5, @p6, @p7, @p8, @p9, @p10, @p11, @p12, @p13, @p14, @p15, @p16, @p17, @p18, @p19, @p20, @p21, @p22, @p23);
2026-03-31 09:23:41.181 +05:30 [INF] Executed DbCommand (23ms) [Parameters=[@normalizedRoleName='?' (Size = 256)], CommandType='"Text"', CommandTimeout='30']
SELECT TOP(2) [a].[Id], [a].[ConcurrencyStamp], [a].[Name], [a].[NormalizedName]
FROM [AspNetRoles] AS [a]
WHERE [a].[NormalizedName] = @normalizedRoleName
2026-03-31 09:23:41.365 +05:30 [INF] Executed DbCommand (26ms) [Parameters=[@p='?' (Size = 450), @p1='?' (Size = 450)], CommandType='"Text"', CommandTimeout='30']
SELECT TOP(1) [a].[UserId], [a].[RoleId]
FROM [AspNetUserRoles] AS [a]
WHERE [a].[UserId] = @p AND [a].[RoleId] = @p1
2026-03-31 09:23:41.405 +05:30 [INF] Executed DbCommand (10ms) [Parameters=[@normalizedRoleName='?' (Size = 256)], CommandType='"Text"', CommandTimeout='30']
SELECT TOP(2) [a].[Id], [a].[ConcurrencyStamp], [a].[Name], [a].[NormalizedName]
FROM [AspNetRoles] AS [a]
WHERE [a].[NormalizedName] = @normalizedRoleName
2026-03-31 09:23:41.467 +05:30 [INF] Executed DbCommand (16ms) [Parameters=[@normalizedUserName='?' (Size = 256)], CommandType='"Text"', CommandTimeout='30']
SELECT TOP(1) [a].[Id], [a].[AccessFailedCount], [a].[ConcurrencyStamp], [a].[CreatedAt], [a].[Email], [a].[EmailConfirmed], [a].[FirstName], [a].[IsActive], [a].[IsMfaEnabled], [a].[LastName], [a].[LockoutEnabled], [a].[LockoutEnd], [a].[NormalizedEmail], [a].[NormalizedUserName], [a].[PasswordHash], [a].[PhoneNumber], [a].[PhoneNumberConfirmed], [a].[ProfileImageUrl], [a].[RefreshToken], [a].[RefreshTokenExpiry], [a].[SecurityStamp], [a].[TwoFactorEnabled], [a].[UpdatedAt], [a].[UserName]
FROM [AspNetUsers] AS [a]
WHERE [a].[NormalizedUserName] = @normalizedUserName
2026-03-31 09:23:41.583 +05:30 [INF] Executed DbCommand (6ms) [Parameters=[@normalizedEmail='?' (Size = 256)], CommandType='"Text"', CommandTimeout='30']
SELECT TOP(2) [a].[Id], [a].[AccessFailedCount], [a].[ConcurrencyStamp], [a].[CreatedAt], [a].[Email], [a].[EmailConfirmed], [a].[FirstName], [a].[IsActive], [a].[IsMfaEnabled], [a].[LastName], [a].[LockoutEnabled], [a].[LockoutEnd], [a].[NormalizedEmail], [a].[NormalizedUserName], [a].[PasswordHash], [a].[PhoneNumber], [a].[PhoneNumberConfirmed], [a].[ProfileImageUrl], [a].[RefreshToken], [a].[RefreshTokenExpiry], [a].[SecurityStamp], [a].[TwoFactorEnabled], [a].[UpdatedAt], [a].[UserName]
FROM [AspNetUsers] AS [a]
WHERE [a].[NormalizedEmail] = @normalizedEmail
2026-03-31 09:23:41.810 +05:30 [INF] Executed DbCommand (152ms) [Parameters=[@p0='?' (Size = 450), @p1='?' (Size = 450), @p25='?' (Size = 450), @p2='?' (DbType = Int32), @p3='?' (Size = 4000), @p26='?' (Size = 4000), @p4='?' (DbType = DateTime2), @p5='?' (Size = 256), @p6='?' (DbType = Boolean), @p7='?' (Size = 50), @p8='?' (DbType = Boolean), @p9='?' (DbType = Boolean), @p10='?' (Size = 50), @p11='?' (DbType = Boolean), @p12='?' (DbType = DateTimeOffset), @p13='?' (Size = 256), @p14='?' (Size = 256), @p15='?' (Size = 4000), @p16='?' (Size = 4000), @p17='?' (DbType = Boolean), @p18='?' (Size = 4000), @p19='?' (Size = 4000), @p20='?' (DbType = DateTime2), @p21='?' (Size = 4000), @p22='?' (DbType = Boolean), @p23='?' (DbType = DateTime2), @p24='?' (Size = 256)], CommandType='"Text"', CommandTimeout='30']
SET NOCOUNT ON;
INSERT INTO [AspNetUserRoles] ([RoleId], [UserId])
VALUES (@p0, @p1);
UPDATE [AspNetUsers] SET [AccessFailedCount] = @p2, [ConcurrencyStamp] = @p3, [CreatedAt] = @p4, [Email] = @p5, [EmailConfirmed] = @p6, [FirstName] = @p7, [IsActive] = @p8, [IsMfaEnabled] = @p9, [LastName] = @p10, [LockoutEnabled] = @p11, [LockoutEnd] = @p12, [NormalizedEmail] = @p13, [NormalizedUserName] = @p14, [PasswordHash] = @p15, [PhoneNumber] = @p16, [PhoneNumberConfirmed] = @p17, [ProfileImageUrl] = @p18, [RefreshToken] = @p19, [RefreshTokenExpiry] = @p20, [SecurityStamp] = @p21, [TwoFactorEnabled] = @p22, [UpdatedAt] = @p23, [UserName] = @p24
OUTPUT 1
WHERE [Id] = @p25 AND [ConcurrencyStamp] = @p26;
2026-03-31 09:23:42.147 +05:30 [INF] Executed DbCommand (18ms) [Parameters=[@userId='?' (Size = 450)], CommandType='"Text"', CommandTimeout='30']
SELECT [a0].[Name]
FROM [AspNetUserRoles] AS [a]
INNER JOIN [AspNetRoles] AS [a0] ON [a].[RoleId] = [a0].[Id]
WHERE [a].[UserId] = @userId
2026-03-31 09:23:42.330 +05:30 [INF] Executed DbCommand (43ms) [Parameters=[@normalizedUserName='?' (Size = 256)], CommandType='"Text"', CommandTimeout='30']
SELECT TOP(1) [a].[Id], [a].[AccessFailedCount], [a].[ConcurrencyStamp], [a].[CreatedAt], [a].[Email], [a].[EmailConfirmed], [a].[FirstName], [a].[IsActive], [a].[IsMfaEnabled], [a].[LastName], [a].[LockoutEnabled], [a].[LockoutEnd], [a].[NormalizedEmail], [a].[NormalizedUserName], [a].[PasswordHash], [a].[PhoneNumber], [a].[PhoneNumberConfirmed], [a].[ProfileImageUrl], [a].[RefreshToken], [a].[RefreshTokenExpiry], [a].[SecurityStamp], [a].[TwoFactorEnabled], [a].[UpdatedAt], [a].[UserName]
FROM [AspNetUsers] AS [a]
WHERE [a].[NormalizedUserName] = @normalizedUserName
2026-03-31 09:23:42.354 +05:30 [INF] Executed DbCommand (10ms) [Parameters=[@normalizedEmail='?' (Size = 256)], CommandType='"Text"', CommandTimeout='30']
SELECT TOP(2) [a].[Id], [a].[AccessFailedCount], [a].[ConcurrencyStamp], [a].[CreatedAt], [a].[Email], [a].[EmailConfirmed], [a].[FirstName], [a].[IsActive], [a].[IsMfaEnabled], [a].[LastName], [a].[LockoutEnabled], [a].[LockoutEnd], [a].[NormalizedEmail], [a].[NormalizedUserName], [a].[PasswordHash], [a].[PhoneNumber], [a].[PhoneNumberConfirmed], [a].[ProfileImageUrl], [a].[RefreshToken], [a].[RefreshTokenExpiry], [a].[SecurityStamp], [a].[TwoFactorEnabled], [a].[UpdatedAt], [a].[UserName]
FROM [AspNetUsers] AS [a]
WHERE [a].[NormalizedEmail] = @normalizedEmail
2026-03-31 09:23:42.379 +05:30 [INF] Executed DbCommand (20ms) [Parameters=[@p23='?' (Size = 450), @p0='?' (DbType = Int32), @p1='?' (Size = 4000), @p24='?' (Size = 4000), @p2='?' (DbType = DateTime2), @p3='?' (Size = 256), @p4='?' (DbType = Boolean), @p5='?' (Size = 50), @p6='?' (DbType = Boolean), @p7='?' (DbType = Boolean), @p8='?' (Size = 50), @p9='?' (DbType = Boolean), @p10='?' (DbType = DateTimeOffset), @p11='?' (Size = 256), @p12='?' (Size = 256), @p13='?' (Size = 4000), @p14='?' (Size = 4000), @p15='?' (DbType = Boolean), @p16='?' (Size = 4000), @p17='?' (Size = 4000), @p18='?' (DbType = DateTime2), @p19='?' (Size = 4000), @p20='?' (DbType = Boolean), @p21='?' (DbType = DateTime2), @p22='?' (Size = 256)], CommandType='"Text"', CommandTimeout='30']
SET IMPLICIT_TRANSACTIONS OFF;
SET NOCOUNT ON;
UPDATE [AspNetUsers] SET [AccessFailedCount] = @p0, [ConcurrencyStamp] = @p1, [CreatedAt] = @p2, [Email] = @p3, [EmailConfirmed] = @p4, [FirstName] = @p5, [IsActive] = @p6, [IsMfaEnabled] = @p7, [LastName] = @p8, [LockoutEnabled] = @p9, [LockoutEnd] = @p10, [NormalizedEmail] = @p11, [NormalizedUserName] = @p12, [PasswordHash] = @p13, [PhoneNumber] = @p14, [PhoneNumberConfirmed] = @p15, [ProfileImageUrl] = @p16, [RefreshToken] = @p17, [RefreshTokenExpiry] = @p18, [SecurityStamp] = @p19, [TwoFactorEnabled] = @p20, [UpdatedAt] = @p21, [UserName] = @p22
OUTPUT 1
WHERE [Id] = @p23 AND [ConcurrencyStamp] = @p24;
2026-03-31 09:23:42.392 +05:30 [INF] Executing OkObjectResult, writing value of type '<>f__AnonymousType0`2[[System.Boolean, System.Private.CoreLib, Version=10.0.0.0, Culture=neutral, PublicKeyToken=7cec85d7bea7798e],[UserService.Application.DTOs.TokenResponseDto, UserService.Application, Version=1.0.0.0, Culture=neutral, PublicKeyToken=null]]'.
2026-03-31 09:23:42.413 +05:30 [INF] Executed action UserService.API.Controllers.AuthController.Register (UserService.API) in 2369.7123ms
2026-03-31 09:23:42.418 +05:30 [INF] Executed endpoint 'UserService.API.Controllers.AuthController.Register (UserService.API)'
2026-03-31 09:23:42.425 +05:30 [INF] HTTP POST /api/v1/auth/register responded 200 in 2416.4471 ms
2026-03-31 09:23:42.429 +05:30 [INF] Request finished HTTP/1.1 POST http://localhost:5010/api/v1/auth/register - 200 null application/json; charset=utf-8 2474.7628ms
2026-03-31 09:24:06.625 +05:30 [INF] Request starting HTTP/1.1 POST http://localhost:5010/api/v1/auth/login - application/json 59
2026-03-31 09:24:06.739 +05:30 [INF] CORS policy execution successful.
2026-03-31 09:24:06.741 +05:30 [INF] Executing endpoint 'UserService.API.Controllers.AuthController.Login (UserService.API)'
2026-03-31 09:24:06.742 +05:30 [INF] Route matched with {action = "Login", controller = "Auth"}. Executing controller action with signature System.Threading.Tasks.Task`1[Microsoft.AspNetCore.Mvc.IActionResult] Login(UserService.Application.DTOs.LoginDto) on controller UserService.API.Controllers.AuthController (UserService.API).
2026-03-31 09:24:06.813 +05:30 [INF] Executed DbCommand (16ms) [Parameters=[@normalizedEmail='?' (Size = 256)], CommandType='"Text"', CommandTimeout='30']
SELECT TOP(2) [a].[Id], [a].[AccessFailedCount], [a].[ConcurrencyStamp], [a].[CreatedAt], [a].[Email], [a].[EmailConfirmed], [a].[FirstName], [a].[IsActive], [a].[IsMfaEnabled], [a].[LastName], [a].[LockoutEnabled], [a].[LockoutEnd], [a].[NormalizedEmail], [a].[NormalizedUserName], [a].[PasswordHash], [a].[PhoneNumber], [a].[PhoneNumberConfirmed], [a].[ProfileImageUrl], [a].[RefreshToken], [a].[RefreshTokenExpiry], [a].[SecurityStamp], [a].[TwoFactorEnabled], [a].[UpdatedAt], [a].[UserName]
FROM [AspNetUsers] AS [a]
WHERE [a].[NormalizedEmail] = @normalizedEmail
2026-03-31 09:24:07.221 +05:30 [INF] Executed DbCommand (153ms) [Parameters=[@userId='?' (Size = 450)], CommandType='"Text"', CommandTimeout='30']
SELECT [a0].[Name]
FROM [AspNetUserRoles] AS [a]
INNER JOIN [AspNetRoles] AS [a0] ON [a].[RoleId] = [a0].[Id]
WHERE [a].[UserId] = @userId
2026-03-31 09:24:07.271 +05:30 [INF] Executed DbCommand (31ms) [Parameters=[@normalizedUserName='?' (Size = 256)], CommandType='"Text"', CommandTimeout='30']
SELECT TOP(1) [a].[Id], [a].[AccessFailedCount], [a].[ConcurrencyStamp], [a].[CreatedAt], [a].[Email], [a].[EmailConfirmed], [a].[FirstName], [a].[IsActive], [a].[IsMfaEnabled], [a].[LastName], [a].[LockoutEnabled], [a].[LockoutEnd], [a].[NormalizedEmail], [a].[NormalizedUserName], [a].[PasswordHash], [a].[PhoneNumber], [a].[PhoneNumberConfirmed], [a].[ProfileImageUrl], [a].[RefreshToken], [a].[RefreshTokenExpiry], [a].[SecurityStamp], [a].[TwoFactorEnabled], [a].[UpdatedAt], [a].[UserName]
FROM [AspNetUsers] AS [a]
WHERE [a].[NormalizedUserName] = @normalizedUserName
2026-03-31 09:24:07.282 +05:30 [INF] Executed DbCommand (5ms) [Parameters=[@normalizedEmail='?' (Size = 256)], CommandType='"Text"', CommandTimeout='30']
SELECT TOP(2) [a].[Id], [a].[AccessFailedCount], [a].[ConcurrencyStamp], [a].[CreatedAt], [a].[Email], [a].[EmailConfirmed], [a].[FirstName], [a].[IsActive], [a].[IsMfaEnabled], [a].[LastName], [a].[LockoutEnabled], [a].[LockoutEnd], [a].[NormalizedEmail], [a].[NormalizedUserName], [a].[PasswordHash], [a].[PhoneNumber], [a].[PhoneNumberConfirmed], [a].[ProfileImageUrl], [a].[RefreshToken], [a].[RefreshTokenExpiry], [a].[SecurityStamp], [a].[TwoFactorEnabled], [a].[UpdatedAt], [a].[UserName]
FROM [AspNetUsers] AS [a]
WHERE [a].[NormalizedEmail] = @normalizedEmail
2026-03-31 09:24:07.304 +05:30 [INF] Executed DbCommand (15ms) [Parameters=[@p23='?' (Size = 450), @p0='?' (DbType = Int32), @p1='?' (Size = 4000), @p24='?' (Size = 4000), @p2='?' (DbType = DateTime2), @p3='?' (Size = 256), @p4='?' (DbType = Boolean), @p5='?' (Size = 50), @p6='?' (DbType = Boolean), @p7='?' (DbType = Boolean), @p8='?' (Size = 50), @p9='?' (DbType = Boolean), @p10='?' (DbType = DateTimeOffset), @p11='?' (Size = 256), @p12='?' (Size = 256), @p13='?' (Size = 4000), @p14='?' (Size = 4000), @p15='?' (DbType = Boolean), @p16='?' (Size = 4000), @p17='?' (Size = 4000), @p18='?' (DbType = DateTime2), @p19='?' (Size = 4000), @p20='?' (DbType = Boolean), @p21='?' (DbType = DateTime2), @p22='?' (Size = 256)], CommandType='"Text"', CommandTimeout='30']
SET IMPLICIT_TRANSACTIONS OFF;
SET NOCOUNT ON;
UPDATE [AspNetUsers] SET [AccessFailedCount] = @p0, [ConcurrencyStamp] = @p1, [CreatedAt] = @p2, [Email] = @p3, [EmailConfirmed] = @p4, [FirstName] = @p5, [IsActive] = @p6, [IsMfaEnabled] = @p7, [LastName] = @p8, [LockoutEnabled] = @p9, [LockoutEnd] = @p10, [NormalizedEmail] = @p11, [NormalizedUserName] = @p12, [PasswordHash] = @p13, [PhoneNumber] = @p14, [PhoneNumberConfirmed] = @p15, [ProfileImageUrl] = @p16, [RefreshToken] = @p17, [RefreshTokenExpiry] = @p18, [SecurityStamp] = @p19, [TwoFactorEnabled] = @p20, [UpdatedAt] = @p21, [UserName] = @p22
OUTPUT 1
WHERE [Id] = @p23 AND [ConcurrencyStamp] = @p24;
2026-03-31 09:24:07.311 +05:30 [INF] Executing OkObjectResult, writing value of type '<>f__AnonymousType0`2[[System.Boolean, System.Private.CoreLib, Version=10.0.0.0, Culture=neutral, PublicKeyToken=7cec85d7bea7798e],[UserService.Application.DTOs.TokenResponseDto, UserService.Application, Version=1.0.0.0, Culture=neutral, PublicKeyToken=null]]'.
2026-03-31 09:24:07.314 +05:30 [INF] Executed action UserService.API.Controllers.AuthController.Login (UserService.API) in 569.989ms
2026-03-31 09:24:07.316 +05:30 [INF] Executed endpoint 'UserService.API.Controllers.AuthController.Login (UserService.API)'
2026-03-31 09:24:07.318 +05:30 [INF] HTTP POST /api/v1/auth/login responded 200 in 577.4466 ms
2026-03-31 09:24:07.498 +05:30 [INF] Request finished HTTP/1.1 POST http://localhost:5010/api/v1/auth/login - 200 null application/json; charset=utf-8 873.8563ms
2026-03-31 09:25:08.631 +05:30 [INF] Request starting HTTP/1.1 POST http://localhost:5010/api/v1/auth/send-otp - application/json 94
2026-03-31 09:25:08.649 +05:30 [INF] CORS policy execution successful.
2026-03-31 09:25:08.877 +05:30 [INF] Executing endpoint 'UserService.API.Controllers.AuthController.SendOtp (UserService.API)'
2026-03-31 09:25:08.898 +05:30 [INF] Route matched with {action = "SendOtp", controller = "Auth"}. Executing controller action with signature System.Threading.Tasks.Task`1[Microsoft.AspNetCore.Mvc.IActionResult] SendOtp(UserService.Application.DTOs.SendOtpDto) on controller UserService.API.Controllers.AuthController (UserService.API).
2026-03-31 09:25:08.950 +05:30 [INF] Executed DbCommand (17ms) [Parameters=[@p='?' (Size = 450)], CommandType='"Text"', CommandTimeout='30']
SELECT TOP(1) [a].[Id], [a].[AccessFailedCount], [a].[ConcurrencyStamp], [a].[CreatedAt], [a].[Email], [a].[EmailConfirmed], [a].[FirstName], [a].[IsActive], [a].[IsMfaEnabled], [a].[LastName], [a].[LockoutEnabled], [a].[LockoutEnd], [a].[NormalizedEmail], [a].[NormalizedUserName], [a].[PasswordHash], [a].[PhoneNumber], [a].[PhoneNumberConfirmed], [a].[ProfileImageUrl], [a].[RefreshToken], [a].[RefreshTokenExpiry], [a].[SecurityStamp], [a].[TwoFactorEnabled], [a].[UpdatedAt], [a].[UserName]
FROM [AspNetUsers] AS [a]
WHERE [a].[Id] = @p
2026-03-31 09:25:10.607 +05:30 [INF] Executing BadRequestObjectResult, writing value of type '<>f__AnonymousType1`2[[System.Boolean, System.Private.CoreLib, Version=10.0.0.0, Culture=neutral, PublicKeyToken=7cec85d7bea7798e],[System.String, System.Private.CoreLib, Version=10.0.0.0, Culture=neutral, PublicKeyToken=7cec85d7bea7798e]]'.
2026-03-31 09:25:10.613 +05:30 [INF] Executed action UserService.API.Controllers.AuthController.SendOtp (UserService.API) in 1712.337ms
2026-03-31 09:25:10.688 +05:30 [INF] Executed endpoint 'UserService.API.Controllers.AuthController.SendOtp (UserService.API)'
2026-03-31 09:25:10.689 +05:30 [INF] HTTP POST /api/v1/auth/send-otp responded 400 in 2038.7011 ms
2026-03-31 09:25:10.691 +05:30 [INF] Request finished HTTP/1.1 POST http://localhost:5010/api/v1/auth/send-otp - 400 null application/json; charset=utf-8 2059.1799ms
2026-03-31 09:28:23.807 +05:30 [INF] Request starting HTTP/1.1 POST http://localhost:5010/api/v1/auth/register - application/json 191
2026-03-31 09:28:23.828 +05:30 [INF] CORS policy execution successful.
2026-03-31 09:28:23.835 +05:30 [INF] Executing endpoint 'UserService.API.Controllers.AuthController.Register (UserService.API)'
2026-03-31 09:28:23.839 +05:30 [INF] Route matched with {action = "Register", controller = "Auth"}. Executing controller action with signature System.Threading.Tasks.Task`1[Microsoft.AspNetCore.Mvc.IActionResult] Register(UserService.Application.DTOs.RegisterDto) on controller UserService.API.Controllers.AuthController (UserService.API).
2026-03-31 09:28:23.868 +05:30 [INF] Executed DbCommand (19ms) [Parameters=[@normalizedEmail='?' (Size = 256)], CommandType='"Text"', CommandTimeout='30']
SELECT TOP(2) [a].[Id], [a].[AccessFailedCount], [a].[ConcurrencyStamp], [a].[CreatedAt], [a].[Email], [a].[EmailConfirmed], [a].[FirstName], [a].[IsActive], [a].[IsMfaEnabled], [a].[LastName], [a].[LockoutEnabled], [a].[LockoutEnd], [a].[NormalizedEmail], [a].[NormalizedUserName], [a].[PasswordHash], [a].[PhoneNumber], [a].[PhoneNumberConfirmed], [a].[ProfileImageUrl], [a].[RefreshToken], [a].[RefreshTokenExpiry], [a].[SecurityStamp], [a].[TwoFactorEnabled], [a].[UpdatedAt], [a].[UserName]
FROM [AspNetUsers] AS [a]
WHERE [a].[NormalizedEmail] = @normalizedEmail
2026-03-31 09:28:24.027 +05:30 [INF] Executing BadRequestObjectResult, writing value of type '<>f__AnonymousType1`2[[System.Boolean, System.Private.CoreLib, Version=10.0.0.0, Culture=neutral, PublicKeyToken=7cec85d7bea7798e],[System.String, System.Private.CoreLib, Version=10.0.0.0, Culture=neutral, PublicKeyToken=7cec85d7bea7798e]]'.
2026-03-31 09:28:24.032 +05:30 [INF] Executed action UserService.API.Controllers.AuthController.Register (UserService.API) in 188.6303ms
2026-03-31 09:28:24.038 +05:30 [INF] Executed endpoint 'UserService.API.Controllers.AuthController.Register (UserService.API)'
2026-03-31 09:28:24.042 +05:30 [INF] HTTP POST /api/v1/auth/register responded 400 in 209.0275 ms
2026-03-31 09:28:24.049 +05:30 [INF] Request finished HTTP/1.1 POST http://localhost:5010/api/v1/auth/register - 400 null application/json; charset=utf-8 242.8251ms
2026-03-31 09:28:49.705 +05:30 [INF] Request starting HTTP/1.1 POST http://localhost:5010/api/v1/auth/register - application/json 188
2026-03-31 09:28:49.743 +05:30 [INF] CORS policy execution successful.
2026-03-31 09:28:49.748 +05:30 [INF] Executing endpoint 'UserService.API.Controllers.AuthController.Register (UserService.API)'
2026-03-31 09:28:49.756 +05:30 [INF] Route matched with {action = "Register", controller = "Auth"}. Executing controller action with signature System.Threading.Tasks.Task`1[Microsoft.AspNetCore.Mvc.IActionResult] Register(UserService.Application.DTOs.RegisterDto) on controller UserService.API.Controllers.AuthController (UserService.API).
2026-03-31 09:28:49.802 +05:30 [INF] Executed DbCommand (22ms) [Parameters=[@normalizedEmail='?' (Size = 256)], CommandType='"Text"', CommandTimeout='30']
SELECT TOP(2) [a].[Id], [a].[AccessFailedCount], [a].[ConcurrencyStamp], [a].[CreatedAt], [a].[Email], [a].[EmailConfirmed], [a].[FirstName], [a].[IsActive], [a].[IsMfaEnabled], [a].[LastName], [a].[LockoutEnabled], [a].[LockoutEnd], [a].[NormalizedEmail], [a].[NormalizedUserName], [a].[PasswordHash], [a].[PhoneNumber], [a].[PhoneNumberConfirmed], [a].[ProfileImageUrl], [a].[RefreshToken], [a].[RefreshTokenExpiry], [a].[SecurityStamp], [a].[TwoFactorEnabled], [a].[UpdatedAt], [a].[UserName]
FROM [AspNetUsers] AS [a]
WHERE [a].[NormalizedEmail] = @normalizedEmail
2026-03-31 09:28:50.051 +05:30 [INF] Executed DbCommand (16ms) [Parameters=[@normalizedUserName='?' (Size = 256)], CommandType='"Text"', CommandTimeout='30']
SELECT TOP(1) [a].[Id], [a].[AccessFailedCount], [a].[ConcurrencyStamp], [a].[CreatedAt], [a].[Email], [a].[EmailConfirmed], [a].[FirstName], [a].[IsActive], [a].[IsMfaEnabled], [a].[LastName], [a].[LockoutEnabled], [a].[LockoutEnd], [a].[NormalizedEmail], [a].[NormalizedUserName], [a].[PasswordHash], [a].[PhoneNumber], [a].[PhoneNumberConfirmed], [a].[ProfileImageUrl], [a].[RefreshToken], [a].[RefreshTokenExpiry], [a].[SecurityStamp], [a].[TwoFactorEnabled], [a].[UpdatedAt], [a].[UserName]
FROM [AspNetUsers] AS [a]
WHERE [a].[NormalizedUserName] = @normalizedUserName
2026-03-31 09:28:50.064 +05:30 [INF] Executed DbCommand (6ms) [Parameters=[@normalizedEmail='?' (Size = 256)], CommandType='"Text"', CommandTimeout='30']
SELECT TOP(2) [a].[Id], [a].[AccessFailedCount], [a].[ConcurrencyStamp], [a].[CreatedAt], [a].[Email], [a].[EmailConfirmed], [a].[FirstName], [a].[IsActive], [a].[IsMfaEnabled], [a].[LastName], [a].[LockoutEnabled], [a].[LockoutEnd], [a].[NormalizedEmail], [a].[NormalizedUserName], [a].[PasswordHash], [a].[PhoneNumber], [a].[PhoneNumberConfirmed], [a].[ProfileImageUrl], [a].[RefreshToken], [a].[RefreshTokenExpiry], [a].[SecurityStamp], [a].[TwoFactorEnabled], [a].[UpdatedAt], [a].[UserName]
FROM [AspNetUsers] AS [a]
WHERE [a].[NormalizedEmail] = @normalizedEmail
2026-03-31 09:28:50.092 +05:30 [INF] Executed DbCommand (17ms) [Parameters=[@p0='?' (Size = 450), @p1='?' (DbType = Int32), @p2='?' (Size = 4000), @p3='?' (DbType = DateTime2), @p4='?' (Size = 256), @p5='?' (DbType = Boolean), @p6='?' (Size = 50), @p7='?' (DbType = Boolean), @p8='?' (DbType = Boolean), @p9='?' (Size = 50), @p10='?' (DbType = Boolean), @p11='?' (DbType = DateTimeOffset), @p12='?' (Size = 256), @p13='?' (Size = 256), @p14='?' (Size = 4000), @p15='?' (Size = 4000), @p16='?' (DbType = Boolean), @p17='?' (Size = 4000), @p18='?' (Size = 4000), @p19='?' (DbType = DateTime2), @p20='?' (Size = 4000), @p21='?' (DbType = Boolean), @p22='?' (DbType = DateTime2), @p23='?' (Size = 256)], CommandType='"Text"', CommandTimeout='30']
SET IMPLICIT_TRANSACTIONS OFF;
SET NOCOUNT ON;
INSERT INTO [AspNetUsers] ([Id], [AccessFailedCount], [ConcurrencyStamp], [CreatedAt], [Email], [EmailConfirmed], [FirstName], [IsActive], [IsMfaEnabled], [LastName], [LockoutEnabled], [LockoutEnd], [NormalizedEmail], [NormalizedUserName], [PasswordHash], [PhoneNumber], [PhoneNumberConfirmed], [ProfileImageUrl], [RefreshToken], [RefreshTokenExpiry], [SecurityStamp], [TwoFactorEnabled], [UpdatedAt], [UserName])
VALUES (@p0, @p1, @p2, @p3, @p4, @p5, @p6, @p7, @p8, @p9, @p10, @p11, @p12, @p13, @p14, @p15, @p16, @p17, @p18, @p19, @p20, @p21, @p22, @p23);
2026-03-31 09:28:50.125 +05:30 [INF] Executed DbCommand (18ms) [Parameters=[@normalizedRoleName='?' (Size = 256)], CommandType='"Text"', CommandTimeout='30']
SELECT TOP(2) [a].[Id], [a].[ConcurrencyStamp], [a].[Name], [a].[NormalizedName]
FROM [AspNetRoles] AS [a]
WHERE [a].[NormalizedName] = @normalizedRoleName
2026-03-31 09:28:50.152 +05:30 [INF] Executed DbCommand (9ms) [Parameters=[@p='?' (Size = 450), @p1='?' (Size = 450)], CommandType='"Text"', CommandTimeout='30']
SELECT TOP(1) [a].[UserId], [a].[RoleId]
FROM [AspNetUserRoles] AS [a]
WHERE [a].[UserId] = @p AND [a].[RoleId] = @p1
2026-03-31 09:28:50.174 +05:30 [INF] Executed DbCommand (12ms) [Parameters=[@normalizedRoleName='?' (Size = 256)], CommandType='"Text"', CommandTimeout='30']
SELECT TOP(2) [a].[Id], [a].[ConcurrencyStamp], [a].[Name], [a].[NormalizedName]
FROM [AspNetRoles] AS [a]
WHERE [a].[NormalizedName] = @normalizedRoleName
2026-03-31 09:28:50.186 +05:30 [INF] Executed DbCommand (2ms) [Parameters=[@normalizedUserName='?' (Size = 256)], CommandType='"Text"', CommandTimeout='30']
SELECT TOP(1) [a].[Id], [a].[AccessFailedCount], [a].[ConcurrencyStamp], [a].[CreatedAt], [a].[Email], [a].[EmailConfirmed], [a].[FirstName], [a].[IsActive], [a].[IsMfaEnabled], [a].[LastName], [a].[LockoutEnabled], [a].[LockoutEnd], [a].[NormalizedEmail], [a].[NormalizedUserName], [a].[PasswordHash], [a].[PhoneNumber], [a].[PhoneNumberConfirmed], [a].[ProfileImageUrl], [a].[RefreshToken], [a].[RefreshTokenExpiry], [a].[SecurityStamp], [a].[TwoFactorEnabled], [a].[UpdatedAt], [a].[UserName]
FROM [AspNetUsers] AS [a]
WHERE [a].[NormalizedUserName] = @normalizedUserName
2026-03-31 09:28:50.203 +05:30 [INF] Executed DbCommand (8ms) [Parameters=[@normalizedEmail='?' (Size = 256)], CommandType='"Text"', CommandTimeout='30']
SELECT TOP(2) [a].[Id], [a].[AccessFailedCount], [a].[ConcurrencyStamp], [a].[CreatedAt], [a].[Email], [a].[EmailConfirmed], [a].[FirstName], [a].[IsActive], [a].[IsMfaEnabled], [a].[LastName], [a].[LockoutEnabled], [a].[LockoutEnd], [a].[NormalizedEmail], [a].[NormalizedUserName], [a].[PasswordHash], [a].[PhoneNumber], [a].[PhoneNumberConfirmed], [a].[ProfileImageUrl], [a].[RefreshToken], [a].[RefreshTokenExpiry], [a].[SecurityStamp], [a].[TwoFactorEnabled], [a].[UpdatedAt], [a].[UserName]
FROM [AspNetUsers] AS [a]
WHERE [a].[NormalizedEmail] = @normalizedEmail
2026-03-31 09:28:50.254 +05:30 [INF] Executed DbCommand (37ms) [Parameters=[@p0='?' (Size = 450), @p1='?' (Size = 450), @p25='?' (Size = 450), @p2='?' (DbType = Int32), @p3='?' (Size = 4000), @p26='?' (Size = 4000), @p4='?' (DbType = DateTime2), @p5='?' (Size = 256), @p6='?' (DbType = Boolean), @p7='?' (Size = 50), @p8='?' (DbType = Boolean), @p9='?' (DbType = Boolean), @p10='?' (Size = 50), @p11='?' (DbType = Boolean), @p12='?' (DbType = DateTimeOffset), @p13='?' (Size = 256), @p14='?' (Size = 256), @p15='?' (Size = 4000), @p16='?' (Size = 4000), @p17='?' (DbType = Boolean), @p18='?' (Size = 4000), @p19='?' (Size = 4000), @p20='?' (DbType = DateTime2), @p21='?' (Size = 4000), @p22='?' (DbType = Boolean), @p23='?' (DbType = DateTime2), @p24='?' (Size = 256)], CommandType='"Text"', CommandTimeout='30']
SET NOCOUNT ON;
INSERT INTO [AspNetUserRoles] ([RoleId], [UserId])
VALUES (@p0, @p1);
UPDATE [AspNetUsers] SET [AccessFailedCount] = @p2, [ConcurrencyStamp] = @p3, [CreatedAt] = @p4, [Email] = @p5, [EmailConfirmed] = @p6, [FirstName] = @p7, [IsActive] = @p8, [IsMfaEnabled] = @p9, [LastName] = @p10, [LockoutEnabled] = @p11, [LockoutEnd] = @p12, [NormalizedEmail] = @p13, [NormalizedUserName] = @p14, [PasswordHash] = @p15, [PhoneNumber] = @p16, [PhoneNumberConfirmed] = @p17, [ProfileImageUrl] = @p18, [RefreshToken] = @p19, [RefreshTokenExpiry] = @p20, [SecurityStamp] = @p21, [TwoFactorEnabled] = @p22, [UpdatedAt] = @p23, [UserName] = @p24
OUTPUT 1
WHERE [Id] = @p25 AND [ConcurrencyStamp] = @p26;
2026-03-31 09:28:50.283 +05:30 [INF] Executed DbCommand (14ms) [Parameters=[@userId='?' (Size = 450)], CommandType='"Text"', CommandTimeout='30']
SELECT [a0].[Name]
FROM [AspNetUserRoles] AS [a]
INNER JOIN [AspNetRoles] AS [a0] ON [a].[RoleId] = [a0].[Id]
WHERE [a].[UserId] = @userId
2026-03-31 09:28:50.302 +05:30 [INF] Executed DbCommand (3ms) [Parameters=[@normalizedUserName='?' (Size = 256)], CommandType='"Text"', CommandTimeout='30']
SELECT TOP(1) [a].[Id], [a].[AccessFailedCount], [a].[ConcurrencyStamp], [a].[CreatedAt], [a].[Email], [a].[EmailConfirmed], [a].[FirstName], [a].[IsActive], [a].[IsMfaEnabled], [a].[LastName], [a].[LockoutEnabled], [a].[LockoutEnd], [a].[NormalizedEmail], [a].[NormalizedUserName], [a].[PasswordHash], [a].[PhoneNumber], [a].[PhoneNumberConfirmed], [a].[ProfileImageUrl], [a].[RefreshToken], [a].[RefreshTokenExpiry], [a].[SecurityStamp], [a].[TwoFactorEnabled], [a].[UpdatedAt], [a].[UserName]
FROM [AspNetUsers] AS [a]
WHERE [a].[NormalizedUserName] = @normalizedUserName
2026-03-31 09:28:50.333 +05:30 [INF] Executed DbCommand (19ms) [Parameters=[@normalizedEmail='?' (Size = 256)], CommandType='"Text"', CommandTimeout='30']
SELECT TOP(2) [a].[Id], [a].[AccessFailedCount], [a].[ConcurrencyStamp], [a].[CreatedAt], [a].[Email], [a].[EmailConfirmed], [a].[FirstName], [a].[IsActive], [a].[IsMfaEnabled], [a].[LastName], [a].[LockoutEnabled], [a].[LockoutEnd], [a].[NormalizedEmail], [a].[NormalizedUserName], [a].[PasswordHash], [a].[PhoneNumber], [a].[PhoneNumberConfirmed], [a].[ProfileImageUrl], [a].[RefreshToken], [a].[RefreshTokenExpiry], [a].[SecurityStamp], [a].[TwoFactorEnabled], [a].[UpdatedAt], [a].[UserName]
FROM [AspNetUsers] AS [a]
WHERE [a].[NormalizedEmail] = @normalizedEmail
2026-03-31 09:28:50.380 +05:30 [INF] Executed DbCommand (28ms) [Parameters=[@p23='?' (Size = 450), @p0='?' (DbType = Int32), @p1='?' (Size = 4000), @p24='?' (Size = 4000), @p2='?' (DbType = DateTime2), @p3='?' (Size = 256), @p4='?' (DbType = Boolean), @p5='?' (Size = 50), @p6='?' (DbType = Boolean), @p7='?' (DbType = Boolean), @p8='?' (Size = 50), @p9='?' (DbType = Boolean), @p10='?' (DbType = DateTimeOffset), @p11='?' (Size = 256), @p12='?' (Size = 256), @p13='?' (Size = 4000), @p14='?' (Size = 4000), @p15='?' (DbType = Boolean), @p16='?' (Size = 4000), @p17='?' (Size = 4000), @p18='?' (DbType = DateTime2), @p19='?' (Size = 4000), @p20='?' (DbType = Boolean), @p21='?' (DbType = DateTime2), @p22='?' (Size = 256)], CommandType='"Text"', CommandTimeout='30']
SET IMPLICIT_TRANSACTIONS OFF;
SET NOCOUNT ON;
UPDATE [AspNetUsers] SET [AccessFailedCount] = @p0, [ConcurrencyStamp] = @p1, [CreatedAt] = @p2, [Email] = @p3, [EmailConfirmed] = @p4, [FirstName] = @p5, [IsActive] = @p6, [IsMfaEnabled] = @p7, [LastName] = @p8, [LockoutEnabled] = @p9, [LockoutEnd] = @p10, [NormalizedEmail] = @p11, [NormalizedUserName] = @p12, [PasswordHash] = @p13, [PhoneNumber] = @p14, [PhoneNumberConfirmed] = @p15, [ProfileImageUrl] = @p16, [RefreshToken] = @p17, [RefreshTokenExpiry] = @p18, [SecurityStamp] = @p19, [TwoFactorEnabled] = @p20, [UpdatedAt] = @p21, [UserName] = @p22
OUTPUT 1
WHERE [Id] = @p23 AND [ConcurrencyStamp] = @p24;
2026-03-31 09:28:50.392 +05:30 [INF] Executing OkObjectResult, writing value of type '<>f__AnonymousType0`2[[System.Boolean, System.Private.CoreLib, Version=10.0.0.0, Culture=neutral, PublicKeyToken=7cec85d7bea7798e],[UserService.Application.DTOs.TokenResponseDto, UserService.Application, Version=1.0.0.0, Culture=neutral, PublicKeyToken=null]]'.
2026-03-31 09:28:50.398 +05:30 [INF] Executed action UserService.API.Controllers.AuthController.Register (UserService.API) in 624.2972ms
2026-03-31 09:28:50.404 +05:30 [INF] Executed endpoint 'UserService.API.Controllers.AuthController.Register (UserService.API)'
2026-03-31 09:28:50.410 +05:30 [INF] HTTP POST /api/v1/auth/register responded 200 in 663.0111 ms
2026-03-31 09:28:50.415 +05:30 [INF] Request finished HTTP/1.1 POST http://localhost:5010/api/v1/auth/register - 200 null application/json; charset=utf-8 710.3246ms
2026-03-31 09:29:15.644 +05:30 [INF] Request starting HTTP/1.1 POST http://localhost:5010/api/v1/auth/login - application/json 56
2026-03-31 09:29:15.653 +05:30 [INF] CORS policy execution successful.
2026-03-31 09:29:15.665 +05:30 [INF] Executing endpoint 'UserService.API.Controllers.AuthController.Login (UserService.API)'
2026-03-31 09:29:15.668 +05:30 [INF] Route matched with {action = "Login", controller = "Auth"}. Executing controller action with signature System.Threading.Tasks.Task`1[Microsoft.AspNetCore.Mvc.IActionResult] Login(UserService.Application.DTOs.LoginDto) on controller UserService.API.Controllers.AuthController (UserService.API).
2026-03-31 09:29:15.708 +05:30 [INF] Executed DbCommand (21ms) [Parameters=[@normalizedEmail='?' (Size = 256)], CommandType='"Text"', CommandTimeout='30']
SELECT TOP(2) [a].[Id], [a].[AccessFailedCount], [a].[ConcurrencyStamp], [a].[CreatedAt], [a].[Email], [a].[EmailConfirmed], [a].[FirstName], [a].[IsActive], [a].[IsMfaEnabled], [a].[LastName], [a].[LockoutEnabled], [a].[LockoutEnd], [a].[NormalizedEmail], [a].[NormalizedUserName], [a].[PasswordHash], [a].[PhoneNumber], [a].[PhoneNumberConfirmed], [a].[ProfileImageUrl], [a].[RefreshToken], [a].[RefreshTokenExpiry], [a].[SecurityStamp], [a].[TwoFactorEnabled], [a].[UpdatedAt], [a].[UserName]
FROM [AspNetUsers] AS [a]
WHERE [a].[NormalizedEmail] = @normalizedEmail
2026-03-31 09:29:15.953 +05:30 [INF] Executed DbCommand (42ms) [Parameters=[@userId='?' (Size = 450)], CommandType='"Text"', CommandTimeout='30']
SELECT [a0].[Name]
FROM [AspNetUserRoles] AS [a]
INNER JOIN [AspNetRoles] AS [a0] ON [a].[RoleId] = [a0].[Id]
WHERE [a].[UserId] = @userId
2026-03-31 09:29:15.998 +05:30 [INF] Executed DbCommand (16ms) [Parameters=[@normalizedUserName='?' (Size = 256)], CommandType='"Text"', CommandTimeout='30']
SELECT TOP(1) [a].[Id], [a].[AccessFailedCount], [a].[ConcurrencyStamp], [a].[CreatedAt], [a].[Email], [a].[EmailConfirmed], [a].[FirstName], [a].[IsActive], [a].[IsMfaEnabled], [a].[LastName], [a].[LockoutEnabled], [a].[LockoutEnd], [a].[NormalizedEmail], [a].[NormalizedUserName], [a].[PasswordHash], [a].[PhoneNumber], [a].[PhoneNumberConfirmed], [a].[ProfileImageUrl], [a].[RefreshToken], [a].[RefreshTokenExpiry], [a].[SecurityStamp], [a].[TwoFactorEnabled], [a].[UpdatedAt], [a].[UserName]
FROM [AspNetUsers] AS [a]
WHERE [a].[NormalizedUserName] = @normalizedUserName
2026-03-31 09:29:16.033 +05:30 [INF] Executed DbCommand (18ms) [Parameters=[@normalizedEmail='?' (Size = 256)], CommandType='"Text"', CommandTimeout='30']
SELECT TOP(2) [a].[Id], [a].[AccessFailedCount], [a].[ConcurrencyStamp], [a].[CreatedAt], [a].[Email], [a].[EmailConfirmed], [a].[FirstName], [a].[IsActive], [a].[IsMfaEnabled], [a].[LastName], [a].[LockoutEnabled], [a].[LockoutEnd], [a].[NormalizedEmail], [a].[NormalizedUserName], [a].[PasswordHash], [a].[PhoneNumber], [a].[PhoneNumberConfirmed], [a].[ProfileImageUrl], [a].[RefreshToken], [a].[RefreshTokenExpiry], [a].[SecurityStamp], [a].[TwoFactorEnabled], [a].[UpdatedAt], [a].[UserName]
FROM [AspNetUsers] AS [a]
WHERE [a].[NormalizedEmail] = @normalizedEmail
2026-03-31 09:29:16.070 +05:30 [INF] Executed DbCommand (22ms) [Parameters=[@p23='?' (Size = 450), @p0='?' (DbType = Int32), @p1='?' (Size = 4000), @p24='?' (Size = 4000), @p2='?' (DbType = DateTime2), @p3='?' (Size = 256), @p4='?' (DbType = Boolean), @p5='?' (Size = 50), @p6='?' (DbType = Boolean), @p7='?' (DbType = Boolean), @p8='?' (Size = 50), @p9='?' (DbType = Boolean), @p10='?' (DbType = DateTimeOffset), @p11='?' (Size = 256), @p12='?' (Size = 256), @p13='?' (Size = 4000), @p14='?' (Size = 4000), @p15='?' (DbType = Boolean), @p16='?' (Size = 4000), @p17='?' (Size = 4000), @p18='?' (DbType = DateTime2), @p19='?' (Size = 4000), @p20='?' (DbType = Boolean), @p21='?' (DbType = DateTime2), @p22='?' (Size = 256)], CommandType='"Text"', CommandTimeout='30']
SET IMPLICIT_TRANSACTIONS OFF;
SET NOCOUNT ON;
UPDATE [AspNetUsers] SET [AccessFailedCount] = @p0, [ConcurrencyStamp] = @p1, [CreatedAt] = @p2, [Email] = @p3, [EmailConfirmed] = @p4, [FirstName] = @p5, [IsActive] = @p6, [IsMfaEnabled] = @p7, [LastName] = @p8, [LockoutEnabled] = @p9, [LockoutEnd] = @p10, [NormalizedEmail] = @p11, [NormalizedUserName] = @p12, [PasswordHash] = @p13, [PhoneNumber] = @p14, [PhoneNumberConfirmed] = @p15, [ProfileImageUrl] = @p16, [RefreshToken] = @p17, [RefreshTokenExpiry] = @p18, [SecurityStamp] = @p19, [TwoFactorEnabled] = @p20, [UpdatedAt] = @p21, [UserName] = @p22
OUTPUT 1
WHERE [Id] = @p23 AND [ConcurrencyStamp] = @p24;
2026-03-31 09:29:16.076 +05:30 [INF] Executing OkObjectResult, writing value of type '<>f__AnonymousType0`2[[System.Boolean, System.Private.CoreLib, Version=10.0.0.0, Culture=neutral, PublicKeyToken=7cec85d7bea7798e],[UserService.Application.DTOs.TokenResponseDto, UserService.Application, Version=1.0.0.0, Culture=neutral, PublicKeyToken=null]]'.
2026-03-31 09:29:16.080 +05:30 [INF] Executed action UserService.API.Controllers.AuthController.Login (UserService.API) in 404.0969ms
2026-03-31 09:29:16.083 +05:30 [INF] Executed endpoint 'UserService.API.Controllers.AuthController.Login (UserService.API)'
2026-03-31 09:29:16.085 +05:30 [INF] HTTP POST /api/v1/auth/login responded 200 in 421.8695 ms
2026-03-31 09:29:16.090 +05:30 [INF] Request finished HTTP/1.1 POST http://localhost:5010/api/v1/auth/login - 200 null application/json; charset=utf-8 446.0723ms
2026-03-31 09:29:58.290 +05:30 [INF] Request starting HTTP/1.1 POST http://localhost:5010/api/v1/auth/send-otp - application/json 94
2026-03-31 09:29:58.335 +05:30 [INF] CORS policy execution successful.
2026-03-31 09:29:58.343 +05:30 [INF] Executing endpoint 'UserService.API.Controllers.AuthController.SendOtp (UserService.API)'
2026-03-31 09:29:58.347 +05:30 [INF] Route matched with {action = "SendOtp", controller = "Auth"}. Executing controller action with signature System.Threading.Tasks.Task`1[Microsoft.AspNetCore.Mvc.IActionResult] SendOtp(UserService.Application.DTOs.SendOtpDto) on controller UserService.API.Controllers.AuthController (UserService.API).
2026-03-31 09:29:58.379 +05:30 [INF] Executed DbCommand (18ms) [Parameters=[@p='?' (Size = 450)], CommandType='"Text"', CommandTimeout='30']
SELECT TOP(1) [a].[Id], [a].[AccessFailedCount], [a].[ConcurrencyStamp], [a].[CreatedAt], [a].[Email], [a].[EmailConfirmed], [a].[FirstName], [a].[IsActive], [a].[IsMfaEnabled], [a].[LastName], [a].[LockoutEnabled], [a].[LockoutEnd], [a].[NormalizedEmail], [a].[NormalizedUserName], [a].[PasswordHash], [a].[PhoneNumber], [a].[PhoneNumberConfirmed], [a].[ProfileImageUrl], [a].[RefreshToken], [a].[RefreshTokenExpiry], [a].[SecurityStamp], [a].[TwoFactorEnabled], [a].[UpdatedAt], [a].[UserName]
FROM [AspNetUsers] AS [a]
WHERE [a].[Id] = @p
2026-03-31 09:29:59.134 +05:30 [INF] Executing OkObjectResult, writing value of type '<>f__AnonymousType2`3[[System.Boolean, System.Private.CoreLib, Version=10.0.0.0, Culture=neutral, PublicKeyToken=7cec85d7bea7798e],[System.String, System.Private.CoreLib, Version=10.0.0.0, Culture=neutral, PublicKeyToken=7cec85d7bea7798e],[System.String, System.Private.CoreLib, Version=10.0.0.0, Culture=neutral, PublicKeyToken=7cec85d7bea7798e]]'.
2026-03-31 09:29:59.144 +05:30 [INF] Executed action UserService.API.Controllers.AuthController.SendOtp (UserService.API) in 787.4568ms
2026-03-31 09:29:59.148 +05:30 [INF] Executed endpoint 'UserService.API.Controllers.AuthController.SendOtp (UserService.API)'
2026-03-31 09:29:59.152 +05:30 [INF] HTTP POST /api/v1/auth/send-otp responded 200 in 812.5331 ms
2026-03-31 09:29:59.159 +05:30 [INF] Request finished HTTP/1.1 POST http://localhost:5010/api/v1/auth/send-otp - 200 null application/json; charset=utf-8 868.7718ms
2026-03-31 09:30:48.544 +05:30 [INF] Request starting HTTP/1.1 POST http://localhost:5010/api/v1/auth/verify-otp - application/json 97
2026-03-31 09:30:48.563 +05:30 [INF] CORS policy execution successful.
2026-03-31 09:30:48.592 +05:30 [INF] Executing endpoint 'UserService.API.Controllers.AuthController.VerifyOtp (UserService.API)'
2026-03-31 09:30:48.623 +05:30 [INF] Route matched with {action = "VerifyOtp", controller = "Auth"}. Executing controller action with signature System.Threading.Tasks.Task`1[Microsoft.AspNetCore.Mvc.IActionResult] VerifyOtp(UserService.Application.DTOs.VerifyOtpDto) on controller UserService.API.Controllers.AuthController (UserService.API).
2026-03-31 09:30:48.649 +05:30 [INF] Executing OkObjectResult, writing value of type '<>f__AnonymousType1`2[[System.Boolean, System.Private.CoreLib, Version=10.0.0.0, Culture=neutral, PublicKeyToken=7cec85d7bea7798e],[System.String, System.Private.CoreLib, Version=10.0.0.0, Culture=neutral, PublicKeyToken=7cec85d7bea7798e]]'.
2026-03-31 09:30:48.657 +05:30 [INF] Executed action UserService.API.Controllers.AuthController.VerifyOtp (UserService.API) in 28.087ms
2026-03-31 09:30:48.669 +05:30 [INF] Executed endpoint 'UserService.API.Controllers.AuthController.VerifyOtp (UserService.API)'
2026-03-31 09:30:48.672 +05:30 [INF] HTTP POST /api/v1/auth/verify-otp responded 200 in 105.1223 ms
2026-03-31 09:30:48.680 +05:30 [INF] Request finished HTTP/1.1 POST http://localhost:5010/api/v1/auth/verify-otp - 200 null application/json; charset=utf-8 136.3545ms
2026-03-31 09:31:11.225 +05:30 [INF] Request starting HTTP/1.1 POST http://localhost:5010/api/v1/auth/send-otp - application/json 99
2026-03-31 09:31:11.240 +05:30 [INF] CORS policy execution successful.
2026-03-31 09:31:11.245 +05:30 [INF] Executing endpoint 'UserService.API.Controllers.AuthController.SendOtp (UserService.API)'
2026-03-31 09:31:11.249 +05:30 [INF] Route matched with {action = "SendOtp", controller = "Auth"}. Executing controller action with signature System.Threading.Tasks.Task`1[Microsoft.AspNetCore.Mvc.IActionResult] SendOtp(UserService.Application.DTOs.SendOtpDto) on controller UserService.API.Controllers.AuthController (UserService.API).
2026-03-31 09:31:11.285 +05:30 [INF] Executed DbCommand (24ms) [Parameters=[@p='?' (Size = 450)], CommandType='"Text"', CommandTimeout='30']
SELECT TOP(1) [a].[Id], [a].[AccessFailedCount], [a].[ConcurrencyStamp], [a].[CreatedAt], [a].[Email], [a].[EmailConfirmed], [a].[FirstName], [a].[IsActive], [a].[IsMfaEnabled], [a].[LastName], [a].[LockoutEnabled], [a].[LockoutEnd], [a].[NormalizedEmail], [a].[NormalizedUserName], [a].[PasswordHash], [a].[PhoneNumber], [a].[PhoneNumberConfirmed], [a].[ProfileImageUrl], [a].[RefreshToken], [a].[RefreshTokenExpiry], [a].[SecurityStamp], [a].[TwoFactorEnabled], [a].[UpdatedAt], [a].[UserName]
FROM [AspNetUsers] AS [a]
WHERE [a].[Id] = @p
2026-03-31 09:31:11.690 +05:30 [INF] Executing OkObjectResult, writing value of type '<>f__AnonymousType2`3[[System.Boolean, System.Private.CoreLib, Version=10.0.0.0, Culture=neutral, PublicKeyToken=7cec85d7bea7798e],[System.String, System.Private.CoreLib, Version=10.0.0.0, Culture=neutral, PublicKeyToken=7cec85d7bea7798e],[System.String, System.Private.CoreLib, Version=10.0.0.0, Culture=neutral, PublicKeyToken=7cec85d7bea7798e]]'.
2026-03-31 09:31:11.696 +05:30 [INF] Executed action UserService.API.Controllers.AuthController.SendOtp (UserService.API) in 439.1776ms
2026-03-31 09:31:11.701 +05:30 [INF] Executed endpoint 'UserService.API.Controllers.AuthController.SendOtp (UserService.API)'
2026-03-31 09:31:11.706 +05:30 [INF] HTTP POST /api/v1/auth/send-otp responded 200 in 462.9278 ms
2026-03-31 09:31:11.710 +05:30 [INF] Request finished HTTP/1.1 POST http://localhost:5010/api/v1/auth/send-otp - 200 null application/json; charset=utf-8 485.2763ms
2026-03-31 09:31:26.869 +05:30 [INF] Request starting HTTP/1.1 POST http://localhost:5010/api/v1/auth/verify-otp - application/json 97
2026-03-31 09:31:26.879 +05:30 [INF] CORS policy execution successful.
2026-03-31 09:31:26.883 +05:30 [INF] Executing endpoint 'UserService.API.Controllers.AuthController.VerifyOtp (UserService.API)'
2026-03-31 09:31:26.886 +05:30 [INF] Route matched with {action = "VerifyOtp", controller = "Auth"}. Executing controller action with signature System.Threading.Tasks.Task`1[Microsoft.AspNetCore.Mvc.IActionResult] VerifyOtp(UserService.Application.DTOs.VerifyOtpDto) on controller UserService.API.Controllers.AuthController (UserService.API).
2026-03-31 09:31:26.897 +05:30 [INF] Executing OkObjectResult, writing value of type '<>f__AnonymousType1`2[[System.Boolean, System.Private.CoreLib, Version=10.0.0.0, Culture=neutral, PublicKeyToken=7cec85d7bea7798e],[System.String, System.Private.CoreLib, Version=10.0.0.0, Culture=neutral, PublicKeyToken=7cec85d7bea7798e]]'.
2026-03-31 09:31:26.905 +05:30 [INF] Executed action UserService.API.Controllers.AuthController.VerifyOtp (UserService.API) in 11.6739ms
2026-03-31 09:31:26.911 +05:30 [INF] Executed endpoint 'UserService.API.Controllers.AuthController.VerifyOtp (UserService.API)'
2026-03-31 09:31:26.915 +05:30 [INF] HTTP POST /api/v1/auth/verify-otp responded 200 in 33.2662 ms
2026-03-31 09:31:26.924 +05:30 [INF] Request finished HTTP/1.1 POST http://localhost:5010/api/v1/auth/verify-otp - 200 null application/json; charset=utf-8 54.3969ms
2026-03-31 09:31:33.791 +05:30 [INF] Request starting HTTP/1.1 POST http://localhost:5010/api/v1/auth/verify-otp - application/json 97
2026-03-31 09:31:33.798 +05:30 [INF] CORS policy execution successful.
2026-03-31 09:31:33.800 +05:30 [INF] Executing endpoint 'UserService.API.Controllers.AuthController.VerifyOtp (UserService.API)'
2026-03-31 09:31:33.803 +05:30 [INF] Route matched with {action = "VerifyOtp", controller = "Auth"}. Executing controller action with signature System.Threading.Tasks.Task`1[Microsoft.AspNetCore.Mvc.IActionResult] VerifyOtp(UserService.Application.DTOs.VerifyOtpDto) on controller UserService.API.Controllers.AuthController (UserService.API).
2026-03-31 09:31:33.824 +05:30 [INF] Executing BadRequestObjectResult, writing value of type '<>f__AnonymousType1`2[[System.Boolean, System.Private.CoreLib, Version=10.0.0.0, Culture=neutral, PublicKeyToken=7cec85d7bea7798e],[System.String, System.Private.CoreLib, Version=10.0.0.0, Culture=neutral, PublicKeyToken=7cec85d7bea7798e]]'.
2026-03-31 09:31:33.830 +05:30 [INF] Executed action UserService.API.Controllers.AuthController.VerifyOtp (UserService.API) in 7.0378ms
2026-03-31 09:31:33.834 +05:30 [INF] Executed endpoint 'UserService.API.Controllers.AuthController.VerifyOtp (UserService.API)'
2026-03-31 09:31:33.839 +05:30 [INF] HTTP POST /api/v1/auth/verify-otp responded 400 in 39.0413 ms
2026-03-31 09:31:33.844 +05:30 [INF] Request finished HTTP/1.1 POST http://localhost:5010/api/v1/auth/verify-otp - 400 null application/json; charset=utf-8 53.2392ms
2026-03-31 10:06:19.554 +05:30 [INF] Request starting HTTP/1.1 GET http://localhost:5010/api/v1/oauth/google - null null
2026-03-31 10:06:19.711 +05:30 [INF] Executing endpoint 'UserService.API.Controllers.OAuthController.GoogleLogin (UserService.API)'
2026-03-31 10:06:19.796 +05:30 [INF] Route matched with {action = "GoogleLogin", controller = "OAuth"}. Executing controller action with signature Microsoft.AspNetCore.Mvc.IActionResult GoogleLogin() on controller UserService.API.Controllers.OAuthController (UserService.API).
2026-03-31 10:06:20.159 +05:30 [INF] Executing ChallengeResult with authentication schemes (["Google"]).
2026-03-31 10:06:20.391 +05:30 [INF] AuthenticationScheme: Google was challenged.
2026-03-31 10:06:20.397 +05:30 [INF] Executed action UserService.API.Controllers.OAuthController.GoogleLogin (UserService.API) in 595.9988ms
2026-03-31 10:06:20.649 +05:30 [INF] Executed endpoint 'UserService.API.Controllers.OAuthController.GoogleLogin (UserService.API)'
2026-03-31 10:06:20.652 +05:30 [INF] HTTP GET /api/v1/oauth/google responded 302 in 965.9691 ms
2026-03-31 10:06:20.677 +05:30 [INF] Request finished HTTP/1.1 GET http://localhost:5010/api/v1/oauth/google - 302 null null 1132.6837ms
2026-03-31 10:08:16.793 +05:30 [INF] Request starting HTTP/1.1 GET http://localhost:5010/api/v1/oauth/google - null null
2026-03-31 10:08:16.838 +05:30 [INF] Executing endpoint 'UserService.API.Controllers.OAuthController.GoogleLogin (UserService.API)'
2026-03-31 10:08:16.843 +05:30 [INF] Route matched with {action = "GoogleLogin", controller = "OAuth"}. Executing controller action with signature Microsoft.AspNetCore.Mvc.IActionResult GoogleLogin() on controller UserService.API.Controllers.OAuthController (UserService.API).
2026-03-31 10:08:16.868 +05:30 [INF] Executing ChallengeResult with authentication schemes (["Google"]).
2026-03-31 10:08:16.921 +05:30 [INF] AuthenticationScheme: Google was challenged.
2026-03-31 10:08:16.931 +05:30 [INF] Executed action UserService.API.Controllers.OAuthController.GoogleLogin (UserService.API) in 71.0797ms
2026-03-31 10:08:16.955 +05:30 [INF] Executed endpoint 'UserService.API.Controllers.OAuthController.GoogleLogin (UserService.API)'
2026-03-31 10:08:16.958 +05:30 [INF] HTTP GET /api/v1/oauth/google responded 302 in 148.9751 ms
2026-03-31 10:08:16.964 +05:30 [INF] Request finished HTTP/1.1 GET http://localhost:5010/api/v1/oauth/google - 302 0 null 171.0291ms
2026-03-31 10:08:33.267 +05:30 [INF] Request starting HTTP/1.1 GET http://localhost:5010/api/v1/oauth/google - null null
2026-03-31 10:08:33.293 +05:30 [INF] Executing endpoint 'UserService.API.Controllers.OAuthController.GoogleLogin (UserService.API)'
2026-03-31 10:08:33.298 +05:30 [INF] Route matched with {action = "GoogleLogin", controller = "OAuth"}. Executing controller action with signature Microsoft.AspNetCore.Mvc.IActionResult GoogleLogin() on controller UserService.API.Controllers.OAuthController (UserService.API).
2026-03-31 10:08:33.309 +05:30 [INF] Executing ChallengeResult with authentication schemes (["Google"]).
2026-03-31 10:08:33.317 +05:30 [INF] AuthenticationScheme: Google was challenged.
2026-03-31 10:08:33.323 +05:30 [INF] Executed action UserService.API.Controllers.OAuthController.GoogleLogin (UserService.API) in 15.7549ms
2026-03-31 10:08:33.328 +05:30 [INF] Executed endpoint 'UserService.API.Controllers.OAuthController.GoogleLogin (UserService.API)'
2026-03-31 10:08:33.334 +05:30 [INF] HTTP GET /api/v1/oauth/google responded 302 in 42.0701 ms
2026-03-31 10:08:33.343 +05:30 [INF] Request finished HTTP/1.1 GET http://localhost:5010/api/v1/oauth/google - 302 null null 76.057ms
2026-03-31 10:09:13.238 +05:30 [INF] Executed DbCommand (153ms) [Parameters=[@normalizedName='?' (Size = 256)], CommandType='"Text"', CommandTimeout='30']
SELECT TOP(1) [a].[Id], [a].[ConcurrencyStamp], [a].[Name], [a].[NormalizedName]
FROM [AspNetRoles] AS [a]
WHERE [a].[NormalizedName] = @normalizedName
2026-03-31 10:09:13.675 +05:30 [INF] Executed DbCommand (4ms) [Parameters=[@normalizedName='?' (Size = 256)], CommandType='"Text"', CommandTimeout='30']
SELECT TOP(1) [a].[Id], [a].[ConcurrencyStamp], [a].[Name], [a].[NormalizedName]
FROM [AspNetRoles] AS [a]
WHERE [a].[NormalizedName] = @normalizedName
2026-03-31 10:09:13.683 +05:30 [INF] Executed DbCommand (1ms) [Parameters=[@normalizedName='?' (Size = 256)], CommandType='"Text"', CommandTimeout='30']
SELECT TOP(1) [a].[Id], [a].[ConcurrencyStamp], [a].[Name], [a].[NormalizedName]
FROM [AspNetRoles] AS [a]
WHERE [a].[NormalizedName] = @normalizedName
2026-03-31 10:09:14.129 +05:30 [INF] Executed DbCommand (7ms) [Parameters=[], CommandType='"Text"', CommandTimeout='30']
SELECT 1
2026-03-31 10:09:14.141 +05:30 [INF] Acquiring an exclusive lock for migration application. See https://aka.ms/efcore-docs-migrations-lock for more information if this takes too long.
2026-03-31 10:09:14.179 +05:30 [INF] Executed DbCommand (32ms) [Parameters=[], CommandType='"Text"', CommandTimeout='30']
DECLARE @result int;
EXEC @result = sp_getapplock @Resource = '__EFMigrationsLock', @LockOwner = 'Session', @LockMode = 'Exclusive';
SELECT @result
2026-03-31 10:09:14.341 +05:30 [INF] Executed DbCommand (8ms) [Parameters=[], CommandType='"Text"', CommandTimeout='30']
IF OBJECT_ID(N'[__EFMigrationsHistory]') IS NULL
BEGIN
    CREATE TABLE [__EFMigrationsHistory] (
        [MigrationId] nvarchar(150) NOT NULL,
        [ProductVersion] nvarchar(32) NOT NULL,
        CONSTRAINT [PK___EFMigrationsHistory] PRIMARY KEY ([MigrationId])
    );
END;
2026-03-31 10:09:14.363 +05:30 [INF] Executed DbCommand (1ms) [Parameters=[], CommandType='"Text"', CommandTimeout='30']
SELECT 1
2026-03-31 10:09:14.368 +05:30 [INF] Executed DbCommand (1ms) [Parameters=[], CommandType='"Text"', CommandTimeout='30']
SELECT OBJECT_ID(N'[__EFMigrationsHistory]');
2026-03-31 10:09:14.389 +05:30 [INF] Executed DbCommand (8ms) [Parameters=[], CommandType='"Text"', CommandTimeout='30']
SELECT [MigrationId], [ProductVersion]
FROM [__EFMigrationsHistory]
ORDER BY [MigrationId];
2026-03-31 10:09:14.405 +05:30 [INF] No migrations were applied. The database is already up to date.
2026-03-31 10:09:14.417 +05:30 [INF] Executed DbCommand (9ms) [Parameters=[], CommandType='"Text"', CommandTimeout='30']
DECLARE @result int;
EXEC @result = sp_releaseapplock @Resource = '__EFMigrationsLock', @LockOwner = 'Session';
SELECT @result
2026-03-31 10:09:14.733 +05:30 [INF] User profile is available. Using 'C:\Users\Satvik\AppData\Local\ASP.NET\DataProtection-Keys' as key repository and Windows DPAPI to encrypt keys at rest.
2026-03-31 10:09:15.007 +05:30 [WRN] The WebRootPath was not found: C:\Users\Satvik\Downloads\MicroservicesAssesment\MicroservicesAssesment\Services\UserService\UserService.API\wwwroot. Static files may be unavailable.
2026-03-31 10:09:15.175 +05:30 [INF] Now listening on: http://localhost:5010
2026-03-31 10:09:15.330 +05:30 [INF] Application started. Press Ctrl+C to shut down.
2026-03-31 10:09:15.358 +05:30 [INF] Hosting environment: Development
2026-03-31 10:09:15.359 +05:30 [INF] Content root path: C:\Users\Satvik\Downloads\MicroservicesAssesment\MicroservicesAssesment\Services\UserService\UserService.API
2026-03-31 10:09:15.955 +05:30 [INF] Request starting HTTP/1.1 GET http://localhost:5010/ - null null
2026-03-31 10:09:16.487 +05:30 [INF] HTTP GET / responded 404 in 183.2991 ms
2026-03-31 10:09:16.518 +05:30 [INF] Request finished HTTP/1.1 GET http://localhost:5010/ - 404 null null 572.5577ms
2026-03-31 10:09:16.557 +05:30 [INF] Request reached the end of the middleware pipeline without being handled by application code. Request path: GET http://localhost:5010/, Response status code: 404
2026-03-31 10:09:49.073 +05:30 [INF] Executed DbCommand (199ms) [Parameters=[@normalizedName='?' (Size = 256)], CommandType='"Text"', CommandTimeout='30']
SELECT TOP(1) [a].[Id], [a].[ConcurrencyStamp], [a].[Name], [a].[NormalizedName]
FROM [AspNetRoles] AS [a]
WHERE [a].[NormalizedName] = @normalizedName
2026-03-31 10:09:49.477 +05:30 [INF] Executed DbCommand (4ms) [Parameters=[@normalizedName='?' (Size = 256)], CommandType='"Text"', CommandTimeout='30']
SELECT TOP(1) [a].[Id], [a].[ConcurrencyStamp], [a].[Name], [a].[NormalizedName]
FROM [AspNetRoles] AS [a]
WHERE [a].[NormalizedName] = @normalizedName
2026-03-31 10:09:49.486 +05:30 [INF] Executed DbCommand (1ms) [Parameters=[@normalizedName='?' (Size = 256)], CommandType='"Text"', CommandTimeout='30']
SELECT TOP(1) [a].[Id], [a].[ConcurrencyStamp], [a].[Name], [a].[NormalizedName]
FROM [AspNetRoles] AS [a]
WHERE [a].[NormalizedName] = @normalizedName
2026-03-31 10:09:49.971 +05:30 [INF] Executed DbCommand (6ms) [Parameters=[], CommandType='"Text"', CommandTimeout='30']
SELECT 1
2026-03-31 10:09:49.983 +05:30 [INF] Acquiring an exclusive lock for migration application. See https://aka.ms/efcore-docs-migrations-lock for more information if this takes too long.
2026-03-31 10:09:50.010 +05:30 [INF] Executed DbCommand (21ms) [Parameters=[], CommandType='"Text"', CommandTimeout='30']
DECLARE @result int;
EXEC @result = sp_getapplock @Resource = '__EFMigrationsLock', @LockOwner = 'Session', @LockMode = 'Exclusive';
SELECT @result
2026-03-31 10:09:50.219 +05:30 [INF] Executed DbCommand (2ms) [Parameters=[], CommandType='"Text"', CommandTimeout='30']
IF OBJECT_ID(N'[__EFMigrationsHistory]') IS NULL
BEGIN
    CREATE TABLE [__EFMigrationsHistory] (
        [MigrationId] nvarchar(150) NOT NULL,
        [ProductVersion] nvarchar(32) NOT NULL,
        CONSTRAINT [PK___EFMigrationsHistory] PRIMARY KEY ([MigrationId])
    );
END;
2026-03-31 10:09:50.242 +05:30 [INF] Executed DbCommand (1ms) [Parameters=[], CommandType='"Text"', CommandTimeout='30']
SELECT 1
2026-03-31 10:09:50.248 +05:30 [INF] Executed DbCommand (1ms) [Parameters=[], CommandType='"Text"', CommandTimeout='30']
SELECT OBJECT_ID(N'[__EFMigrationsHistory]');
2026-03-31 10:09:50.260 +05:30 [INF] Executed DbCommand (5ms) [Parameters=[], CommandType='"Text"', CommandTimeout='30']
SELECT [MigrationId], [ProductVersion]
FROM [__EFMigrationsHistory]
ORDER BY [MigrationId];
2026-03-31 10:09:50.273 +05:30 [INF] No migrations were applied. The database is already up to date.
2026-03-31 10:09:50.281 +05:30 [INF] Executed DbCommand (5ms) [Parameters=[], CommandType='"Text"', CommandTimeout='30']
DECLARE @result int;
EXEC @result = sp_releaseapplock @Resource = '__EFMigrationsLock', @LockOwner = 'Session';
SELECT @result
2026-03-31 10:09:50.683 +05:30 [INF] User profile is available. Using 'C:\Users\Satvik\AppData\Local\ASP.NET\DataProtection-Keys' as key repository and Windows DPAPI to encrypt keys at rest.
2026-03-31 10:09:51.133 +05:30 [WRN] The WebRootPath was not found: C:\Users\Satvik\Downloads\MicroservicesAssesment\MicroservicesAssesment\Services\UserService\UserService.API\wwwroot. Static files may be unavailable.
2026-03-31 10:09:51.245 +05:30 [INF] Now listening on: http://localhost:5010
2026-03-31 10:09:51.673 +05:30 [INF] Application started. Press Ctrl+C to shut down.
2026-03-31 10:09:51.764 +05:30 [INF] Hosting environment: Development
2026-03-31 10:09:51.787 +05:30 [INF] Content root path: C:\Users\Satvik\Downloads\MicroservicesAssesment\MicroservicesAssesment\Services\UserService\UserService.API
2026-03-31 10:09:51.907 +05:30 [INF] Request starting HTTP/1.1 GET http://localhost:5010/ - null null
2026-03-31 10:09:52.421 +05:30 [INF] HTTP GET / responded 404 in 187.1305 ms
2026-03-31 10:09:52.470 +05:30 [INF] Request finished HTTP/1.1 GET http://localhost:5010/ - 404 null null 577.5957ms
2026-03-31 10:09:52.508 +05:30 [INF] Request reached the end of the middleware pipeline without being handled by application code. Request path: GET http://localhost:5010/, Response status code: 404
2026-03-31 10:09:57.976 +05:30 [INF] Request starting HTTP/1.1 GET http://localhost:5010/swagger/index.html - null null
2026-03-31 10:09:58.148 +05:30 [INF] HTTP GET /swagger/index.html responded 304 in 142.1422 ms
2026-03-31 10:09:58.153 +05:30 [INF] Request finished HTTP/1.1 GET http://localhost:5010/swagger/index.html - 304 null null 177.6863ms
2026-03-31 10:09:58.203 +05:30 [INF] Request starting HTTP/1.1 GET http://localhost:5010/swagger/index.css - null null
2026-03-31 10:09:58.203 +05:30 [INF] Request starting HTTP/1.1 GET http://localhost:5010/swagger/swagger-ui-bundle.js - null null
2026-03-31 10:09:58.194 +05:30 [INF] Request starting HTTP/1.1 GET http://localhost:5010/_framework/aspnetcore-browser-refresh.js - null null
2026-03-31 10:09:58.205 +05:30 [INF] Request starting HTTP/1.1 GET http://localhost:5010/swagger/swagger-ui-standalone-preset.js - null null
2026-03-31 10:09:58.232 +05:30 [INF] Request starting HTTP/1.1 GET http://localhost:5010/swagger/index.js - null null
2026-03-31 10:09:58.297 +05:30 [INF] HTTP GET /swagger/index.css responded 304 in 56.7505 ms
2026-03-31 10:09:58.257 +05:30 [INF] Request finished HTTP/1.1 GET http://localhost:5010/_framework/aspnetcore-browser-refresh.js - 200 14935 application/javascript; charset=utf-8 63.3936ms
2026-03-31 10:09:58.297 +05:30 [INF] HTTP GET /swagger/swagger-ui-standalone-preset.js responded 304 in 43.7849 ms
2026-03-31 10:09:58.234 +05:30 [INF] Request starting HTTP/1.1 GET http://localhost:5010/swagger/swagger-ui.css - null null
2026-03-31 10:09:58.303 +05:30 [INF] HTTP GET /swagger/index.js responded 304 in 0.6818 ms
2026-03-31 10:09:58.308 +05:30 [INF] Request finished HTTP/1.1 GET http://localhost:5010/swagger/index.css - 304 null null 105.1683ms
2026-03-31 10:09:58.309 +05:30 [INF] HTTP GET /swagger/swagger-ui-bundle.js responded 304 in 66.6896 ms
2026-03-31 10:09:58.320 +05:30 [INF] Request starting HTTP/1.1 GET http://localhost:5010/_vs/browserLink - null null
2026-03-31 10:09:58.323 +05:30 [INF] Request finished HTTP/1.1 GET http://localhost:5010/swagger/swagger-ui-standalone-preset.js - 304 null null 118.1506ms
2026-03-31 10:09:58.357 +05:30 [INF] HTTP GET /swagger/swagger-ui.css responded 304 in 29.6150 ms
2026-03-31 10:09:58.359 +05:30 [INF] Request finished HTTP/1.1 GET http://localhost:5010/swagger/index.js - 304 null null 127.9038ms
2026-03-31 10:09:58.372 +05:30 [INF] Request finished HTTP/1.1 GET http://localhost:5010/swagger/swagger-ui-bundle.js - 304 null null 169.1222ms
2026-03-31 10:09:58.412 +05:30 [INF] Request finished HTTP/1.1 GET http://localhost:5010/swagger/swagger-ui.css - 304 null null 177.7609ms
2026-03-31 10:09:58.490 +05:30 [INF] Request finished HTTP/1.1 GET http://localhost:5010/_vs/browserLink - 200 null text/javascript; charset=UTF-8 169.136ms
2026-03-31 10:09:58.554 +05:30 [INF] Request starting HTTP/1.1 GET http://localhost:5010/swagger/v1/swagger.json - null null
2026-03-31 10:09:58.593 +05:30 [INF] HTTP GET /swagger/v1/swagger.json responded 200 in 33.6855 ms
2026-03-31 10:09:58.601 +05:30 [INF] Request finished HTTP/1.1 GET http://localhost:5010/swagger/v1/swagger.json - 200 null application/json;charset=utf-8 46.7507ms
2026-03-31 10:10:18.949 +05:30 [INF] Request starting HTTP/1.1 GET http://localhost:5010/_framework/aspnetcore-browser-refresh.js - null null
2026-03-31 10:10:18.956 +05:30 [INF] Request finished HTTP/1.1 GET http://localhost:5010/_framework/aspnetcore-browser-refresh.js - 200 14935 application/javascript; charset=utf-8 46.3589ms
2026-03-31 10:10:19.184 +05:30 [INF] Request starting HTTP/1.1 GET http://localhost:5010/swagger/v1/swagger.json - null null
2026-03-31 10:10:19.197 +05:30 [INF] HTTP GET /swagger/v1/swagger.json responded 200 in 8.0205 ms
2026-03-31 10:10:19.201 +05:30 [INF] Request finished HTTP/1.1 GET http://localhost:5010/swagger/v1/swagger.json - 200 null application/json;charset=utf-8 17.6065ms
2026-03-31 10:11:30.189 +05:30 [INF] Request starting HTTP/1.1 GET http://localhost:5010/api/v1/oauth/google - null null
2026-03-31 10:11:30.291 +05:30 [INF] Executing endpoint 'UserService.API.Controllers.OAuthController.GoogleLogin (UserService.API)'
2026-03-31 10:11:30.357 +05:30 [INF] Route matched with {action = "GoogleLogin", controller = "OAuth"}. Executing controller action with signature Microsoft.AspNetCore.Mvc.IActionResult GoogleLogin() on controller UserService.API.Controllers.OAuthController (UserService.API).
2026-03-31 10:11:30.436 +05:30 [INF] Executing ChallengeResult with authentication schemes (["Google"]).
2026-03-31 10:11:30.502 +05:30 [INF] AuthenticationScheme: Google was challenged.
2026-03-31 10:11:30.523 +05:30 [INF] Executed action UserService.API.Controllers.OAuthController.GoogleLogin (UserService.API) in 142.5531ms
2026-03-31 10:11:30.529 +05:30 [INF] Executed endpoint 'UserService.API.Controllers.OAuthController.GoogleLogin (UserService.API)'
2026-03-31 10:11:30.533 +05:30 [INF] HTTP GET /api/v1/oauth/google responded 302 in 286.2005 ms
2026-03-31 10:11:30.547 +05:30 [INF] Request finished HTTP/1.1 GET http://localhost:5010/api/v1/oauth/google - 302 null null 358.0979ms
2026-03-31 10:22:47.278 +05:30 [INF] Executed DbCommand (262ms) [Parameters=[@normalizedName='?' (Size = 256)], CommandType='"Text"', CommandTimeout='30']
SELECT TOP(1) [a].[Id], [a].[ConcurrencyStamp], [a].[Name], [a].[NormalizedName]
FROM [AspNetRoles] AS [a]
WHERE [a].[NormalizedName] = @normalizedName
2026-03-31 10:22:47.677 +05:30 [INF] Executed DbCommand (12ms) [Parameters=[@normalizedName='?' (Size = 256)], CommandType='"Text"', CommandTimeout='30']
SELECT TOP(1) [a].[Id], [a].[ConcurrencyStamp], [a].[Name], [a].[NormalizedName]
FROM [AspNetRoles] AS [a]
WHERE [a].[NormalizedName] = @normalizedName
2026-03-31 10:22:47.690 +05:30 [INF] Executed DbCommand (2ms) [Parameters=[@normalizedName='?' (Size = 256)], CommandType='"Text"', CommandTimeout='30']
SELECT TOP(1) [a].[Id], [a].[ConcurrencyStamp], [a].[Name], [a].[NormalizedName]
FROM [AspNetRoles] AS [a]
WHERE [a].[NormalizedName] = @normalizedName
2026-03-31 10:22:48.216 +05:30 [INF] Executed DbCommand (25ms) [Parameters=[], CommandType='"Text"', CommandTimeout='30']
SELECT 1
2026-03-31 10:22:48.224 +05:30 [INF] Acquiring an exclusive lock for migration application. See https://aka.ms/efcore-docs-migrations-lock for more information if this takes too long.
2026-03-31 10:22:48.282 +05:30 [INF] Executed DbCommand (52ms) [Parameters=[], CommandType='"Text"', CommandTimeout='30']
DECLARE @result int;
EXEC @result = sp_getapplock @Resource = '__EFMigrationsLock', @LockOwner = 'Session', @LockMode = 'Exclusive';
SELECT @result
2026-03-31 10:22:48.541 +05:30 [INF] Executed DbCommand (24ms) [Parameters=[], CommandType='"Text"', CommandTimeout='30']
IF OBJECT_ID(N'[__EFMigrationsHistory]') IS NULL
BEGIN
    CREATE TABLE [__EFMigrationsHistory] (
        [MigrationId] nvarchar(150) NOT NULL,
        [ProductVersion] nvarchar(32) NOT NULL,
        CONSTRAINT [PK___EFMigrationsHistory] PRIMARY KEY ([MigrationId])
    );
END;
2026-03-31 10:22:48.563 +05:30 [INF] Executed DbCommand (1ms) [Parameters=[], CommandType='"Text"', CommandTimeout='30']
SELECT 1
2026-03-31 10:22:48.589 +05:30 [INF] Executed DbCommand (4ms) [Parameters=[], CommandType='"Text"', CommandTimeout='30']
SELECT OBJECT_ID(N'[__EFMigrationsHistory]');
2026-03-31 10:22:48.736 +05:30 [INF] Executed DbCommand (11ms) [Parameters=[], CommandType='"Text"', CommandTimeout='30']
SELECT [MigrationId], [ProductVersion]
FROM [__EFMigrationsHistory]
ORDER BY [MigrationId];
2026-03-31 10:22:48.760 +05:30 [INF] No migrations were applied. The database is already up to date.
2026-03-31 10:22:48.771 +05:30 [INF] Executed DbCommand (7ms) [Parameters=[], CommandType='"Text"', CommandTimeout='30']
DECLARE @result int;
EXEC @result = sp_releaseapplock @Resource = '__EFMigrationsLock', @LockOwner = 'Session';
SELECT @result
2026-03-31 10:22:49.327 +05:30 [INF] User profile is available. Using 'C:\Users\Satvik\AppData\Local\ASP.NET\DataProtection-Keys' as key repository and Windows DPAPI to encrypt keys at rest.
2026-03-31 10:22:49.644 +05:30 [WRN] The WebRootPath was not found: C:\Users\Satvik\Downloads\MicroservicesAssesment\MicroservicesAssesment\Services\UserService\UserService.API\wwwroot. Static files may be unavailable.
2026-03-31 10:22:49.945 +05:30 [INF] Now listening on: http://localhost:5010
2026-03-31 10:22:50.208 +05:30 [INF] Application started. Press Ctrl+C to shut down.
2026-03-31 10:22:50.375 +05:30 [INF] Hosting environment: Development
2026-03-31 10:22:50.377 +05:30 [INF] Content root path: C:\Users\Satvik\Downloads\MicroservicesAssesment\MicroservicesAssesment\Services\UserService\UserService.API
2026-03-31 10:22:50.773 +05:30 [INF] Request starting HTTP/1.1 GET http://localhost:5010/ - null null
2026-03-31 10:22:51.440 +05:30 [INF] HTTP GET / responded 404 in 231.4154 ms
2026-03-31 10:22:51.530 +05:30 [INF] Request finished HTTP/1.1 GET http://localhost:5010/ - 404 null null 780.3341ms
2026-03-31 10:22:51.570 +05:30 [INF] Request reached the end of the middleware pipeline without being handled by application code. Request path: GET http://localhost:5010/, Response status code: 404
2026-03-31 10:22:57.178 +05:30 [INF] Request starting HTTP/1.1 GET http://localhost:5010/swagger/index.html - null null
2026-03-31 10:22:57.339 +05:30 [INF] HTTP GET /swagger/index.html responded 304 in 143.6324 ms
2026-03-31 10:22:57.344 +05:30 [INF] Request finished HTTP/1.1 GET http://localhost:5010/swagger/index.html - 304 null null 166.6721ms
2026-03-31 10:22:57.409 +05:30 [INF] Request starting HTTP/1.1 GET http://localhost:5010/swagger/swagger-ui.css - null null
2026-03-31 10:22:57.414 +05:30 [INF] Request starting HTTP/1.1 GET http://localhost:5010/swagger/swagger-ui-bundle.js - null null
2026-03-31 10:22:57.419 +05:30 [INF] Request starting HTTP/1.1 GET http://localhost:5010/swagger/index.css - null null
2026-03-31 10:22:57.489 +05:30 [INF] HTTP GET /swagger/swagger-ui.css responded 304 in 18.5594 ms
2026-03-31 10:22:57.498 +05:30 [INF] Request finished HTTP/1.1 GET http://localhost:5010/swagger/swagger-ui.css - 304 null null 88.2213ms
2026-03-31 10:22:57.521 +05:30 [INF] HTTP GET /swagger/index.css responded 304 in 26.0842 ms
2026-03-31 10:22:57.524 +05:30 [INF] HTTP GET /swagger/swagger-ui-bundle.js responded 304 in 49.3858 ms
2026-03-31 10:22:57.587 +05:30 [INF] Request finished HTTP/1.1 GET http://localhost:5010/swagger/swagger-ui-bundle.js - 304 null null 173.7934ms
2026-03-31 10:22:57.584 +05:30 [INF] Request starting HTTP/1.1 GET http://localhost:5010/swagger/swagger-ui-standalone-preset.js - null null
2026-03-31 10:22:57.584 +05:30 [INF] Request finished HTTP/1.1 GET http://localhost:5010/swagger/index.css - 304 null null 165.0733ms
2026-03-31 10:22:57.610 +05:30 [INF] Request starting HTTP/1.1 GET http://localhost:5010/_framework/aspnetcore-browser-refresh.js - null null
2026-03-31 10:22:57.624 +05:30 [INF] HTTP GET /swagger/swagger-ui-standalone-preset.js responded 304 in 11.3185 ms
2026-03-31 10:22:57.629 +05:30 [INF] Request starting HTTP/1.1 GET http://localhost:5010/swagger/index.js - null null
2026-03-31 10:22:57.647 +05:30 [INF] Request finished HTTP/1.1 GET http://localhost:5010/swagger/swagger-ui-standalone-preset.js - 304 null null 62.4578ms
2026-03-31 10:22:57.652 +05:30 [INF] Request finished HTTP/1.1 GET http://localhost:5010/_framework/aspnetcore-browser-refresh.js - 200 14935 application/javascript; charset=utf-8 41.8015ms
2026-03-31 10:22:57.657 +05:30 [INF] HTTP GET /swagger/index.js responded 304 in 0.6004 ms
2026-03-31 10:22:57.663 +05:30 [INF] Request starting HTTP/1.1 GET http://localhost:5010/_vs/browserLink - null null
2026-03-31 10:22:57.671 +05:30 [INF] Request finished HTTP/1.1 GET http://localhost:5010/swagger/index.js - 304 null null 41.5033ms
2026-03-31 10:22:57.778 +05:30 [INF] Request finished HTTP/1.1 GET http://localhost:5010/_vs/browserLink - 200 null text/javascript; charset=UTF-8 114.6369ms
2026-03-31 10:22:58.816 +05:30 [INF] Request starting HTTP/1.1 GET http://localhost:5010/swagger/v1/swagger.json - null null
2026-03-31 10:22:58.871 +05:30 [INF] HTTP GET /swagger/v1/swagger.json responded 200 in 50.5191 ms
2026-03-31 10:22:58.877 +05:30 [INF] Request finished HTTP/1.1 GET http://localhost:5010/swagger/v1/swagger.json - 200 null application/json;charset=utf-8 61.2094ms
2026-03-31 10:23:15.551 +05:30 [INF] Request starting HTTP/1.1 GET http://localhost:5010/api/v1/oauth/google - null null
2026-03-31 10:23:15.661 +05:30 [INF] Executing endpoint 'UserService.API.Controllers.OAuthController.GoogleLogin (UserService.API)'
2026-03-31 10:23:15.712 +05:30 [INF] Route matched with {action = "GoogleLogin", controller = "OAuth"}. Executing controller action with signature Microsoft.AspNetCore.Mvc.IActionResult GoogleLogin() on controller UserService.API.Controllers.OAuthController (UserService.API).
2026-03-31 10:23:15.783 +05:30 [INF] Executing ChallengeResult with authentication schemes (["Google"]).
2026-03-31 10:23:16.022 +05:30 [INF] AuthenticationScheme: Google was challenged.
2026-03-31 10:23:16.062 +05:30 [INF] Executed action UserService.API.Controllers.OAuthController.GoogleLogin (UserService.API) in 315.7343ms
2026-03-31 10:23:16.069 +05:30 [INF] Executed endpoint 'UserService.API.Controllers.OAuthController.GoogleLogin (UserService.API)'
2026-03-31 10:23:16.070 +05:30 [INF] HTTP GET /api/v1/oauth/google responded 302 in 418.7287 ms
2026-03-31 10:23:16.087 +05:30 [INF] Request finished HTTP/1.1 GET http://localhost:5010/api/v1/oauth/google - 302 null null 535.7166ms
2026-03-31 10:23:16.285 +05:30 [INF] Request starting HTTP/1.1 GET http://localhost:5010/api/v1/oauth/google - null null
2026-03-31 10:23:16.340 +05:30 [INF] Executing endpoint 'UserService.API.Controllers.OAuthController.GoogleLogin (UserService.API)'
2026-03-31 10:23:16.349 +05:30 [INF] Route matched with {action = "GoogleLogin", controller = "OAuth"}. Executing controller action with signature Microsoft.AspNetCore.Mvc.IActionResult GoogleLogin() on controller UserService.API.Controllers.OAuthController (UserService.API).
2026-03-31 10:23:16.360 +05:30 [INF] Executing ChallengeResult with authentication schemes (["Google"]).
2026-03-31 10:23:16.368 +05:30 [INF] AuthenticationScheme: Google was challenged.
2026-03-31 10:23:16.374 +05:30 [INF] Executed action UserService.API.Controllers.OAuthController.GoogleLogin (UserService.API) in 16.5324ms
2026-03-31 10:23:16.379 +05:30 [INF] Executed endpoint 'UserService.API.Controllers.OAuthController.GoogleLogin (UserService.API)'
2026-03-31 10:23:16.386 +05:30 [INF] HTTP GET /api/v1/oauth/google responded 302 in 53.0013 ms
2026-03-31 10:23:16.394 +05:30 [INF] Request finished HTTP/1.1 GET http://localhost:5010/api/v1/oauth/google - 302 null null 109.0259ms
2026-03-31 10:23:24.786 +05:30 [INF] Request starting HTTP/1.1 GET http://localhost:5010/api/v1/oauth/google/callback?state=CfDJ8JI37Z2AfLlCivbtZ7LS8slSCXWgN9TpKmtZtxsh_SRPR8JSD9uIm5n53HkK5QA0d4KKB1VVaDl-ka4IhDYt2BbnUq0gD3l6V_-VzVtBbgPYZxqTIEdIjFqD-WS9KMJSgqoOhimSVUky9gBg51moFgvCgiu9x80KT298p9dihfobZit4ON5W_3EnuOTQdF5IvOb7rxLEhe6mPeRtMYF6EdqgLrRafIfTShW_WKT54DgvVM45QgkvzS2rzdTVNCye-t8MOMDefbiQX6iKfL51caOKq_PSC_raBzkBb5-Wb6LZhjVbnZc7GpVCWy8EhVEVmn2n2vZCWj1giOmixhkCHVZbHxeDHGgdho6ke4jd25DH&iss=https%3A%2F%2Faccounts.google.com&code=4%2F0Aci98E_H2uRNgIKF7Z8rhjAVTIB2s63JD8-yf8eKV6rZJF3_i0IqvM3KElts-n7jZB6oUQ&scope=email+profile+https%3A%2F%2Fwww.googleapis.com%2Fauth%2Fuserinfo.profile+https%3A%2F%2Fwww.googleapis.com%2Fauth%2Fuserinfo.email+openid&authuser=0&prompt=consent - null null
2026-03-31 10:23:26.449 +05:30 [INF] AuthenticationScheme: Identity.External signed in.
2026-03-31 10:23:26.511 +05:30 [INF] HTTP GET /api/v1/oauth/google/callback responded 302 in 1052.0710 ms
2026-03-31 10:23:26.620 +05:30 [INF] Request finished HTTP/1.1 GET http://localhost:5010/api/v1/oauth/google/callback?state=CfDJ8JI37Z2AfLlCivbtZ7LS8slSCXWgN9TpKmtZtxsh_SRPR8JSD9uIm5n53HkK5QA0d4KKB1VVaDl-ka4IhDYt2BbnUq0gD3l6V_-VzVtBbgPYZxqTIEdIjFqD-WS9KMJSgqoOhimSVUky9gBg51moFgvCgiu9x80KT298p9dihfobZit4ON5W_3EnuOTQdF5IvOb7rxLEhe6mPeRtMYF6EdqgLrRafIfTShW_WKT54DgvVM45QgkvzS2rzdTVNCye-t8MOMDefbiQX6iKfL51caOKq_PSC_raBzkBb5-Wb6LZhjVbnZc7GpVCWy8EhVEVmn2n2vZCWj1giOmixhkCHVZbHxeDHGgdho6ke4jd25DH&iss=https%3A%2F%2Faccounts.google.com&code=4%2F0Aci98E_H2uRNgIKF7Z8rhjAVTIB2s63JD8-yf8eKV6rZJF3_i0IqvM3KElts-n7jZB6oUQ&scope=email+profile+https%3A%2F%2Fwww.googleapis.com%2Fauth%2Fuserinfo.profile+https%3A%2F%2Fwww.googleapis.com%2Fauth%2Fuserinfo.email+openid&authuser=0&prompt=consent - 302 null null 1833.4709ms
2026-03-31 10:23:26.628 +05:30 [INF] Request starting HTTP/1.1 GET http://localhost:5010/api/v1/oauth/google/callback - null null
2026-03-31 10:23:26.646 +05:30 [INF] Error from RemoteAuthentication: The oauth state was missing or invalid..
2026-03-31 10:23:26.692 +05:30 [ERR] HTTP GET /api/v1/oauth/google/callback responded 500 in 50.7142 ms
Microsoft.AspNetCore.Authentication.AuthenticationFailureException: An error was encountered while handling the remote login.
 ---> Microsoft.AspNetCore.Authentication.AuthenticationFailureException: The oauth state was missing or invalid.
   --- End of inner exception stack trace ---
   at Microsoft.AspNetCore.Authentication.RemoteAuthenticationHandler`1.HandleRequestAsync()
   at Microsoft.AspNetCore.Authentication.AuthenticationMiddleware.Invoke(HttpContext context)
   at Swashbuckle.AspNetCore.SwaggerUI.SwaggerUIMiddleware.Invoke(HttpContext httpContext)
   at Swashbuckle.AspNetCore.Swagger.SwaggerMiddleware.Invoke(HttpContext httpContext, ISwaggerProvider swaggerProvider)
   at Serilog.AspNetCore.RequestLoggingMiddleware.Invoke(HttpContext httpContext)
2026-03-31 10:23:26.887 +05:30 [ERR] An unhandled exception has occurred while executing the request.
Microsoft.AspNetCore.Authentication.AuthenticationFailureException: An error was encountered while handling the remote login.
 ---> Microsoft.AspNetCore.Authentication.AuthenticationFailureException: The oauth state was missing or invalid.
   --- End of inner exception stack trace ---
   at Microsoft.AspNetCore.Authentication.RemoteAuthenticationHandler`1.HandleRequestAsync()
   at Microsoft.AspNetCore.Authentication.AuthenticationMiddleware.Invoke(HttpContext context)
   at Swashbuckle.AspNetCore.SwaggerUI.SwaggerUIMiddleware.Invoke(HttpContext httpContext)
   at Swashbuckle.AspNetCore.Swagger.SwaggerMiddleware.Invoke(HttpContext httpContext, ISwaggerProvider swaggerProvider)
   at Serilog.AspNetCore.RequestLoggingMiddleware.Invoke(HttpContext httpContext)
   at Microsoft.AspNetCore.Diagnostics.DeveloperExceptionPageMiddlewareImpl.Invoke(HttpContext context)
2026-03-31 10:23:27.146 +05:30 [INF] Request finished HTTP/1.1 GET http://localhost:5010/api/v1/oauth/google/callback - 500 null text/html; charset=utf-8 518.5195ms
2026-03-31 10:23:27.226 +05:30 [INF] Request starting HTTP/1.1 GET http://localhost:5010/_vs/browserLink - null null
2026-03-31 10:23:27.237 +05:30 [INF] Request starting HTTP/1.1 GET http://localhost:5010/_framework/aspnetcore-browser-refresh.js - null null
2026-03-31 10:23:27.248 +05:30 [INF] Request finished HTTP/1.1 GET http://localhost:5010/_vs/browserLink - 200 null text/javascript; charset=UTF-8 22.6826ms
2026-03-31 10:23:27.255 +05:30 [INF] Request finished HTTP/1.1 GET http://localhost:5010/_framework/aspnetcore-browser-refresh.js - 200 14935 application/javascript; charset=utf-8 18.6375ms
2026-03-31 10:23:27.328 +05:30 [INF] Request starting HTTP/1.1 GET http://localhost:5010/favicon.ico - null null
2026-03-31 10:23:27.335 +05:30 [INF] HTTP GET /favicon.ico responded 404 in 0.2670 ms
2026-03-31 10:23:27.340 +05:30 [INF] Request finished HTTP/1.1 GET http://localhost:5010/favicon.ico - 404 0 null 12.3908ms
2026-03-31 10:23:27.350 +05:30 [INF] Request reached the end of the middleware pipeline without being handled by application code. Request path: GET http://localhost:5010/favicon.ico, Response status code: 404
2026-03-31 10:30:08.440 +05:30 [INF] Executed DbCommand (289ms) [Parameters=[@normalizedName='?' (Size = 256)], CommandType='"Text"', CommandTimeout='30']
SELECT TOP(1) [a].[Id], [a].[ConcurrencyStamp], [a].[Name], [a].[NormalizedName]
FROM [AspNetRoles] AS [a]
WHERE [a].[NormalizedName] = @normalizedName
2026-03-31 10:30:08.800 +05:30 [INF] Executed DbCommand (16ms) [Parameters=[@normalizedName='?' (Size = 256)], CommandType='"Text"', CommandTimeout='30']
SELECT TOP(1) [a].[Id], [a].[ConcurrencyStamp], [a].[Name], [a].[NormalizedName]
FROM [AspNetRoles] AS [a]
WHERE [a].[NormalizedName] = @normalizedName
2026-03-31 10:30:08.814 +05:30 [INF] Executed DbCommand (6ms) [Parameters=[@normalizedName='?' (Size = 256)], CommandType='"Text"', CommandTimeout='30']
SELECT TOP(1) [a].[Id], [a].[ConcurrencyStamp], [a].[Name], [a].[NormalizedName]
FROM [AspNetRoles] AS [a]
WHERE [a].[NormalizedName] = @normalizedName
2026-03-31 10:30:09.270 +05:30 [INF] Executed DbCommand (9ms) [Parameters=[], CommandType='"Text"', CommandTimeout='30']
SELECT 1
2026-03-31 10:30:09.282 +05:30 [INF] Acquiring an exclusive lock for migration application. See https://aka.ms/efcore-docs-migrations-lock for more information if this takes too long.
2026-03-31 10:30:09.527 +05:30 [INF] Executed DbCommand (40ms) [Parameters=[], CommandType='"Text"', CommandTimeout='30']
DECLARE @result int;
EXEC @result = sp_getapplock @Resource = '__EFMigrationsLock', @LockOwner = 'Session', @LockMode = 'Exclusive';
SELECT @result
2026-03-31 10:30:09.867 +05:30 [INF] Executed DbCommand (24ms) [Parameters=[], CommandType='"Text"', CommandTimeout='30']
IF OBJECT_ID(N'[__EFMigrationsHistory]') IS NULL
BEGIN
    CREATE TABLE [__EFMigrationsHistory] (
        [MigrationId] nvarchar(150) NOT NULL,
        [ProductVersion] nvarchar(32) NOT NULL,
        CONSTRAINT [PK___EFMigrationsHistory] PRIMARY KEY ([MigrationId])
    );
END;
2026-03-31 10:30:09.934 +05:30 [INF] Executed DbCommand (7ms) [Parameters=[], CommandType='"Text"', CommandTimeout='30']
SELECT 1
2026-03-31 10:30:09.988 +05:30 [INF] Executed DbCommand (46ms) [Parameters=[], CommandType='"Text"', CommandTimeout='30']
SELECT OBJECT_ID(N'[__EFMigrationsHistory]');
2026-03-31 10:30:10.012 +05:30 [INF] Executed DbCommand (8ms) [Parameters=[], CommandType='"Text"', CommandTimeout='30']
SELECT [MigrationId], [ProductVersion]
FROM [__EFMigrationsHistory]
ORDER BY [MigrationId];
2026-03-31 10:30:10.028 +05:30 [INF] No migrations were applied. The database is already up to date.
2026-03-31 10:30:10.039 +05:30 [INF] Executed DbCommand (8ms) [Parameters=[], CommandType='"Text"', CommandTimeout='30']
DECLARE @result int;
EXEC @result = sp_releaseapplock @Resource = '__EFMigrationsLock', @LockOwner = 'Session';
SELECT @result
2026-03-31 10:30:10.595 +05:30 [INF] User profile is available. Using 'C:\Users\Satvik\AppData\Local\ASP.NET\DataProtection-Keys' as key repository and Windows DPAPI to encrypt keys at rest.
2026-03-31 10:30:11.053 +05:30 [WRN] The WebRootPath was not found: C:\Users\Satvik\Downloads\MicroservicesAssesment\MicroservicesAssesment\Services\UserService\UserService.API\wwwroot. Static files may be unavailable.
2026-03-31 10:30:11.568 +05:30 [INF] Now listening on: http://localhost:5010
2026-03-31 10:30:11.852 +05:30 [INF] Request starting HTTP/1.1 GET http://localhost:5010/ - null null
2026-03-31 10:30:12.383 +05:30 [INF] Application started. Press Ctrl+C to shut down.
2026-03-31 10:30:12.396 +05:30 [INF] Hosting environment: Development
2026-03-31 10:30:12.399 +05:30 [INF] Content root path: C:\Users\Satvik\Downloads\MicroservicesAssesment\MicroservicesAssesment\Services\UserService\UserService.API
2026-03-31 10:30:12.515 +05:30 [INF] HTTP GET / responded 404 in 230.3980 ms
2026-03-31 10:30:12.590 +05:30 [INF] Request finished HTTP/1.1 GET http://localhost:5010/ - 404 null null 758.5824ms
2026-03-31 10:30:12.633 +05:30 [INF] Request reached the end of the middleware pipeline without being handled by application code. Request path: GET http://localhost:5010/, Response status code: 404
2026-03-31 10:30:18.940 +05:30 [INF] Request starting HTTP/1.1 GET http://localhost:5010/swagger/index.html - null null
2026-03-31 10:30:19.139 +05:30 [INF] HTTP GET /swagger/index.html responded 304 in 171.5328 ms
2026-03-31 10:30:19.156 +05:30 [INF] Request finished HTTP/1.1 GET http://localhost:5010/swagger/index.html - 304 null null 215.9325ms
2026-03-31 10:30:19.228 +05:30 [INF] Request starting HTTP/1.1 GET http://localhost:5010/swagger/swagger-ui.css - null null
2026-03-31 10:30:19.230 +05:30 [INF] Request starting HTTP/1.1 GET http://localhost:5010/swagger/index.css - null null
2026-03-31 10:30:19.234 +05:30 [INF] Request starting HTTP/1.1 GET http://localhost:5010/swagger/swagger-ui-bundle.js - null null
2026-03-31 10:30:19.263 +05:30 [INF] HTTP GET /swagger/swagger-ui.css responded 304 in 21.3194 ms
2026-03-31 10:30:19.263 +05:30 [INF] HTTP GET /swagger/index.css responded 304 in 19.3227 ms
2026-03-31 10:30:19.268 +05:30 [INF] Request finished HTTP/1.1 GET http://localhost:5010/swagger/swagger-ui.css - 304 null null 39.8603ms
2026-03-31 10:30:19.277 +05:30 [INF] HTTP GET /swagger/swagger-ui-bundle.js responded 304 in 28.6284 ms
2026-03-31 10:30:19.303 +05:30 [INF] Request finished HTTP/1.1 GET http://localhost:5010/swagger/index.css - 304 null null 73.4625ms
2026-03-31 10:30:19.311 +05:30 [INF] Request starting HTTP/1.1 GET http://localhost:5010/swagger/swagger-ui-standalone-preset.js - null null
2026-03-31 10:30:19.315 +05:30 [INF] Request finished HTTP/1.1 GET http://localhost:5010/swagger/swagger-ui-bundle.js - 304 null null 80.3233ms
2026-03-31 10:30:19.324 +05:30 [INF] Request starting HTTP/1.1 GET http://localhost:5010/swagger/index.js - null null
2026-03-31 10:30:19.410 +05:30 [INF] HTTP GET /swagger/swagger-ui-standalone-preset.js responded 304 in 74.6625 ms
2026-03-31 10:30:19.417 +05:30 [INF] Request starting HTTP/1.1 GET http://localhost:5010/_framework/aspnetcore-browser-refresh.js - null null
2026-03-31 10:30:19.425 +05:30 [INF] HTTP GET /swagger/index.js responded 304 in 0.6852 ms
2026-03-31 10:30:19.427 +05:30 [INF] Request finished HTTP/1.1 GET http://localhost:5010/swagger/swagger-ui-standalone-preset.js - 304 null null 116.6168ms
2026-03-31 10:30:19.443 +05:30 [INF] Request finished HTTP/1.1 GET http://localhost:5010/swagger/index.js - 304 null null 118.946ms
2026-03-31 10:30:19.445 +05:30 [INF] Request finished HTTP/1.1 GET http://localhost:5010/_framework/aspnetcore-browser-refresh.js - 200 14935 application/javascript; charset=utf-8 27.8595ms
2026-03-31 10:30:19.453 +05:30 [INF] Request starting HTTP/1.1 GET http://localhost:5010/_vs/browserLink - null null
2026-03-31 10:30:19.552 +05:30 [INF] Request finished HTTP/1.1 GET http://localhost:5010/_vs/browserLink - 200 null text/javascript; charset=UTF-8 99.2487ms
2026-03-31 10:30:19.744 +05:30 [INF] Request starting HTTP/1.1 GET http://localhost:5010/swagger/v1/swagger.json - null null
2026-03-31 10:30:19.825 +05:30 [INF] HTTP GET /swagger/v1/swagger.json responded 200 in 21.6160 ms
2026-03-31 10:30:19.828 +05:30 [INF] Request finished HTTP/1.1 GET http://localhost:5010/swagger/v1/swagger.json - 200 null application/json;charset=utf-8 84.7924ms
2026-03-31 10:30:49.095 +05:30 [INF] Request starting HTTP/1.1 GET http://localhost:5010/api/v1/oauth/google - null null
2026-03-31 10:30:49.147 +05:30 [INF] Executing endpoint 'UserService.API.Controllers.OAuthController.GoogleLogin (UserService.API)'
2026-03-31 10:30:49.225 +05:30 [INF] Route matched with {action = "GoogleLogin", controller = "OAuth"}. Executing controller action with signature Microsoft.AspNetCore.Mvc.IActionResult GoogleLogin() on controller UserService.API.Controllers.OAuthController (UserService.API).
2026-03-31 10:30:49.294 +05:30 [INF] Executing ChallengeResult with authentication schemes (["Google"]).
2026-03-31 10:30:49.384 +05:30 [INF] AuthenticationScheme: Google was challenged.
2026-03-31 10:30:49.423 +05:30 [INF] Executed action UserService.API.Controllers.OAuthController.GoogleLogin (UserService.API) in 184.4377ms
2026-03-31 10:30:49.426 +05:30 [INF] Executed endpoint 'UserService.API.Controllers.OAuthController.GoogleLogin (UserService.API)'
2026-03-31 10:30:49.429 +05:30 [INF] HTTP GET /api/v1/oauth/google responded 302 in 284.9959 ms
2026-03-31 10:30:49.435 +05:30 [INF] Request finished HTTP/1.1 GET http://localhost:5010/api/v1/oauth/google - 302 null null 340.0457ms
2026-03-31 10:30:50.051 +05:30 [INF] Request starting HTTP/1.1 GET http://localhost:5010/api/v1/oauth/google - null null
2026-03-31 10:30:50.091 +05:30 [INF] Executing endpoint 'UserService.API.Controllers.OAuthController.GoogleLogin (UserService.API)'
2026-03-31 10:30:50.096 +05:30 [INF] Route matched with {action = "GoogleLogin", controller = "OAuth"}. Executing controller action with signature Microsoft.AspNetCore.Mvc.IActionResult GoogleLogin() on controller UserService.API.Controllers.OAuthController (UserService.API).
2026-03-31 10:30:50.113 +05:30 [INF] Executing ChallengeResult with authentication schemes (["Google"]).
2026-03-31 10:30:50.129 +05:30 [INF] AuthenticationScheme: Google was challenged.
2026-03-31 10:30:50.135 +05:30 [INF] Executed action UserService.API.Controllers.OAuthController.GoogleLogin (UserService.API) in 25.5859ms
2026-03-31 10:30:50.142 +05:30 [INF] Executed endpoint 'UserService.API.Controllers.OAuthController.GoogleLogin (UserService.API)'
2026-03-31 10:30:50.146 +05:30 [INF] HTTP GET /api/v1/oauth/google responded 302 in 65.8419 ms
2026-03-31 10:30:50.158 +05:30 [INF] Request finished HTTP/1.1 GET http://localhost:5010/api/v1/oauth/google - 302 null null 108.2387ms
2026-03-31 10:30:55.523 +05:30 [INF] Request starting HTTP/1.1 GET http://localhost:5010/api/v1/oauth/google/callback?state=CfDJ8JI37Z2AfLlCivbtZ7LS8sktNzyVm0J7h09nDeHvXF71AqfD-RYoYiIgIAwfnU_fKiLOYu2rTeCFmvFMI34dA0EWtgmM2hdK_4lgAA5E8QqxvjpCi7aqasTNzWEl5d3sFcvP_DxoDWP4nRWuMFkjC6gCjktBFefz9pbwOXbTj8lWbNqILQUcs3FBqApPOqwHQPoy8POYKVW0DCCJ8YARjomfjAITBGSG1dfrnjqntZmLPtGVqZuFxBxEV0rsKHp-MMkucVo7C50c4mO9m9SBmhbKgjgLKj2Qy89OPtIaZYlu2gPLqded1eaHvL2XpNWhtd7VxzDgauhMNafi3COoNF1PMJOXeP0tsMa1tm-0kyPf&iss=https%3A%2F%2Faccounts.google.com&code=4%2F0Aci98E_kvEwsLuMALDLZJdWhagssGAa3NVGRRh0E8Hdkj03i5MfPIpGTg91KYESIs2_2zg&scope=email+profile+https%3A%2F%2Fwww.googleapis.com%2Fauth%2Fuserinfo.profile+https%3A%2F%2Fwww.googleapis.com%2Fauth%2Fuserinfo.email+openid&authuser=0&prompt=none - null null
2026-03-31 10:30:56.759 +05:30 [INF] AuthenticationScheme: Cookies signed in.
2026-03-31 10:30:56.764 +05:30 [INF] HTTP GET /api/v1/oauth/google/callback responded 302 in 1233.8307 ms
2026-03-31 10:30:56.778 +05:30 [INF] Request finished HTTP/1.1 GET http://localhost:5010/api/v1/oauth/google/callback?state=CfDJ8JI37Z2AfLlCivbtZ7LS8sktNzyVm0J7h09nDeHvXF71AqfD-RYoYiIgIAwfnU_fKiLOYu2rTeCFmvFMI34dA0EWtgmM2hdK_4lgAA5E8QqxvjpCi7aqasTNzWEl5d3sFcvP_DxoDWP4nRWuMFkjC6gCjktBFefz9pbwOXbTj8lWbNqILQUcs3FBqApPOqwHQPoy8POYKVW0DCCJ8YARjomfjAITBGSG1dfrnjqntZmLPtGVqZuFxBxEV0rsKHp-MMkucVo7C50c4mO9m9SBmhbKgjgLKj2Qy89OPtIaZYlu2gPLqded1eaHvL2XpNWhtd7VxzDgauhMNafi3COoNF1PMJOXeP0tsMa1tm-0kyPf&iss=https%3A%2F%2Faccounts.google.com&code=4%2F0Aci98E_kvEwsLuMALDLZJdWhagssGAa3NVGRRh0E8Hdkj03i5MfPIpGTg91KYESIs2_2zg&scope=email+profile+https%3A%2F%2Fwww.googleapis.com%2Fauth%2Fuserinfo.profile+https%3A%2F%2Fwww.googleapis.com%2Fauth%2Fuserinfo.email+openid&authuser=0&prompt=none - 302 null null 1254.4921ms
2026-03-31 10:30:56.789 +05:30 [INF] Request starting HTTP/1.1 GET http://localhost:5010/api/v1/oauth/google/callback - null null
2026-03-31 10:30:56.798 +05:30 [INF] Error from RemoteAuthentication: The oauth state was missing or invalid..
2026-03-31 10:30:56.813 +05:30 [ERR] HTTP GET /api/v1/oauth/google/callback responded 500 in 16.0770 ms
Microsoft.AspNetCore.Authentication.AuthenticationFailureException: An error was encountered while handling the remote login.
 ---> Microsoft.AspNetCore.Authentication.AuthenticationFailureException: The oauth state was missing or invalid.
   --- End of inner exception stack trace ---
   at Microsoft.AspNetCore.Authentication.RemoteAuthenticationHandler`1.HandleRequestAsync()
   at Microsoft.AspNetCore.Authentication.AuthenticationMiddleware.Invoke(HttpContext context)
   at Swashbuckle.AspNetCore.SwaggerUI.SwaggerUIMiddleware.Invoke(HttpContext httpContext)
   at Swashbuckle.AspNetCore.Swagger.SwaggerMiddleware.Invoke(HttpContext httpContext, ISwaggerProvider swaggerProvider)
   at Serilog.AspNetCore.RequestLoggingMiddleware.Invoke(HttpContext httpContext)
2026-03-31 10:30:56.941 +05:30 [ERR] An unhandled exception has occurred while executing the request.
Microsoft.AspNetCore.Authentication.AuthenticationFailureException: An error was encountered while handling the remote login.
 ---> Microsoft.AspNetCore.Authentication.AuthenticationFailureException: The oauth state was missing or invalid.
   --- End of inner exception stack trace ---
   at Microsoft.AspNetCore.Authentication.RemoteAuthenticationHandler`1.HandleRequestAsync()
   at Microsoft.AspNetCore.Authentication.AuthenticationMiddleware.Invoke(HttpContext context)
   at Swashbuckle.AspNetCore.SwaggerUI.SwaggerUIMiddleware.Invoke(HttpContext httpContext)
   at Swashbuckle.AspNetCore.Swagger.SwaggerMiddleware.Invoke(HttpContext httpContext, ISwaggerProvider swaggerProvider)
   at Serilog.AspNetCore.RequestLoggingMiddleware.Invoke(HttpContext httpContext)
   at Microsoft.AspNetCore.Session.SessionMiddleware.Invoke(HttpContext context)
   at Microsoft.AspNetCore.Session.SessionMiddleware.Invoke(HttpContext context)
   at Microsoft.AspNetCore.Diagnostics.DeveloperExceptionPageMiddlewareImpl.Invoke(HttpContext context)
2026-03-31 10:30:57.136 +05:30 [INF] Request finished HTTP/1.1 GET http://localhost:5010/api/v1/oauth/google/callback - 500 null text/html; charset=utf-8 346.6513ms
2026-03-31 10:30:57.284 +05:30 [INF] Request starting HTTP/1.1 GET http://localhost:5010/_vs/browserLink - null null
2026-03-31 10:30:57.291 +05:30 [INF] Request starting HTTP/1.1 GET http://localhost:5010/_framework/aspnetcore-browser-refresh.js - null null
2026-03-31 10:30:57.317 +05:30 [INF] Request finished HTTP/1.1 GET http://localhost:5010/_framework/aspnetcore-browser-refresh.js - 200 14935 application/javascript; charset=utf-8 26.4017ms
2026-03-31 10:30:57.359 +05:30 [INF] Request finished HTTP/1.1 GET http://localhost:5010/_vs/browserLink - 200 null text/javascript; charset=UTF-8 74.829ms
2026-03-31 10:31:26.172 +05:30 [INF] Request starting HTTP/1.1 GET http://localhost:5010/api/v1/oauth/google/callback - null null
2026-03-31 10:31:26.280 +05:30 [INF] Error from RemoteAuthentication: The oauth state was missing or invalid..
2026-03-31 10:31:26.395 +05:30 [ERR] HTTP GET /api/v1/oauth/google/callback responded 500 in 115.7499 ms
Microsoft.AspNetCore.Authentication.AuthenticationFailureException: An error was encountered while handling the remote login.
 ---> Microsoft.AspNetCore.Authentication.AuthenticationFailureException: The oauth state was missing or invalid.
   --- End of inner exception stack trace ---
   at Microsoft.AspNetCore.Authentication.RemoteAuthenticationHandler`1.HandleRequestAsync()
   at Microsoft.AspNetCore.Authentication.AuthenticationMiddleware.Invoke(HttpContext context)
   at Swashbuckle.AspNetCore.SwaggerUI.SwaggerUIMiddleware.Invoke(HttpContext httpContext)
   at Swashbuckle.AspNetCore.Swagger.SwaggerMiddleware.Invoke(HttpContext httpContext, ISwaggerProvider swaggerProvider)
   at Serilog.AspNetCore.RequestLoggingMiddleware.Invoke(HttpContext httpContext)
2026-03-31 10:31:26.410 +05:30 [ERR] An unhandled exception has occurred while executing the request.
Microsoft.AspNetCore.Authentication.AuthenticationFailureException: An error was encountered while handling the remote login.
 ---> Microsoft.AspNetCore.Authentication.AuthenticationFailureException: The oauth state was missing or invalid.
   --- End of inner exception stack trace ---
   at Microsoft.AspNetCore.Authentication.RemoteAuthenticationHandler`1.HandleRequestAsync()
   at Microsoft.AspNetCore.Authentication.AuthenticationMiddleware.Invoke(HttpContext context)
   at Swashbuckle.AspNetCore.SwaggerUI.SwaggerUIMiddleware.Invoke(HttpContext httpContext)
   at Swashbuckle.AspNetCore.Swagger.SwaggerMiddleware.Invoke(HttpContext httpContext, ISwaggerProvider swaggerProvider)
   at Serilog.AspNetCore.RequestLoggingMiddleware.Invoke(HttpContext httpContext)
   at Microsoft.AspNetCore.Session.SessionMiddleware.Invoke(HttpContext context)
   at Microsoft.AspNetCore.Session.SessionMiddleware.Invoke(HttpContext context)
   at Microsoft.AspNetCore.Diagnostics.DeveloperExceptionPageMiddlewareImpl.Invoke(HttpContext context)
2026-03-31 10:31:26.503 +05:30 [INF] Request finished HTTP/1.1 GET http://localhost:5010/api/v1/oauth/google/callback - 500 null text/html; charset=utf-8 331.1011ms
2026-03-31 10:31:26.592 +05:30 [INF] Request starting HTTP/1.1 GET http://localhost:5010/_framework/aspnetcore-browser-refresh.js - null null
2026-03-31 10:31:26.596 +05:30 [INF] Request starting HTTP/1.1 GET http://localhost:5010/_vs/browserLink - null null
2026-03-31 10:31:26.602 +05:30 [INF] Request finished HTTP/1.1 GET http://localhost:5010/_framework/aspnetcore-browser-refresh.js - 200 14935 application/javascript; charset=utf-8 10.1938ms
2026-03-31 10:31:26.634 +05:30 [INF] Request finished HTTP/1.1 GET http://localhost:5010/_vs/browserLink - 200 null text/javascript; charset=UTF-8 38.4325ms
2026-03-31 10:31:37.740 +05:30 [INF] Request starting HTTP/1.1 GET http://localhost:5010/api/v1/oauth/google/callback - null null
2026-03-31 10:31:37.746 +05:30 [INF] Error from RemoteAuthentication: The oauth state was missing or invalid..
2026-03-31 10:31:37.770 +05:30 [ERR] HTTP GET /api/v1/oauth/google/callback responded 500 in 24.0532 ms
Microsoft.AspNetCore.Authentication.AuthenticationFailureException: An error was encountered while handling the remote login.
 ---> Microsoft.AspNetCore.Authentication.AuthenticationFailureException: The oauth state was missing or invalid.
   --- End of inner exception stack trace ---
   at Microsoft.AspNetCore.Authentication.RemoteAuthenticationHandler`1.HandleRequestAsync()
   at Microsoft.AspNetCore.Authentication.AuthenticationMiddleware.Invoke(HttpContext context)
   at Swashbuckle.AspNetCore.SwaggerUI.SwaggerUIMiddleware.Invoke(HttpContext httpContext)
   at Swashbuckle.AspNetCore.Swagger.SwaggerMiddleware.Invoke(HttpContext httpContext, ISwaggerProvider swaggerProvider)
   at Serilog.AspNetCore.RequestLoggingMiddleware.Invoke(HttpContext httpContext)
2026-03-31 10:31:37.780 +05:30 [ERR] An unhandled exception has occurred while executing the request.
Microsoft.AspNetCore.Authentication.AuthenticationFailureException: An error was encountered while handling the remote login.
 ---> Microsoft.AspNetCore.Authentication.AuthenticationFailureException: The oauth state was missing or invalid.
   --- End of inner exception stack trace ---
   at Microsoft.AspNetCore.Authentication.RemoteAuthenticationHandler`1.HandleRequestAsync()
   at Microsoft.AspNetCore.Authentication.AuthenticationMiddleware.Invoke(HttpContext context)
   at Swashbuckle.AspNetCore.SwaggerUI.SwaggerUIMiddleware.Invoke(HttpContext httpContext)
   at Swashbuckle.AspNetCore.Swagger.SwaggerMiddleware.Invoke(HttpContext httpContext, ISwaggerProvider swaggerProvider)
   at Serilog.AspNetCore.RequestLoggingMiddleware.Invoke(HttpContext httpContext)
   at Microsoft.AspNetCore.Session.SessionMiddleware.Invoke(HttpContext context)
   at Microsoft.AspNetCore.Session.SessionMiddleware.Invoke(HttpContext context)
   at Microsoft.AspNetCore.Diagnostics.DeveloperExceptionPageMiddlewareImpl.Invoke(HttpContext context)
2026-03-31 10:31:37.823 +05:30 [INF] Request finished HTTP/1.1 GET http://localhost:5010/api/v1/oauth/google/callback - 500 null text/plain; charset=utf-8 83.297ms
2026-03-31 10:31:50.833 +05:30 [INF] Request starting HTTP/1.1 GET http://localhost:5010/api/v1/oauth/google - null null
2026-03-31 10:31:50.851 +05:30 [INF] Executing endpoint 'UserService.API.Controllers.OAuthController.GoogleLogin (UserService.API)'
2026-03-31 10:31:50.855 +05:30 [INF] Route matched with {action = "GoogleLogin", controller = "OAuth"}. Executing controller action with signature Microsoft.AspNetCore.Mvc.IActionResult GoogleLogin() on controller UserService.API.Controllers.OAuthController (UserService.API).
2026-03-31 10:31:50.882 +05:30 [INF] Executing ChallengeResult with authentication schemes (["Google"]).
2026-03-31 10:31:50.888 +05:30 [INF] AuthenticationScheme: Google was challenged.
2026-03-31 10:31:50.889 +05:30 [INF] Executed action UserService.API.Controllers.OAuthController.GoogleLogin (UserService.API) in 30.981ms
2026-03-31 10:31:50.891 +05:30 [INF] Executed endpoint 'UserService.API.Controllers.OAuthController.GoogleLogin (UserService.API)'
2026-03-31 10:31:50.893 +05:30 [INF] HTTP GET /api/v1/oauth/google responded 302 in 43.8609 ms
2026-03-31 10:31:50.895 +05:30 [INF] Request finished HTTP/1.1 GET http://localhost:5010/api/v1/oauth/google - 302 0 null 63.2151ms
2026-03-31 10:35:12.497 +05:30 [INF] Executed DbCommand (243ms) [Parameters=[@normalizedName='?' (Size = 256)], CommandType='"Text"', CommandTimeout='30']
SELECT TOP(1) [a].[Id], [a].[ConcurrencyStamp], [a].[Name], [a].[NormalizedName]
FROM [AspNetRoles] AS [a]
WHERE [a].[NormalizedName] = @normalizedName
2026-03-31 10:35:12.939 +05:30 [INF] Executed DbCommand (9ms) [Parameters=[@normalizedName='?' (Size = 256)], CommandType='"Text"', CommandTimeout='30']
SELECT TOP(1) [a].[Id], [a].[ConcurrencyStamp], [a].[Name], [a].[NormalizedName]
FROM [AspNetRoles] AS [a]
WHERE [a].[NormalizedName] = @normalizedName
2026-03-31 10:35:12.953 +05:30 [INF] Executed DbCommand (6ms) [Parameters=[@normalizedName='?' (Size = 256)], CommandType='"Text"', CommandTimeout='30']
SELECT TOP(1) [a].[Id], [a].[ConcurrencyStamp], [a].[Name], [a].[NormalizedName]
FROM [AspNetRoles] AS [a]
WHERE [a].[NormalizedName] = @normalizedName
2026-03-31 10:35:13.425 +05:30 [INF] Executed DbCommand (11ms) [Parameters=[], CommandType='"Text"', CommandTimeout='30']
SELECT 1
2026-03-31 10:35:13.448 +05:30 [INF] Acquiring an exclusive lock for migration application. See https://aka.ms/efcore-docs-migrations-lock for more information if this takes too long.
2026-03-31 10:35:13.491 +05:30 [INF] Executed DbCommand (30ms) [Parameters=[], CommandType='"Text"', CommandTimeout='30']
DECLARE @result int;
EXEC @result = sp_getapplock @Resource = '__EFMigrationsLock', @LockOwner = 'Session', @LockMode = 'Exclusive';
SELECT @result
2026-03-31 10:35:13.671 +05:30 [INF] Executed DbCommand (3ms) [Parameters=[], CommandType='"Text"', CommandTimeout='30']
IF OBJECT_ID(N'[__EFMigrationsHistory]') IS NULL
BEGIN
    CREATE TABLE [__EFMigrationsHistory] (
        [MigrationId] nvarchar(150) NOT NULL,
        [ProductVersion] nvarchar(32) NOT NULL,
        CONSTRAINT [PK___EFMigrationsHistory] PRIMARY KEY ([MigrationId])
    );
END;
2026-03-31 10:35:13.695 +05:30 [INF] Executed DbCommand (3ms) [Parameters=[], CommandType='"Text"', CommandTimeout='30']
SELECT 1
2026-03-31 10:35:13.702 +05:30 [INF] Executed DbCommand (2ms) [Parameters=[], CommandType='"Text"', CommandTimeout='30']
SELECT OBJECT_ID(N'[__EFMigrationsHistory]');
2026-03-31 10:35:13.721 +05:30 [INF] Executed DbCommand (11ms) [Parameters=[], CommandType='"Text"', CommandTimeout='30']
SELECT [MigrationId], [ProductVersion]
FROM [__EFMigrationsHistory]
ORDER BY [MigrationId];
2026-03-31 10:35:13.741 +05:30 [INF] No migrations were applied. The database is already up to date.
2026-03-31 10:35:13.751 +05:30 [INF] Executed DbCommand (6ms) [Parameters=[], CommandType='"Text"', CommandTimeout='30']
DECLARE @result int;
EXEC @result = sp_releaseapplock @Resource = '__EFMigrationsLock', @LockOwner = 'Session';
SELECT @result
2026-03-31 10:35:14.112 +05:30 [INF] User profile is available. Using 'C:\Users\Satvik\AppData\Local\ASP.NET\DataProtection-Keys' as key repository and Windows DPAPI to encrypt keys at rest.
2026-03-31 10:35:14.471 +05:30 [WRN] The WebRootPath was not found: C:\Users\Satvik\Downloads\MicroservicesAssesment\MicroservicesAssesment\Services\UserService\UserService.API\wwwroot. Static files may be unavailable.
2026-03-31 10:35:14.785 +05:30 [INF] Now listening on: http://localhost:5010
2026-03-31 10:35:15.245 +05:30 [INF] Request starting HTTP/1.1 GET http://localhost:5010/ - null null
2026-03-31 10:35:15.767 +05:30 [INF] Application started. Press Ctrl+C to shut down.
2026-03-31 10:35:15.775 +05:30 [INF] Hosting environment: Development
2026-03-31 10:35:15.777 +05:30 [INF] Content root path: C:\Users\Satvik\Downloads\MicroservicesAssesment\MicroservicesAssesment\Services\UserService\UserService.API
2026-03-31 10:35:15.780 +05:30 [INF] HTTP GET / responded 404 in 190.2203 ms
2026-03-31 10:35:15.832 +05:30 [INF] Request finished HTTP/1.1 GET http://localhost:5010/ - 404 null null 611.6464ms
2026-03-31 10:35:15.856 +05:30 [INF] Request reached the end of the middleware pipeline without being handled by application code. Request path: GET http://localhost:5010/, Response status code: 404
2026-03-31 10:35:19.588 +05:30 [INF] Request starting HTTP/1.1 GET http://localhost:5010/api/v1/oauth/google - null null
2026-03-31 10:35:19.637 +05:30 [INF] Executing endpoint 'UserService.API.Controllers.OAuthController.GoogleLogin (UserService.API)'
2026-03-31 10:35:19.664 +05:30 [INF] Route matched with {action = "GoogleLogin", controller = "OAuth"}. Executing controller action with signature Microsoft.AspNetCore.Mvc.IActionResult GoogleLogin() on controller UserService.API.Controllers.OAuthController (UserService.API).
2026-03-31 10:35:19.745 +05:30 [INF] Executing ChallengeResult with authentication schemes (["Google"]).
2026-03-31 10:35:19.787 +05:30 [INF] AuthenticationScheme: Google was challenged.
2026-03-31 10:35:19.798 +05:30 [INF] Executed action UserService.API.Controllers.OAuthController.GoogleLogin (UserService.API) in 118.536ms
2026-03-31 10:35:19.802 +05:30 [INF] Executed endpoint 'UserService.API.Controllers.OAuthController.GoogleLogin (UserService.API)'
2026-03-31 10:35:19.804 +05:30 [INF] HTTP GET /api/v1/oauth/google responded 302 in 173.3145 ms
2026-03-31 10:35:19.812 +05:30 [INF] Request finished HTTP/1.1 GET http://localhost:5010/api/v1/oauth/google - 302 null null 225.0507ms
2026-03-31 10:36:10.913 +05:30 [INF] Request starting HTTP/1.1 GET http://localhost:5010/api/v1/oauth/google/callback?state=CfDJ8JI37Z2AfLlCivbtZ7LS8slZ_BzTf11YlVKcmfv-95lzrIIxg_WK9VwwDUi0AmxTRyUZvZ74Gzhljb49ftfDM4I7eHOnWhUwzk1yIqdJ-BSaG3DvUydcv8cFyukJLM1h1koDgzEVOkD7veEc7UkuKdTjEbk6k1h39kxXZBFLZNPIsBn5qIzd-HlIURNzlgF2w6-IdSfTkaliK5-pHu--n6iuBhqhvXIdy0sYif3BiQQqk_lWPIpEaGMblSqm1bdu23fFz_xXXvF3VAB9p-LT4EpFBmAsgt-q0mcIkrHpB00UIZMzdpxWWYDL9vVEEReCV0_ZKDtzqSAPisEuhQGUdMER5N31i6vAVTV5qr2Dzypq&iss=https%3A%2F%2Faccounts.google.com&code=4%2F0Aci98E_zjgGsePrco7uscpfsti8YvTDf7TZZesUbqtHSNh29fo-xzjim28XdP1WHRkmNsQ&scope=email+profile+https%3A%2F%2Fwww.googleapis.com%2Fauth%2Fuserinfo.profile+https%3A%2F%2Fwww.googleapis.com%2Fauth%2Fuserinfo.email+openid&authuser=0&prompt=consent - null null
2026-03-31 10:36:11.857 +05:30 [INF] AuthenticationScheme: Cookies signed in.
2026-03-31 10:36:11.862 +05:30 [INF] HTTP GET /api/v1/oauth/google/callback responded 302 in 924.5133 ms
2026-03-31 10:36:11.873 +05:30 [INF] Request finished HTTP/1.1 GET http://localhost:5010/api/v1/oauth/google/callback?state=CfDJ8JI37Z2AfLlCivbtZ7LS8slZ_BzTf11YlVKcmfv-95lzrIIxg_WK9VwwDUi0AmxTRyUZvZ74Gzhljb49ftfDM4I7eHOnWhUwzk1yIqdJ-BSaG3DvUydcv8cFyukJLM1h1koDgzEVOkD7veEc7UkuKdTjEbk6k1h39kxXZBFLZNPIsBn5qIzd-HlIURNzlgF2w6-IdSfTkaliK5-pHu--n6iuBhqhvXIdy0sYif3BiQQqk_lWPIpEaGMblSqm1bdu23fFz_xXXvF3VAB9p-LT4EpFBmAsgt-q0mcIkrHpB00UIZMzdpxWWYDL9vVEEReCV0_ZKDtzqSAPisEuhQGUdMER5N31i6vAVTV5qr2Dzypq&iss=https%3A%2F%2Faccounts.google.com&code=4%2F0Aci98E_zjgGsePrco7uscpfsti8YvTDf7TZZesUbqtHSNh29fo-xzjim28XdP1WHRkmNsQ&scope=email+profile+https%3A%2F%2Fwww.googleapis.com%2Fauth%2Fuserinfo.profile+https%3A%2F%2Fwww.googleapis.com%2Fauth%2Fuserinfo.email+openid&authuser=0&prompt=consent - 302 null null 960.3421ms
2026-03-31 10:36:11.899 +05:30 [INF] Request starting HTTP/1.1 GET http://localhost:5010/api/v1/oauth/google/callback - null null
2026-03-31 10:36:11.920 +05:30 [INF] Error from RemoteAuthentication: The oauth state was missing or invalid..
2026-03-31 10:36:11.931 +05:30 [ERR] HTTP GET /api/v1/oauth/google/callback responded 500 in 15.8271 ms
Microsoft.AspNetCore.Authentication.AuthenticationFailureException: An error was encountered while handling the remote login.
 ---> Microsoft.AspNetCore.Authentication.AuthenticationFailureException: The oauth state was missing or invalid.
   --- End of inner exception stack trace ---
   at Microsoft.AspNetCore.Authentication.RemoteAuthenticationHandler`1.HandleRequestAsync()
   at Microsoft.AspNetCore.Authentication.AuthenticationMiddleware.Invoke(HttpContext context)
   at Swashbuckle.AspNetCore.SwaggerUI.SwaggerUIMiddleware.Invoke(HttpContext httpContext)
   at Swashbuckle.AspNetCore.Swagger.SwaggerMiddleware.Invoke(HttpContext httpContext, ISwaggerProvider swaggerProvider)
   at Serilog.AspNetCore.RequestLoggingMiddleware.Invoke(HttpContext httpContext)
2026-03-31 10:36:11.980 +05:30 [ERR] An unhandled exception has occurred while executing the request.
Microsoft.AspNetCore.Authentication.AuthenticationFailureException: An error was encountered while handling the remote login.
 ---> Microsoft.AspNetCore.Authentication.AuthenticationFailureException: The oauth state was missing or invalid.
   --- End of inner exception stack trace ---
   at Microsoft.AspNetCore.Authentication.RemoteAuthenticationHandler`1.HandleRequestAsync()
   at Microsoft.AspNetCore.Authentication.AuthenticationMiddleware.Invoke(HttpContext context)
   at Swashbuckle.AspNetCore.SwaggerUI.SwaggerUIMiddleware.Invoke(HttpContext httpContext)
   at Swashbuckle.AspNetCore.Swagger.SwaggerMiddleware.Invoke(HttpContext httpContext, ISwaggerProvider swaggerProvider)
   at Serilog.AspNetCore.RequestLoggingMiddleware.Invoke(HttpContext httpContext)
   at Microsoft.AspNetCore.Session.SessionMiddleware.Invoke(HttpContext context)
   at Microsoft.AspNetCore.Session.SessionMiddleware.Invoke(HttpContext context)
   at Microsoft.AspNetCore.Diagnostics.DeveloperExceptionPageMiddlewareImpl.Invoke(HttpContext context)
2026-03-31 10:36:12.147 +05:30 [INF] Request finished HTTP/1.1 GET http://localhost:5010/api/v1/oauth/google/callback - 500 null text/html; charset=utf-8 248.324ms
2026-03-31 10:36:12.218 +05:30 [INF] Request starting HTTP/1.1 GET http://localhost:5010/_vs/browserLink - null null
2026-03-31 10:36:12.254 +05:30 [INF] Request starting HTTP/1.1 GET http://localhost:5010/_framework/aspnetcore-browser-refresh.js - null null
2026-03-31 10:36:12.279 +05:30 [INF] Request finished HTTP/1.1 GET http://localhost:5010/_framework/aspnetcore-browser-refresh.js - 200 14935 application/javascript; charset=utf-8 26.039ms
2026-03-31 10:36:12.394 +05:30 [INF] Request finished HTTP/1.1 GET http://localhost:5010/_vs/browserLink - 200 null text/javascript; charset=UTF-8 176.3535ms
2026-03-31 10:41:21.337 +05:30 [INF] Request starting HTTP/1.1 GET http://localhost:5010/api/v1/oauth/google - null null
2026-03-31 10:41:21.387 +05:30 [INF] Executing endpoint 'UserService.API.Controllers.OAuthController.GoogleLogin (UserService.API)'
2026-03-31 10:41:21.393 +05:30 [INF] Route matched with {action = "GoogleLogin", controller = "OAuth"}. Executing controller action with signature Microsoft.AspNetCore.Mvc.IActionResult GoogleLogin() on controller UserService.API.Controllers.OAuthController (UserService.API).
2026-03-31 10:41:21.424 +05:30 [INF] Executing ChallengeResult with authentication schemes (["Google"]).
2026-03-31 10:41:21.433 +05:30 [INF] AuthenticationScheme: Google was challenged.
2026-03-31 10:41:21.439 +05:30 [INF] Executed action UserService.API.Controllers.OAuthController.GoogleLogin (UserService.API) in 34.6711ms
2026-03-31 10:41:21.445 +05:30 [INF] Executed endpoint 'UserService.API.Controllers.OAuthController.GoogleLogin (UserService.API)'
2026-03-31 10:41:21.450 +05:30 [INF] HTTP GET /api/v1/oauth/google responded 302 in 66.7590 ms
2026-03-31 10:41:21.461 +05:30 [INF] Request finished HTTP/1.1 GET http://localhost:5010/api/v1/oauth/google - 302 null null 124.6592ms
2026-03-31 10:41:22.327 +05:30 [INF] Request starting HTTP/1.1 GET http://localhost:5010/api/v1/oauth/google - null null
2026-03-31 10:41:22.351 +05:30 [INF] Executing endpoint 'UserService.API.Controllers.OAuthController.GoogleLogin (UserService.API)'
2026-03-31 10:41:22.357 +05:30 [INF] Route matched with {action = "GoogleLogin", controller = "OAuth"}. Executing controller action with signature Microsoft.AspNetCore.Mvc.IActionResult GoogleLogin() on controller UserService.API.Controllers.OAuthController (UserService.API).
2026-03-31 10:41:22.421 +05:30 [INF] Executing ChallengeResult with authentication schemes (["Google"]).
2026-03-31 10:41:22.429 +05:30 [INF] AuthenticationScheme: Google was challenged.
2026-03-31 10:41:22.435 +05:30 [INF] Executed action UserService.API.Controllers.OAuthController.GoogleLogin (UserService.API) in 64.336ms
2026-03-31 10:41:22.441 +05:30 [INF] Executed endpoint 'UserService.API.Controllers.OAuthController.GoogleLogin (UserService.API)'
2026-03-31 10:41:22.445 +05:30 [INF] HTTP GET /api/v1/oauth/google responded 302 in 93.7566 ms
2026-03-31 10:41:22.453 +05:30 [INF] Request finished HTTP/1.1 GET http://localhost:5010/api/v1/oauth/google - 302 null null 125.8914ms
2026-03-31 10:41:30.155 +05:30 [INF] Request starting HTTP/1.1 GET http://localhost:5010/api/v1/oauth/google/callback?state=CfDJ8JI37Z2AfLlCivbtZ7LS8snPkARZ_ZyQxjNWAPAZEI_8mPJN0gR5BJaXlqrGj62tq27ZbRnE8OH4HiD1seHvsxerHbIXtChXzbmS5zzhLPriZ0-j2qaPkk06ET_yl2xPZxH2vUZOZy93QED8mSsxnMcXLcVFy1xioHx5HLczu_yUw2tICg0q_BYsFphoV53hv49Vbw-KibIWwhvbwvRZPY1Uiyd6X0x_FBB-lwq8PER_7BnF6ucva6X6pMVWY7ocbICQM_Ig3xloVP2TIICsKdFi4LI_cBQoxEE36AB8exjNR3PTsuOVMAvgjkDUUvwYMhn-AxSRzmpcHdGul_BSRQhqMrO6L2UIrR9D4uOhE2NC&iss=https%3A%2F%2Faccounts.google.com&code=4%2F0Aci98E8gF3tQ4h0_wy40fYrZ6OefrNxdOdoYX64aJYEKQxRpzwv-qX2_lbeWbnTAcQIiFg&scope=email+profile+https%3A%2F%2Fwww.googleapis.com%2Fauth%2Fuserinfo.profile+openid+https%3A%2F%2Fwww.googleapis.com%2Fauth%2Fuserinfo.email&authuser=0&prompt=none - null null
2026-03-31 10:41:30.690 +05:30 [INF] AuthenticationScheme: Cookies signed in.
2026-03-31 10:41:30.693 +05:30 [INF] HTTP GET /api/v1/oauth/google/callback responded 302 in 510.1892 ms
2026-03-31 10:41:30.698 +05:30 [INF] Request finished HTTP/1.1 GET http://localhost:5010/api/v1/oauth/google/callback?state=CfDJ8JI37Z2AfLlCivbtZ7LS8snPkARZ_ZyQxjNWAPAZEI_8mPJN0gR5BJaXlqrGj62tq27ZbRnE8OH4HiD1seHvsxerHbIXtChXzbmS5zzhLPriZ0-j2qaPkk06ET_yl2xPZxH2vUZOZy93QED8mSsxnMcXLcVFy1xioHx5HLczu_yUw2tICg0q_BYsFphoV53hv49Vbw-KibIWwhvbwvRZPY1Uiyd6X0x_FBB-lwq8PER_7BnF6ucva6X6pMVWY7ocbICQM_Ig3xloVP2TIICsKdFi4LI_cBQoxEE36AB8exjNR3PTsuOVMAvgjkDUUvwYMhn-AxSRzmpcHdGul_BSRQhqMrO6L2UIrR9D4uOhE2NC&iss=https%3A%2F%2Faccounts.google.com&code=4%2F0Aci98E8gF3tQ4h0_wy40fYrZ6OefrNxdOdoYX64aJYEKQxRpzwv-qX2_lbeWbnTAcQIiFg&scope=email+profile+https%3A%2F%2Fwww.googleapis.com%2Fauth%2Fuserinfo.profile+openid+https%3A%2F%2Fwww.googleapis.com%2Fauth%2Fuserinfo.email&authuser=0&prompt=none - 302 null null 544.451ms
2026-03-31 10:41:30.707 +05:30 [INF] Request starting HTTP/1.1 GET http://localhost:5010/api/v1/oauth/google/callback - null null
2026-03-31 10:41:30.716 +05:30 [INF] Error from RemoteAuthentication: The oauth state was missing or invalid..
2026-03-31 10:41:30.721 +05:30 [ERR] HTTP GET /api/v1/oauth/google/callback responded 500 in 5.0588 ms
Microsoft.AspNetCore.Authentication.AuthenticationFailureException: An error was encountered while handling the remote login.
 ---> Microsoft.AspNetCore.Authentication.AuthenticationFailureException: The oauth state was missing or invalid.
   --- End of inner exception stack trace ---
   at Microsoft.AspNetCore.Authentication.RemoteAuthenticationHandler`1.HandleRequestAsync()
   at Microsoft.AspNetCore.Authentication.AuthenticationMiddleware.Invoke(HttpContext context)
   at Swashbuckle.AspNetCore.SwaggerUI.SwaggerUIMiddleware.Invoke(HttpContext httpContext)
   at Swashbuckle.AspNetCore.Swagger.SwaggerMiddleware.Invoke(HttpContext httpContext, ISwaggerProvider swaggerProvider)
   at Serilog.AspNetCore.RequestLoggingMiddleware.Invoke(HttpContext httpContext)
2026-03-31 10:41:30.729 +05:30 [ERR] An unhandled exception has occurred while executing the request.
Microsoft.AspNetCore.Authentication.AuthenticationFailureException: An error was encountered while handling the remote login.
 ---> Microsoft.AspNetCore.Authentication.AuthenticationFailureException: The oauth state was missing or invalid.
   --- End of inner exception stack trace ---
   at Microsoft.AspNetCore.Authentication.RemoteAuthenticationHandler`1.HandleRequestAsync()
   at Microsoft.AspNetCore.Authentication.AuthenticationMiddleware.Invoke(HttpContext context)
   at Swashbuckle.AspNetCore.SwaggerUI.SwaggerUIMiddleware.Invoke(HttpContext httpContext)
   at Swashbuckle.AspNetCore.Swagger.SwaggerMiddleware.Invoke(HttpContext httpContext, ISwaggerProvider swaggerProvider)
   at Serilog.AspNetCore.RequestLoggingMiddleware.Invoke(HttpContext httpContext)
   at Microsoft.AspNetCore.Session.SessionMiddleware.Invoke(HttpContext context)
   at Microsoft.AspNetCore.Session.SessionMiddleware.Invoke(HttpContext context)
   at Microsoft.AspNetCore.Diagnostics.DeveloperExceptionPageMiddlewareImpl.Invoke(HttpContext context)
2026-03-31 10:41:30.793 +05:30 [INF] Request finished HTTP/1.1 GET http://localhost:5010/api/v1/oauth/google/callback - 500 null text/html; charset=utf-8 86.018ms
2026-03-31 10:41:30.916 +05:30 [INF] Request starting HTTP/1.1 GET http://localhost:5010/_vs/browserLink - null null
2026-03-31 10:41:30.918 +05:30 [INF] Request starting HTTP/1.1 GET http://localhost:5010/_framework/aspnetcore-browser-refresh.js - null null
2026-03-31 10:41:30.939 +05:30 [INF] Request finished HTTP/1.1 GET http://localhost:5010/_framework/aspnetcore-browser-refresh.js - 200 14935 application/javascript; charset=utf-8 21.2288ms
2026-03-31 10:41:31.003 +05:30 [INF] Request finished HTTP/1.1 GET http://localhost:5010/_vs/browserLink - 200 null text/javascript; charset=UTF-8 87.5528ms
2026-03-31 10:42:11.970 +05:30 [INF] Request starting HTTP/1.1 GET http://localhost:5010/swagger/index.html - null null
2026-03-31 10:42:12.222 +05:30 [INF] HTTP GET /swagger/index.html responded 304 in 222.4480 ms
2026-03-31 10:42:12.226 +05:30 [INF] Request finished HTTP/1.1 GET http://localhost:5010/swagger/index.html - 304 null null 256.2914ms
2026-03-31 10:42:12.241 +05:30 [INF] Request starting HTTP/1.1 GET http://localhost:5010/swagger/swagger-ui.css - null null
2026-03-31 10:42:12.241 +05:30 [INF] Request starting HTTP/1.1 GET http://localhost:5010/swagger/index.css - null null
2026-03-31 10:42:12.287 +05:30 [INF] Request starting HTTP/1.1 GET http://localhost:5010/swagger/swagger-ui-bundle.js - null null
2026-03-31 10:42:12.329 +05:30 [INF] HTTP GET /swagger/swagger-ui.css responded 304 in 36.4317 ms
2026-03-31 10:42:12.329 +05:30 [INF] HTTP GET /swagger/index.css responded 304 in 29.3316 ms
2026-03-31 10:42:12.337 +05:30 [INF] Request finished HTTP/1.1 GET http://localhost:5010/swagger/swagger-ui.css - 304 null null 96.1728ms
2026-03-31 10:42:12.341 +05:30 [INF] HTTP GET /swagger/swagger-ui-bundle.js responded 304 in 31.6476 ms
2026-03-31 10:42:12.343 +05:30 [INF] Request finished HTTP/1.1 GET http://localhost:5010/swagger/index.css - 304 null null 102.4718ms
2026-03-31 10:42:12.360 +05:30 [INF] Request finished HTTP/1.1 GET http://localhost:5010/swagger/swagger-ui-bundle.js - 304 null null 74.0476ms
2026-03-31 10:42:12.361 +05:30 [INF] Request starting HTTP/1.1 GET http://localhost:5010/swagger/index.js - null null
2026-03-31 10:42:12.370 +05:30 [INF] Request starting HTTP/1.1 GET http://localhost:5010/swagger/swagger-ui-standalone-preset.js - null null
2026-03-31 10:42:12.386 +05:30 [INF] HTTP GET /swagger/index.js responded 304 in 1.7387 ms
2026-03-31 10:42:12.425 +05:30 [INF] Request starting HTTP/1.1 GET http://localhost:5010/_framework/aspnetcore-browser-refresh.js - null null
2026-03-31 10:42:12.428 +05:30 [INF] HTTP GET /swagger/swagger-ui-standalone-preset.js responded 304 in 37.5619 ms
2026-03-31 10:42:12.430 +05:30 [INF] Request finished HTTP/1.1 GET http://localhost:5010/swagger/index.js - 304 null null 68.8246ms
2026-03-31 10:42:12.439 +05:30 [INF] Request finished HTTP/1.1 GET http://localhost:5010/_framework/aspnetcore-browser-refresh.js - 200 14935 application/javascript; charset=utf-8 13.8976ms
2026-03-31 10:42:12.444 +05:30 [INF] Request finished HTTP/1.1 GET http://localhost:5010/swagger/swagger-ui-standalone-preset.js - 304 null null 74.4357ms
2026-03-31 10:42:12.539 +05:30 [INF] Request starting HTTP/1.1 GET http://localhost:5010/_vs/browserLink - null null
2026-03-31 10:42:12.575 +05:30 [INF] Request finished HTTP/1.1 GET http://localhost:5010/_vs/browserLink - 200 null text/javascript; charset=UTF-8 37.3762ms
2026-03-31 10:42:12.809 +05:30 [INF] Request starting HTTP/1.1 GET http://localhost:5010/swagger/v1/swagger.json - null null
2026-03-31 10:42:12.849 +05:30 [INF] HTTP GET /swagger/v1/swagger.json responded 200 in 33.4178 ms
2026-03-31 10:42:12.858 +05:30 [INF] Request finished HTTP/1.1 GET http://localhost:5010/swagger/v1/swagger.json - 200 null application/json;charset=utf-8 48.8912ms
2026-03-31 11:20:58.079 +05:30 [INF] Executed DbCommand (193ms) [Parameters=[@normalizedName='?' (Size = 256)], CommandType='"Text"', CommandTimeout='30']
SELECT TOP(1) [a].[Id], [a].[ConcurrencyStamp], [a].[Name], [a].[NormalizedName]
FROM [AspNetRoles] AS [a]
WHERE [a].[NormalizedName] = @normalizedName
2026-03-31 11:20:58.579 +05:30 [INF] Executed DbCommand (15ms) [Parameters=[@normalizedName='?' (Size = 256)], CommandType='"Text"', CommandTimeout='30']
SELECT TOP(1) [a].[Id], [a].[ConcurrencyStamp], [a].[Name], [a].[NormalizedName]
FROM [AspNetRoles] AS [a]
WHERE [a].[NormalizedName] = @normalizedName
2026-03-31 11:20:58.592 +05:30 [INF] Executed DbCommand (2ms) [Parameters=[@normalizedName='?' (Size = 256)], CommandType='"Text"', CommandTimeout='30']
SELECT TOP(1) [a].[Id], [a].[ConcurrencyStamp], [a].[Name], [a].[NormalizedName]
FROM [AspNetRoles] AS [a]
WHERE [a].[NormalizedName] = @normalizedName
2026-03-31 11:20:59.192 +05:30 [INF] Executed DbCommand (9ms) [Parameters=[], CommandType='"Text"', CommandTimeout='30']
SELECT 1
2026-03-31 11:20:59.208 +05:30 [INF] Acquiring an exclusive lock for migration application. See https://aka.ms/efcore-docs-migrations-lock for more information if this takes too long.
2026-03-31 11:20:59.260 +05:30 [INF] Executed DbCommand (41ms) [Parameters=[], CommandType='"Text"', CommandTimeout='30']
DECLARE @result int;
EXEC @result = sp_getapplock @Resource = '__EFMigrationsLock', @LockOwner = 'Session', @LockMode = 'Exclusive';
SELECT @result
2026-03-31 11:20:59.517 +05:30 [INF] Executed DbCommand (4ms) [Parameters=[], CommandType='"Text"', CommandTimeout='30']
IF OBJECT_ID(N'[__EFMigrationsHistory]') IS NULL
BEGIN
    CREATE TABLE [__EFMigrationsHistory] (
        [MigrationId] nvarchar(150) NOT NULL,
        [ProductVersion] nvarchar(32) NOT NULL,
        CONSTRAINT [PK___EFMigrationsHistory] PRIMARY KEY ([MigrationId])
    );
END;
2026-03-31 11:20:59.605 +05:30 [INF] Executed DbCommand (1ms) [Parameters=[], CommandType='"Text"', CommandTimeout='30']
SELECT 1
2026-03-31 11:20:59.616 +05:30 [INF] Executed DbCommand (3ms) [Parameters=[], CommandType='"Text"', CommandTimeout='30']
SELECT OBJECT_ID(N'[__EFMigrationsHistory]');
2026-03-31 11:20:59.641 +05:30 [INF] Executed DbCommand (11ms) [Parameters=[], CommandType='"Text"', CommandTimeout='30']
SELECT [MigrationId], [ProductVersion]
FROM [__EFMigrationsHistory]
ORDER BY [MigrationId];
2026-03-31 11:20:59.677 +05:30 [INF] No migrations were applied. The database is already up to date.
2026-03-31 11:20:59.688 +05:30 [INF] Executed DbCommand (6ms) [Parameters=[], CommandType='"Text"', CommandTimeout='30']
DECLARE @result int;
EXEC @result = sp_releaseapplock @Resource = '__EFMigrationsLock', @LockOwner = 'Session';
SELECT @result
2026-03-31 11:21:00.191 +05:30 [INF] User profile is available. Using 'C:\Users\Satvik\AppData\Local\ASP.NET\DataProtection-Keys' as key repository and Windows DPAPI to encrypt keys at rest.
2026-03-31 11:21:00.585 +05:30 [WRN] The WebRootPath was not found: C:\Users\Satvik\Downloads\MicroservicesAssesment\MicroservicesAssesment\Services\UserService\UserService.API\wwwroot. Static files may be unavailable.
2026-03-31 11:21:00.861 +05:30 [INF] Now listening on: http://localhost:5010
2026-03-31 11:21:01.077 +05:30 [INF] Application started. Press Ctrl+C to shut down.
2026-03-31 11:21:01.079 +05:30 [INF] Hosting environment: Development
2026-03-31 11:21:01.082 +05:30 [INF] Content root path: C:\Users\Satvik\Downloads\MicroservicesAssesment\MicroservicesAssesment\Services\UserService\UserService.API
2026-03-31 11:21:01.618 +05:30 [INF] Request starting HTTP/1.1 GET http://localhost:5010/ - null null
2026-03-31 11:21:02.472 +05:30 [INF] HTTP GET / responded 404 in 274.4387 ms
2026-03-31 11:21:02.627 +05:30 [INF] Request finished HTTP/1.1 GET http://localhost:5010/ - 404 null null 1035.7678ms
2026-03-31 11:21:02.642 +05:30 [INF] Request reached the end of the middleware pipeline without being handled by application code. Request path: GET http://localhost:5010/, Response status code: 404
2026-03-31 11:21:11.453 +05:30 [INF] Request starting HTTP/1.1 GET http://localhost:5010/api/v1/oauth/google - null null
2026-03-31 11:21:11.509 +05:30 [INF] Executing endpoint 'UserService.API.Controllers.OAuthController.GoogleLogin (UserService.API)'
2026-03-31 11:21:11.558 +05:30 [INF] Route matched with {action = "GoogleLogin", controller = "OAuth"}. Executing controller action with signature Microsoft.AspNetCore.Mvc.IActionResult GoogleLogin() on controller UserService.API.Controllers.OAuthController (UserService.API).
2026-03-31 11:21:11.665 +05:30 [INF] Executing ChallengeResult with authentication schemes (["Google"]).
2026-03-31 11:21:11.716 +05:30 [INF] AuthenticationScheme: Google was challenged.
2026-03-31 11:21:11.730 +05:30 [INF] Executed action UserService.API.Controllers.OAuthController.GoogleLogin (UserService.API) in 153.0823ms
2026-03-31 11:21:11.741 +05:30 [INF] Executed endpoint 'UserService.API.Controllers.OAuthController.GoogleLogin (UserService.API)'
2026-03-31 11:21:11.747 +05:30 [INF] HTTP GET /api/v1/oauth/google responded 302 in 245.9308 ms
2026-03-31 11:21:11.760 +05:30 [INF] Request finished HTTP/1.1 GET http://localhost:5010/api/v1/oauth/google - 302 null null 308.0199ms
2026-03-31 11:21:12.349 +05:30 [INF] Request starting HTTP/1.1 GET http://localhost:5010/api/v1/oauth/google - null null
2026-03-31 11:21:12.382 +05:30 [INF] Executing endpoint 'UserService.API.Controllers.OAuthController.GoogleLogin (UserService.API)'
2026-03-31 11:21:12.391 +05:30 [INF] Route matched with {action = "GoogleLogin", controller = "OAuth"}. Executing controller action with signature Microsoft.AspNetCore.Mvc.IActionResult GoogleLogin() on controller UserService.API.Controllers.OAuthController (UserService.API).
2026-03-31 11:21:12.414 +05:30 [INF] Executing ChallengeResult with authentication schemes (["Google"]).
2026-03-31 11:21:12.424 +05:30 [INF] AuthenticationScheme: Google was challenged.
2026-03-31 11:21:12.435 +05:30 [INF] Executed action UserService.API.Controllers.OAuthController.GoogleLogin (UserService.API) in 29.0201ms
2026-03-31 11:21:12.442 +05:30 [INF] Executed endpoint 'UserService.API.Controllers.OAuthController.GoogleLogin (UserService.API)'
2026-03-31 11:21:12.452 +05:30 [INF] HTTP GET /api/v1/oauth/google responded 302 in 80.5858 ms
2026-03-31 11:21:12.468 +05:30 [INF] Request finished HTTP/1.1 GET http://localhost:5010/api/v1/oauth/google - 302 null null 118.4837ms
2026-03-31 11:23:04.525 +05:30 [INF] Request starting HTTP/1.1 GET http://localhost:5010/api/v1/oauth/google/callback?state=CfDJ8JI37Z2AfLlCivbtZ7LS8smsWI_Ff24oFuiL5NMKNPTx2vsfQqsVREkBnk6D0yUx3ktEKeHk0HiHMulZ3crLlznhdXozC0F-_uGVgw31bXBXxp7jIb7Qg-ignPkuYSVd4wODED8S7JrAwd8KPbEV8u0vhMYIhbjeLuUk5oJoT-F9lIkfSDxKXflpgxmnaK1b2LAzSPnGxXBTjysrI47pVue4ZoQcz-Vr9eb4CozXLgwrrubZie2FwWlfV4tSw9sKmavUOgEWPWvJnFVWlHYJ45V8o9BvXPRGxAQJxeNbZJZxxc-npr7VHgPHzVdxd3aLtktq2o6puoZSoxoPpcGWPPxnTccGRzlrLSRp_bfVArgo&iss=https%3A%2F%2Faccounts.google.com&code=4%2F0Aci98E8tqT3t4HghzT9SGqe6KyuOOK_E-JNctsbg8aQb64L1a8OzuLeF0VrpGT3pLXhVJQ&scope=email+profile+https%3A%2F%2Fwww.googleapis.com%2Fauth%2Fuserinfo.profile+https%3A%2F%2Fwww.googleapis.com%2Fauth%2Fuserinfo.email+openid&authuser=0&prompt=consent - null null
2026-03-31 11:23:05.546 +05:30 [INF] AuthenticationScheme: Cookies signed in.
2026-03-31 11:23:05.562 +05:30 [INF] HTTP GET /api/v1/oauth/google/callback responded 302 in 1011.0560 ms
2026-03-31 11:23:05.574 +05:30 [INF] Request finished HTTP/1.1 GET http://localhost:5010/api/v1/oauth/google/callback?state=CfDJ8JI37Z2AfLlCivbtZ7LS8smsWI_Ff24oFuiL5NMKNPTx2vsfQqsVREkBnk6D0yUx3ktEKeHk0HiHMulZ3crLlznhdXozC0F-_uGVgw31bXBXxp7jIb7Qg-ignPkuYSVd4wODED8S7JrAwd8KPbEV8u0vhMYIhbjeLuUk5oJoT-F9lIkfSDxKXflpgxmnaK1b2LAzSPnGxXBTjysrI47pVue4ZoQcz-Vr9eb4CozXLgwrrubZie2FwWlfV4tSw9sKmavUOgEWPWvJnFVWlHYJ45V8o9BvXPRGxAQJxeNbZJZxxc-npr7VHgPHzVdxd3aLtktq2o6puoZSoxoPpcGWPPxnTccGRzlrLSRp_bfVArgo&iss=https%3A%2F%2Faccounts.google.com&code=4%2F0Aci98E8tqT3t4HghzT9SGqe6KyuOOK_E-JNctsbg8aQb64L1a8OzuLeF0VrpGT3pLXhVJQ&scope=email+profile+https%3A%2F%2Fwww.googleapis.com%2Fauth%2Fuserinfo.profile+https%3A%2F%2Fwww.googleapis.com%2Fauth%2Fuserinfo.email+openid&authuser=0&prompt=consent - 302 null null 1049.269ms
2026-03-31 11:23:05.588 +05:30 [INF] Request starting HTTP/1.1 GET http://localhost:5010/api/v1/oauth/google/callback - null null
2026-03-31 11:23:05.602 +05:30 [INF] Error from RemoteAuthentication: The oauth state was missing or invalid..
2026-03-31 11:23:05.611 +05:30 [ERR] HTTP GET /api/v1/oauth/google/callback responded 500 in 11.1361 ms
Microsoft.AspNetCore.Authentication.AuthenticationFailureException: An error was encountered while handling the remote login.
 ---> Microsoft.AspNetCore.Authentication.AuthenticationFailureException: The oauth state was missing or invalid.
   --- End of inner exception stack trace ---
   at Microsoft.AspNetCore.Authentication.RemoteAuthenticationHandler`1.HandleRequestAsync()
   at Microsoft.AspNetCore.Authentication.AuthenticationMiddleware.Invoke(HttpContext context)
   at Swashbuckle.AspNetCore.SwaggerUI.SwaggerUIMiddleware.Invoke(HttpContext httpContext)
   at Swashbuckle.AspNetCore.Swagger.SwaggerMiddleware.Invoke(HttpContext httpContext, ISwaggerProvider swaggerProvider)
   at Serilog.AspNetCore.RequestLoggingMiddleware.Invoke(HttpContext httpContext)
2026-03-31 11:23:05.684 +05:30 [ERR] An unhandled exception has occurred while executing the request.
Microsoft.AspNetCore.Authentication.AuthenticationFailureException: An error was encountered while handling the remote login.
 ---> Microsoft.AspNetCore.Authentication.AuthenticationFailureException: The oauth state was missing or invalid.
   --- End of inner exception stack trace ---
   at Microsoft.AspNetCore.Authentication.RemoteAuthenticationHandler`1.HandleRequestAsync()
   at Microsoft.AspNetCore.Authentication.AuthenticationMiddleware.Invoke(HttpContext context)
   at Swashbuckle.AspNetCore.SwaggerUI.SwaggerUIMiddleware.Invoke(HttpContext httpContext)
   at Swashbuckle.AspNetCore.Swagger.SwaggerMiddleware.Invoke(HttpContext httpContext, ISwaggerProvider swaggerProvider)
   at Serilog.AspNetCore.RequestLoggingMiddleware.Invoke(HttpContext httpContext)
   at Microsoft.AspNetCore.Session.SessionMiddleware.Invoke(HttpContext context)
   at Microsoft.AspNetCore.Session.SessionMiddleware.Invoke(HttpContext context)
   at Microsoft.AspNetCore.Diagnostics.DeveloperExceptionPageMiddlewareImpl.Invoke(HttpContext context)
2026-03-31 11:23:06.212 +05:30 [INF] Request finished HTTP/1.1 GET http://localhost:5010/api/v1/oauth/google/callback - 500 null text/html; charset=utf-8 624.441ms
2026-03-31 11:23:06.263 +05:30 [INF] Request starting HTTP/1.1 GET http://localhost:5010/_framework/aspnetcore-browser-refresh.js - null null
2026-03-31 11:23:06.266 +05:30 [INF] Request starting HTTP/1.1 GET http://localhost:5010/_vs/browserLink - null null
2026-03-31 11:23:06.281 +05:30 [INF] Request finished HTTP/1.1 GET http://localhost:5010/_framework/aspnetcore-browser-refresh.js - 200 14935 application/javascript; charset=utf-8 17.6613ms
2026-03-31 11:23:06.364 +05:30 [INF] Request finished HTTP/1.1 GET http://localhost:5010/_vs/browserLink - 200 null text/javascript; charset=UTF-8 98.2131ms
2026-03-31 11:30:18.189 +05:30 [INF] Request starting HTTP/1.1 GET http://localhost:5010/swagger/index.html - null null
2026-03-31 11:30:18.468 +05:30 [INF] HTTP GET /swagger/index.html responded 304 in 228.9281 ms
2026-03-31 11:30:18.474 +05:30 [INF] Request finished HTTP/1.1 GET http://localhost:5010/swagger/index.html - 304 null null 286.5869ms
2026-03-31 11:30:18.491 +05:30 [INF] Request starting HTTP/1.1 GET http://localhost:5010/swagger/swagger-ui.css - null null
2026-03-31 11:30:18.492 +05:30 [INF] Request starting HTTP/1.1 GET http://localhost:5010/swagger/swagger-ui-bundle.js - null null
2026-03-31 11:30:18.503 +05:30 [INF] Request starting HTTP/1.1 GET http://localhost:5010/swagger/index.css - null null
2026-03-31 11:30:18.549 +05:30 [INF] HTTP GET /swagger/swagger-ui.css responded 304 in 33.6470 ms
2026-03-31 11:30:18.549 +05:30 [INF] HTTP GET /swagger/index.css responded 304 in 20.3637 ms
2026-03-31 11:30:18.557 +05:30 [INF] Request finished HTTP/1.1 GET http://localhost:5010/swagger/swagger-ui.css - 304 null null 66.216ms
2026-03-31 11:30:18.569 +05:30 [INF] HTTP GET /swagger/swagger-ui-bundle.js responded 304 in 48.8090 ms
2026-03-31 11:30:18.572 +05:30 [INF] Request finished HTTP/1.1 GET http://localhost:5010/swagger/index.css - 304 null null 69.7919ms
2026-03-31 11:30:18.584 +05:30 [INF] Request starting HTTP/1.1 GET http://localhost:5010/swagger/swagger-ui-standalone-preset.js - null null
2026-03-31 11:30:18.590 +05:30 [INF] Request finished HTTP/1.1 GET http://localhost:5010/swagger/swagger-ui-bundle.js - 304 null null 97.5418ms
2026-03-31 11:30:18.603 +05:30 [INF] Request starting HTTP/1.1 GET http://localhost:5010/swagger/index.js - null null
2026-03-31 11:30:18.624 +05:30 [INF] HTTP GET /swagger/swagger-ui-standalone-preset.js responded 304 in 11.8746 ms
2026-03-31 11:30:18.649 +05:30 [INF] HTTP GET /swagger/index.js responded 304 in 0.8850 ms
2026-03-31 11:30:18.653 +05:30 [INF] Request finished HTTP/1.1 GET http://localhost:5010/swagger/swagger-ui-standalone-preset.js - 304 null null 68.6397ms
2026-03-31 11:30:18.658 +05:30 [INF] Request finished HTTP/1.1 GET http://localhost:5010/swagger/index.js - 304 null null 55.135ms
2026-03-31 11:30:18.691 +05:30 [INF] Request starting HTTP/1.1 GET http://localhost:5010/_framework/aspnetcore-browser-refresh.js - null null
2026-03-31 11:30:18.700 +05:30 [INF] Request starting HTTP/1.1 GET http://localhost:5010/_vs/browserLink - null null
2026-03-31 11:30:18.706 +05:30 [INF] Request finished HTTP/1.1 GET http://localhost:5010/_framework/aspnetcore-browser-refresh.js - 200 14935 application/javascript; charset=utf-8 15.0889ms
2026-03-31 11:30:18.746 +05:30 [INF] Request finished HTTP/1.1 GET http://localhost:5010/_vs/browserLink - 200 null text/javascript; charset=UTF-8 46.2834ms
2026-03-31 11:30:19.001 +05:30 [INF] Request starting HTTP/1.1 GET http://localhost:5010/swagger/v1/swagger.json - null null
2026-03-31 11:30:19.084 +05:30 [INF] HTTP GET /swagger/v1/swagger.json responded 200 in 76.4770 ms
2026-03-31 11:30:19.091 +05:30 [INF] Request finished HTTP/1.1 GET http://localhost:5010/swagger/v1/swagger.json - 200 null application/json;charset=utf-8 89.9749ms
2026-03-31 11:31:04.877 +05:30 [INF] Request starting HTTP/1.1 POST http://localhost:5010/api/v1/auth/login - application/json 59
2026-03-31 11:31:04.905 +05:30 [INF] CORS policy execution successful.
2026-03-31 11:31:04.917 +05:30 [INF] Executing endpoint 'UserService.API.Controllers.AuthController.Login (UserService.API)'
2026-03-31 11:31:04.973 +05:30 [INF] Route matched with {action = "Login", controller = "Auth"}. Executing controller action with signature System.Threading.Tasks.Task`1[Microsoft.AspNetCore.Mvc.IActionResult] Login(UserService.Application.DTOs.LoginDto) on controller UserService.API.Controllers.AuthController (UserService.API).
2026-03-31 11:31:05.825 +05:30 [INF] Executed DbCommand (93ms) [Parameters=[@normalizedEmail='?' (Size = 256)], CommandType='"Text"', CommandTimeout='30']
SELECT TOP(2) [a].[Id], [a].[AccessFailedCount], [a].[ConcurrencyStamp], [a].[CreatedAt], [a].[Email], [a].[EmailConfirmed], [a].[FirstName], [a].[IsActive], [a].[IsMfaEnabled], [a].[LastName], [a].[LockoutEnabled], [a].[LockoutEnd], [a].[NormalizedEmail], [a].[NormalizedUserName], [a].[PasswordHash], [a].[PhoneNumber], [a].[PhoneNumberConfirmed], [a].[ProfileImageUrl], [a].[RefreshToken], [a].[RefreshTokenExpiry], [a].[SecurityStamp], [a].[TwoFactorEnabled], [a].[UpdatedAt], [a].[UserName]
FROM [AspNetUsers] AS [a]
WHERE [a].[NormalizedEmail] = @normalizedEmail
2026-03-31 11:31:06.388 +05:30 [INF] Executed DbCommand (26ms) [Parameters=[@userId='?' (Size = 450)], CommandType='"Text"', CommandTimeout='30']
SELECT [a0].[Name]
FROM [AspNetUserRoles] AS [a]
INNER JOIN [AspNetRoles] AS [a0] ON [a].[RoleId] = [a0].[Id]
WHERE [a].[UserId] = @userId
2026-03-31 11:31:06.535 +05:30 [INF] Executed DbCommand (11ms) [Parameters=[@normalizedUserName='?' (Size = 256)], CommandType='"Text"', CommandTimeout='30']
SELECT TOP(1) [a].[Id], [a].[AccessFailedCount], [a].[ConcurrencyStamp], [a].[CreatedAt], [a].[Email], [a].[EmailConfirmed], [a].[FirstName], [a].[IsActive], [a].[IsMfaEnabled], [a].[LastName], [a].[LockoutEnabled], [a].[LockoutEnd], [a].[NormalizedEmail], [a].[NormalizedUserName], [a].[PasswordHash], [a].[PhoneNumber], [a].[PhoneNumberConfirmed], [a].[ProfileImageUrl], [a].[RefreshToken], [a].[RefreshTokenExpiry], [a].[SecurityStamp], [a].[TwoFactorEnabled], [a].[UpdatedAt], [a].[UserName]
FROM [AspNetUsers] AS [a]
WHERE [a].[NormalizedUserName] = @normalizedUserName
2026-03-31 11:31:06.557 +05:30 [INF] Executed DbCommand (2ms) [Parameters=[@normalizedEmail='?' (Size = 256)], CommandType='"Text"', CommandTimeout='30']
SELECT TOP(2) [a].[Id], [a].[AccessFailedCount], [a].[ConcurrencyStamp], [a].[CreatedAt], [a].[Email], [a].[EmailConfirmed], [a].[FirstName], [a].[IsActive], [a].[IsMfaEnabled], [a].[LastName], [a].[LockoutEnabled], [a].[LockoutEnd], [a].[NormalizedEmail], [a].[NormalizedUserName], [a].[PasswordHash], [a].[PhoneNumber], [a].[PhoneNumberConfirmed], [a].[ProfileImageUrl], [a].[RefreshToken], [a].[RefreshTokenExpiry], [a].[SecurityStamp], [a].[TwoFactorEnabled], [a].[UpdatedAt], [a].[UserName]
FROM [AspNetUsers] AS [a]
WHERE [a].[NormalizedEmail] = @normalizedEmail
2026-03-31 11:31:06.967 +05:30 [INF] Executed DbCommand (67ms) [Parameters=[@p23='?' (Size = 450), @p0='?' (DbType = Int32), @p1='?' (Size = 4000), @p24='?' (Size = 4000), @p2='?' (DbType = DateTime2), @p3='?' (Size = 256), @p4='?' (DbType = Boolean), @p5='?' (Size = 50), @p6='?' (DbType = Boolean), @p7='?' (DbType = Boolean), @p8='?' (Size = 50), @p9='?' (DbType = Boolean), @p10='?' (DbType = DateTimeOffset), @p11='?' (Size = 256), @p12='?' (Size = 256), @p13='?' (Size = 4000), @p14='?' (Size = 4000), @p15='?' (DbType = Boolean), @p16='?' (Size = 4000), @p17='?' (Size = 4000), @p18='?' (DbType = DateTime2), @p19='?' (Size = 4000), @p20='?' (DbType = Boolean), @p21='?' (DbType = DateTime2), @p22='?' (Size = 256)], CommandType='"Text"', CommandTimeout='30']
SET IMPLICIT_TRANSACTIONS OFF;
SET NOCOUNT ON;
UPDATE [AspNetUsers] SET [AccessFailedCount] = @p0, [ConcurrencyStamp] = @p1, [CreatedAt] = @p2, [Email] = @p3, [EmailConfirmed] = @p4, [FirstName] = @p5, [IsActive] = @p6, [IsMfaEnabled] = @p7, [LastName] = @p8, [LockoutEnabled] = @p9, [LockoutEnd] = @p10, [NormalizedEmail] = @p11, [NormalizedUserName] = @p12, [PasswordHash] = @p13, [PhoneNumber] = @p14, [PhoneNumberConfirmed] = @p15, [ProfileImageUrl] = @p16, [RefreshToken] = @p17, [RefreshTokenExpiry] = @p18, [SecurityStamp] = @p19, [TwoFactorEnabled] = @p20, [UpdatedAt] = @p21, [UserName] = @p22
OUTPUT 1
WHERE [Id] = @p23 AND [ConcurrencyStamp] = @p24;
2026-03-31 11:31:07.030 +05:30 [INF] Executing OkObjectResult, writing value of type '<>f__AnonymousType0`2[[System.Boolean, System.Private.CoreLib, Version=10.0.0.0, Culture=neutral, PublicKeyToken=7cec85d7bea7798e],[UserService.Application.DTOs.TokenResponseDto, UserService.Application, Version=1.0.0.0, Culture=neutral, PublicKeyToken=null]]'.
2026-03-31 11:31:07.067 +05:30 [INF] Executed action UserService.API.Controllers.AuthController.Login (UserService.API) in 2084.6385ms
2026-03-31 11:31:07.075 +05:30 [INF] Executed endpoint 'UserService.API.Controllers.AuthController.Login (UserService.API)'
2026-03-31 11:31:07.085 +05:30 [INF] HTTP POST /api/v1/auth/login responded 200 in 2169.5848 ms
2026-03-31 11:31:07.119 +05:30 [INF] Request finished HTTP/1.1 POST http://localhost:5010/api/v1/auth/login - 200 null application/json; charset=utf-8 2241.9669ms
2026-03-31 11:32:39.686 +05:30 [INF] Request starting HTTP/1.1 POST http://localhost:5010/api/v1/auth/send-otp - application/json 94
2026-03-31 11:32:39.697 +05:30 [INF] CORS policy execution successful.
2026-03-31 11:32:39.913 +05:30 [INF] Executing endpoint 'UserService.API.Controllers.AuthController.SendOtp (UserService.API)'
2026-03-31 11:32:39.937 +05:30 [INF] Route matched with {action = "SendOtp", controller = "Auth"}. Executing controller action with signature System.Threading.Tasks.Task`1[Microsoft.AspNetCore.Mvc.IActionResult] SendOtp(UserService.Application.DTOs.SendOtpDto) on controller UserService.API.Controllers.AuthController (UserService.API).
2026-03-31 11:32:40.153 +05:30 [INF] Executed DbCommand (26ms) [Parameters=[@p='?' (Size = 450)], CommandType='"Text"', CommandTimeout='30']
SELECT TOP(1) [a].[Id], [a].[AccessFailedCount], [a].[ConcurrencyStamp], [a].[CreatedAt], [a].[Email], [a].[EmailConfirmed], [a].[FirstName], [a].[IsActive], [a].[IsMfaEnabled], [a].[LastName], [a].[LockoutEnabled], [a].[LockoutEnd], [a].[NormalizedEmail], [a].[NormalizedUserName], [a].[PasswordHash], [a].[PhoneNumber], [a].[PhoneNumberConfirmed], [a].[ProfileImageUrl], [a].[RefreshToken], [a].[RefreshTokenExpiry], [a].[SecurityStamp], [a].[TwoFactorEnabled], [a].[UpdatedAt], [a].[UserName]
FROM [AspNetUsers] AS [a]
WHERE [a].[Id] = @p
2026-03-31 11:32:41.679 +05:30 [INF] Executing BadRequestObjectResult, writing value of type '<>f__AnonymousType1`2[[System.Boolean, System.Private.CoreLib, Version=10.0.0.0, Culture=neutral, PublicKeyToken=7cec85d7bea7798e],[System.String, System.Private.CoreLib, Version=10.0.0.0, Culture=neutral, PublicKeyToken=7cec85d7bea7798e]]'.
2026-03-31 11:32:41.691 +05:30 [INF] Executed action UserService.API.Controllers.AuthController.SendOtp (UserService.API) in 1750.5274ms
2026-03-31 11:32:41.699 +05:30 [INF] Executed endpoint 'UserService.API.Controllers.AuthController.SendOtp (UserService.API)'
2026-03-31 11:32:41.704 +05:30 [INF] HTTP POST /api/v1/auth/send-otp responded 400 in 2004.1505 ms
2026-03-31 11:32:41.715 +05:30 [INF] Request finished HTTP/1.1 POST http://localhost:5010/api/v1/auth/send-otp - 400 null application/json; charset=utf-8 2029.6051ms
2026-03-31 11:33:25.521 +05:30 [INF] Request starting HTTP/1.1 GET http://localhost:5010/api/v1/users/profile - null null
2026-03-31 11:33:25.541 +05:30 [INF] Executing endpoint 'UserService.API.Controllers.UserController.GetProfile (UserService.API)'
2026-03-31 11:33:25.561 +05:30 [INF] Route matched with {action = "GetProfile", controller = "User"}. Executing controller action with signature System.Threading.Tasks.Task`1[Microsoft.AspNetCore.Mvc.IActionResult] GetProfile() on controller UserService.API.Controllers.UserController (UserService.API).
2026-03-31 11:33:25.595 +05:30 [INF] Executed DbCommand (19ms) [Parameters=[@p='?' (Size = 450)], CommandType='"Text"', CommandTimeout='30']
SELECT TOP(1) [a].[Id], [a].[AccessFailedCount], [a].[ConcurrencyStamp], [a].[CreatedAt], [a].[Email], [a].[EmailConfirmed], [a].[FirstName], [a].[IsActive], [a].[IsMfaEnabled], [a].[LastName], [a].[LockoutEnabled], [a].[LockoutEnd], [a].[NormalizedEmail], [a].[NormalizedUserName], [a].[PasswordHash], [a].[PhoneNumber], [a].[PhoneNumberConfirmed], [a].[ProfileImageUrl], [a].[RefreshToken], [a].[RefreshTokenExpiry], [a].[SecurityStamp], [a].[TwoFactorEnabled], [a].[UpdatedAt], [a].[UserName]
FROM [AspNetUsers] AS [a]
WHERE [a].[Id] = @p
2026-03-31 11:33:25.613 +05:30 [INF] Executed DbCommand (9ms) [Parameters=[@userId='?' (Size = 450)], CommandType='"Text"', CommandTimeout='30']
SELECT [a0].[Name]
FROM [AspNetUserRoles] AS [a]
INNER JOIN [AspNetRoles] AS [a0] ON [a].[RoleId] = [a0].[Id]
WHERE [a].[UserId] = @userId
2026-03-31 11:33:25.622 +05:30 [INF] Executing OkObjectResult, writing value of type '<>f__AnonymousType0`2[[System.Boolean, System.Private.CoreLib, Version=10.0.0.0, Culture=neutral, PublicKeyToken=7cec85d7bea7798e],[UserService.Application.DTOs.UserProfileDto, UserService.Application, Version=1.0.0.0, Culture=neutral, PublicKeyToken=null]]'.
2026-03-31 11:33:25.633 +05:30 [INF] Executed action UserService.API.Controllers.UserController.GetProfile (UserService.API) in 67.8154ms
2026-03-31 11:33:25.636 +05:30 [INF] Executed endpoint 'UserService.API.Controllers.UserController.GetProfile (UserService.API)'
2026-03-31 11:33:25.639 +05:30 [INF] HTTP GET /api/v1/users/profile responded 200 in 102.2479 ms
2026-03-31 11:33:25.644 +05:30 [INF] Request finished HTTP/1.1 GET http://localhost:5010/api/v1/users/profile - 200 null application/json; charset=utf-8 123.4243ms
2026-03-31 11:34:11.473 +05:30 [INF] Request starting HTTP/1.1 GET http://localhost:5010/api/v1/users - null null
2026-03-31 11:34:11.495 +05:30 [INF] Executing endpoint 'UserService.API.Controllers.UserController.GetAllUsers (UserService.API)'
2026-03-31 11:34:11.517 +05:30 [INF] Route matched with {action = "GetAllUsers", controller = "User"}. Executing controller action with signature System.Threading.Tasks.Task`1[Microsoft.AspNetCore.Mvc.IActionResult] GetAllUsers() on controller UserService.API.Controllers.UserController (UserService.API).
2026-03-31 11:34:11.576 +05:30 [INF] Executed DbCommand (19ms) [Parameters=[], CommandType='"Text"', CommandTimeout='30']
SELECT [a].[Id], [a].[AccessFailedCount], [a].[ConcurrencyStamp], [a].[CreatedAt], [a].[Email], [a].[EmailConfirmed], [a].[FirstName], [a].[IsActive], [a].[IsMfaEnabled], [a].[LastName], [a].[LockoutEnabled], [a].[LockoutEnd], [a].[NormalizedEmail], [a].[NormalizedUserName], [a].[PasswordHash], [a].[PhoneNumber], [a].[PhoneNumberConfirmed], [a].[ProfileImageUrl], [a].[RefreshToken], [a].[RefreshTokenExpiry], [a].[SecurityStamp], [a].[TwoFactorEnabled], [a].[UpdatedAt], [a].[UserName]
FROM [AspNetUsers] AS [a]
WHERE [a].[IsActive] = CAST(1 AS bit)
2026-03-31 11:34:11.612 +05:30 [INF] Executed DbCommand (22ms) [Parameters=[@userId='?' (Size = 450)], CommandType='"Text"', CommandTimeout='30']
SELECT [a0].[Name]
FROM [AspNetUserRoles] AS [a]
INNER JOIN [AspNetRoles] AS [a0] ON [a].[RoleId] = [a0].[Id]
WHERE [a].[UserId] = @userId
2026-03-31 11:34:11.633 +05:30 [INF] Executed DbCommand (1ms) [Parameters=[@userId='?' (Size = 450)], CommandType='"Text"', CommandTimeout='30']
SELECT [a0].[Name]
FROM [AspNetUserRoles] AS [a]
INNER JOIN [AspNetRoles] AS [a0] ON [a].[RoleId] = [a0].[Id]
WHERE [a].[UserId] = @userId
2026-03-31 11:34:11.640 +05:30 [INF] Executed DbCommand (1ms) [Parameters=[@userId='?' (Size = 450)], CommandType='"Text"', CommandTimeout='30']
SELECT [a0].[Name]
FROM [AspNetUserRoles] AS [a]
INNER JOIN [AspNetRoles] AS [a0] ON [a].[RoleId] = [a0].[Id]
WHERE [a].[UserId] = @userId
2026-03-31 11:34:11.648 +05:30 [INF] Executed DbCommand (1ms) [Parameters=[@userId='?' (Size = 450)], CommandType='"Text"', CommandTimeout='30']
SELECT [a0].[Name]
FROM [AspNetUserRoles] AS [a]
INNER JOIN [AspNetRoles] AS [a0] ON [a].[RoleId] = [a0].[Id]
WHERE [a].[UserId] = @userId
2026-03-31 11:34:11.653 +05:30 [INF] Executing OkObjectResult, writing value of type '<>f__AnonymousType0`2[[System.Boolean, System.Private.CoreLib, Version=10.0.0.0, Culture=neutral, PublicKeyToken=7cec85d7bea7798e],[System.Collections.Generic.IEnumerable`1[[UserService.Application.DTOs.UserProfileDto, UserService.Application, Version=1.0.0.0, Culture=neutral, PublicKeyToken=null]], System.Private.CoreLib, Version=10.0.0.0, Culture=neutral, PublicKeyToken=7cec85d7bea7798e]]'.
2026-03-31 11:34:11.669 +05:30 [INF] Executed action UserService.API.Controllers.UserController.GetAllUsers (UserService.API) in 144.8582ms
2026-03-31 11:34:11.684 +05:30 [INF] Executed endpoint 'UserService.API.Controllers.UserController.GetAllUsers (UserService.API)'
2026-03-31 11:34:11.687 +05:30 [INF] HTTP GET /api/v1/users responded 200 in 201.5234 ms
2026-03-31 11:34:11.693 +05:30 [INF] Request finished HTTP/1.1 GET http://localhost:5010/api/v1/users - 200 null application/json; charset=utf-8 219.4616ms
2026-03-31 11:34:16.949 +05:30 [INF] Request starting HTTP/1.1 GET http://localhost:5010/api/v1/users - null null
2026-03-31 11:34:16.961 +05:30 [INF] Executing endpoint 'UserService.API.Controllers.UserController.GetAllUsers (UserService.API)'
2026-03-31 11:34:16.968 +05:30 [INF] Route matched with {action = "GetAllUsers", controller = "User"}. Executing controller action with signature System.Threading.Tasks.Task`1[Microsoft.AspNetCore.Mvc.IActionResult] GetAllUsers() on controller UserService.API.Controllers.UserController (UserService.API).
2026-03-31 11:34:17.011 +05:30 [INF] Executed DbCommand (7ms) [Parameters=[], CommandType='"Text"', CommandTimeout='30']
SELECT [a].[Id], [a].[AccessFailedCount], [a].[ConcurrencyStamp], [a].[CreatedAt], [a].[Email], [a].[EmailConfirmed], [a].[FirstName], [a].[IsActive], [a].[IsMfaEnabled], [a].[LastName], [a].[LockoutEnabled], [a].[LockoutEnd], [a].[NormalizedEmail], [a].[NormalizedUserName], [a].[PasswordHash], [a].[PhoneNumber], [a].[PhoneNumberConfirmed], [a].[ProfileImageUrl], [a].[RefreshToken], [a].[RefreshTokenExpiry], [a].[SecurityStamp], [a].[TwoFactorEnabled], [a].[UpdatedAt], [a].[UserName]
FROM [AspNetUsers] AS [a]
WHERE [a].[IsActive] = CAST(1 AS bit)
2026-03-31 11:34:17.031 +05:30 [INF] Executed DbCommand (7ms) [Parameters=[@userId='?' (Size = 450)], CommandType='"Text"', CommandTimeout='30']
SELECT [a0].[Name]
FROM [AspNetUserRoles] AS [a]
INNER JOIN [AspNetRoles] AS [a0] ON [a].[RoleId] = [a0].[Id]
WHERE [a].[UserId] = @userId
2026-03-31 11:34:17.043 +05:30 [INF] Executed DbCommand (1ms) [Parameters=[@userId='?' (Size = 450)], CommandType='"Text"', CommandTimeout='30']
SELECT [a0].[Name]
FROM [AspNetUserRoles] AS [a]
INNER JOIN [AspNetRoles] AS [a0] ON [a].[RoleId] = [a0].[Id]
WHERE [a].[UserId] = @userId
2026-03-31 11:34:17.054 +05:30 [INF] Executed DbCommand (2ms) [Parameters=[@userId='?' (Size = 450)], CommandType='"Text"', CommandTimeout='30']
SELECT [a0].[Name]
FROM [AspNetUserRoles] AS [a]
INNER JOIN [AspNetRoles] AS [a0] ON [a].[RoleId] = [a0].[Id]
WHERE [a].[UserId] = @userId
2026-03-31 11:34:17.062 +05:30 [INF] Executed DbCommand (3ms) [Parameters=[@userId='?' (Size = 450)], CommandType='"Text"', CommandTimeout='30']
SELECT [a0].[Name]
FROM [AspNetUserRoles] AS [a]
INNER JOIN [AspNetRoles] AS [a0] ON [a].[RoleId] = [a0].[Id]
WHERE [a].[UserId] = @userId
2026-03-31 11:34:17.069 +05:30 [INF] Executing OkObjectResult, writing value of type '<>f__AnonymousType0`2[[System.Boolean, System.Private.CoreLib, Version=10.0.0.0, Culture=neutral, PublicKeyToken=7cec85d7bea7798e],[System.Collections.Generic.IEnumerable`1[[UserService.Application.DTOs.UserProfileDto, UserService.Application, Version=1.0.0.0, Culture=neutral, PublicKeyToken=null]], System.Private.CoreLib, Version=10.0.0.0, Culture=neutral, PublicKeyToken=7cec85d7bea7798e]]'.
2026-03-31 11:34:17.072 +05:30 [INF] Executed action UserService.API.Controllers.UserController.GetAllUsers (UserService.API) in 93.1859ms
2026-03-31 11:34:17.076 +05:30 [INF] Executed endpoint 'UserService.API.Controllers.UserController.GetAllUsers (UserService.API)'
2026-03-31 11:34:17.078 +05:30 [INF] HTTP GET /api/v1/users responded 200 in 119.2052 ms
2026-03-31 11:34:17.083 +05:30 [INF] Request finished HTTP/1.1 GET http://localhost:5010/api/v1/users - 200 null application/json; charset=utf-8 134.0882ms
2026-03-31 11:34:58.100 +05:30 [INF] Request starting HTTP/1.1 DELETE http://localhost:5010/api/v1/users/ae24b1f9-78fa-42b5-bfc7-2dc97b795484 - null null
2026-03-31 11:34:58.119 +05:30 [INF] CORS policy execution successful.
2026-03-31 11:34:58.122 +05:30 [INF] Executing endpoint 'UserService.API.Controllers.UserController.DeleteUser (UserService.API)'
2026-03-31 11:34:58.143 +05:30 [INF] Route matched with {action = "DeleteUser", controller = "User"}. Executing controller action with signature System.Threading.Tasks.Task`1[Microsoft.AspNetCore.Mvc.IActionResult] DeleteUser(System.String) on controller UserService.API.Controllers.UserController (UserService.API).
2026-03-31 11:34:58.192 +05:30 [INF] Executed DbCommand (32ms) [Parameters=[@p='?' (Size = 450)], CommandType='"Text"', CommandTimeout='30']
SELECT TOP(1) [a].[Id], [a].[AccessFailedCount], [a].[ConcurrencyStamp], [a].[CreatedAt], [a].[Email], [a].[EmailConfirmed], [a].[FirstName], [a].[IsActive], [a].[IsMfaEnabled], [a].[LastName], [a].[LockoutEnabled], [a].[LockoutEnd], [a].[NormalizedEmail], [a].[NormalizedUserName], [a].[PasswordHash], [a].[PhoneNumber], [a].[PhoneNumberConfirmed], [a].[ProfileImageUrl], [a].[RefreshToken], [a].[RefreshTokenExpiry], [a].[SecurityStamp], [a].[TwoFactorEnabled], [a].[UpdatedAt], [a].[UserName]
FROM [AspNetUsers] AS [a]
WHERE [a].[Id] = @p
2026-03-31 11:34:58.217 +05:30 [INF] Executed DbCommand (10ms) [Parameters=[@normalizedUserName='?' (Size = 256)], CommandType='"Text"', CommandTimeout='30']
SELECT TOP(1) [a].[Id], [a].[AccessFailedCount], [a].[ConcurrencyStamp], [a].[CreatedAt], [a].[Email], [a].[EmailConfirmed], [a].[FirstName], [a].[IsActive], [a].[IsMfaEnabled], [a].[LastName], [a].[LockoutEnabled], [a].[LockoutEnd], [a].[NormalizedEmail], [a].[NormalizedUserName], [a].[PasswordHash], [a].[PhoneNumber], [a].[PhoneNumberConfirmed], [a].[ProfileImageUrl], [a].[RefreshToken], [a].[RefreshTokenExpiry], [a].[SecurityStamp], [a].[TwoFactorEnabled], [a].[UpdatedAt], [a].[UserName]
FROM [AspNetUsers] AS [a]
WHERE [a].[NormalizedUserName] = @normalizedUserName
2026-03-31 11:34:58.231 +05:30 [INF] Executed DbCommand (6ms) [Parameters=[@normalizedEmail='?' (Size = 256)], CommandType='"Text"', CommandTimeout='30']
SELECT TOP(2) [a].[Id], [a].[AccessFailedCount], [a].[ConcurrencyStamp], [a].[CreatedAt], [a].[Email], [a].[EmailConfirmed], [a].[FirstName], [a].[IsActive], [a].[IsMfaEnabled], [a].[LastName], [a].[LockoutEnabled], [a].[LockoutEnd], [a].[NormalizedEmail], [a].[NormalizedUserName], [a].[PasswordHash], [a].[PhoneNumber], [a].[PhoneNumberConfirmed], [a].[ProfileImageUrl], [a].[RefreshToken], [a].[RefreshTokenExpiry], [a].[SecurityStamp], [a].[TwoFactorEnabled], [a].[UpdatedAt], [a].[UserName]
FROM [AspNetUsers] AS [a]
WHERE [a].[NormalizedEmail] = @normalizedEmail
2026-03-31 11:34:58.286 +05:30 [INF] Executed DbCommand (17ms) [Parameters=[@p23='?' (Size = 450), @p0='?' (DbType = Int32), @p1='?' (Size = 4000), @p24='?' (Size = 4000), @p2='?' (DbType = DateTime2), @p3='?' (Size = 256), @p4='?' (DbType = Boolean), @p5='?' (Size = 50), @p6='?' (DbType = Boolean), @p7='?' (DbType = Boolean), @p8='?' (Size = 50), @p9='?' (DbType = Boolean), @p10='?' (DbType = DateTimeOffset), @p11='?' (Size = 256), @p12='?' (Size = 256), @p13='?' (Size = 4000), @p14='?' (Size = 4000), @p15='?' (DbType = Boolean), @p16='?' (Size = 4000), @p17='?' (Size = 4000), @p18='?' (DbType = DateTime2), @p19='?' (Size = 4000), @p20='?' (DbType = Boolean), @p21='?' (DbType = DateTime2), @p22='?' (Size = 256)], CommandType='"Text"', CommandTimeout='30']
SET IMPLICIT_TRANSACTIONS OFF;
SET NOCOUNT ON;
UPDATE [AspNetUsers] SET [AccessFailedCount] = @p0, [ConcurrencyStamp] = @p1, [CreatedAt] = @p2, [Email] = @p3, [EmailConfirmed] = @p4, [FirstName] = @p5, [IsActive] = @p6, [IsMfaEnabled] = @p7, [LastName] = @p8, [LockoutEnabled] = @p9, [LockoutEnd] = @p10, [NormalizedEmail] = @p11, [NormalizedUserName] = @p12, [PasswordHash] = @p13, [PhoneNumber] = @p14, [PhoneNumberConfirmed] = @p15, [ProfileImageUrl] = @p16, [RefreshToken] = @p17, [RefreshTokenExpiry] = @p18, [SecurityStamp] = @p19, [TwoFactorEnabled] = @p20, [UpdatedAt] = @p21, [UserName] = @p22
OUTPUT 1
WHERE [Id] = @p23 AND [ConcurrencyStamp] = @p24;
2026-03-31 11:34:58.293 +05:30 [INF] Executing OkObjectResult, writing value of type '<>f__AnonymousType1`2[[System.Boolean, System.Private.CoreLib, Version=10.0.0.0, Culture=neutral, PublicKeyToken=7cec85d7bea7798e],[System.String, System.Private.CoreLib, Version=10.0.0.0, Culture=neutral, PublicKeyToken=7cec85d7bea7798e]]'.
2026-03-31 11:34:58.299 +05:30 [INF] Executed action UserService.API.Controllers.UserController.DeleteUser (UserService.API) in 151.1037ms
2026-03-31 11:34:58.302 +05:30 [INF] Executed endpoint 'UserService.API.Controllers.UserController.DeleteUser (UserService.API)'
2026-03-31 11:34:58.304 +05:30 [INF] HTTP DELETE /api/v1/users/ae24b1f9-78fa-42b5-bfc7-2dc97b795484 responded 200 in 183.0173 ms
2026-03-31 11:34:58.308 +05:30 [INF] Request finished HTTP/1.1 DELETE http://localhost:5010/api/v1/users/ae24b1f9-78fa-42b5-bfc7-2dc97b795484 - 200 null application/json; charset=utf-8 207.6817ms
2026-03-31 11:34:59.881 +05:30 [INF] Request starting HTTP/1.1 DELETE http://localhost:5010/api/v1/users/ae24b1f9-78fa-42b5-bfc7-2dc97b795484 - null null
2026-03-31 11:34:59.891 +05:30 [INF] CORS policy execution successful.
2026-03-31 11:34:59.897 +05:30 [INF] Executing endpoint 'UserService.API.Controllers.UserController.DeleteUser (UserService.API)'
2026-03-31 11:34:59.905 +05:30 [INF] Route matched with {action = "DeleteUser", controller = "User"}. Executing controller action with signature System.Threading.Tasks.Task`1[Microsoft.AspNetCore.Mvc.IActionResult] DeleteUser(System.String) on controller UserService.API.Controllers.UserController (UserService.API).
2026-03-31 11:34:59.952 +05:30 [INF] Executed DbCommand (17ms) [Parameters=[@p='?' (Size = 450)], CommandType='"Text"', CommandTimeout='30']
SELECT TOP(1) [a].[Id], [a].[AccessFailedCount], [a].[ConcurrencyStamp], [a].[CreatedAt], [a].[Email], [a].[EmailConfirmed], [a].[FirstName], [a].[IsActive], [a].[IsMfaEnabled], [a].[LastName], [a].[LockoutEnabled], [a].[LockoutEnd], [a].[NormalizedEmail], [a].[NormalizedUserName], [a].[PasswordHash], [a].[PhoneNumber], [a].[PhoneNumberConfirmed], [a].[ProfileImageUrl], [a].[RefreshToken], [a].[RefreshTokenExpiry], [a].[SecurityStamp], [a].[TwoFactorEnabled], [a].[UpdatedAt], [a].[UserName]
FROM [AspNetUsers] AS [a]
WHERE [a].[Id] = @p
2026-03-31 11:34:59.995 +05:30 [INF] Executed DbCommand (9ms) [Parameters=[@normalizedUserName='?' (Size = 256)], CommandType='"Text"', CommandTimeout='30']
SELECT TOP(1) [a].[Id], [a].[AccessFailedCount], [a].[ConcurrencyStamp], [a].[CreatedAt], [a].[Email], [a].[EmailConfirmed], [a].[FirstName], [a].[IsActive], [a].[IsMfaEnabled], [a].[LastName], [a].[LockoutEnabled], [a].[LockoutEnd], [a].[NormalizedEmail], [a].[NormalizedUserName], [a].[PasswordHash], [a].[PhoneNumber], [a].[PhoneNumberConfirmed], [a].[ProfileImageUrl], [a].[RefreshToken], [a].[RefreshTokenExpiry], [a].[SecurityStamp], [a].[TwoFactorEnabled], [a].[UpdatedAt], [a].[UserName]
FROM [AspNetUsers] AS [a]
WHERE [a].[NormalizedUserName] = @normalizedUserName
2026-03-31 11:35:00.011 +05:30 [INF] Executed DbCommand (6ms) [Parameters=[@normalizedEmail='?' (Size = 256)], CommandType='"Text"', CommandTimeout='30']
SELECT TOP(2) [a].[Id], [a].[AccessFailedCount], [a].[ConcurrencyStamp], [a].[CreatedAt], [a].[Email], [a].[EmailConfirmed], [a].[FirstName], [a].[IsActive], [a].[IsMfaEnabled], [a].[LastName], [a].[LockoutEnabled], [a].[LockoutEnd], [a].[NormalizedEmail], [a].[NormalizedUserName], [a].[PasswordHash], [a].[PhoneNumber], [a].[PhoneNumberConfirmed], [a].[ProfileImageUrl], [a].[RefreshToken], [a].[RefreshTokenExpiry], [a].[SecurityStamp], [a].[TwoFactorEnabled], [a].[UpdatedAt], [a].[UserName]
FROM [AspNetUsers] AS [a]
WHERE [a].[NormalizedEmail] = @normalizedEmail
2026-03-31 11:35:00.050 +05:30 [INF] Executed DbCommand (21ms) [Parameters=[@p23='?' (Size = 450), @p0='?' (DbType = Int32), @p1='?' (Size = 4000), @p24='?' (Size = 4000), @p2='?' (DbType = DateTime2), @p3='?' (Size = 256), @p4='?' (DbType = Boolean), @p5='?' (Size = 50), @p6='?' (DbType = Boolean), @p7='?' (DbType = Boolean), @p8='?' (Size = 50), @p9='?' (DbType = Boolean), @p10='?' (DbType = DateTimeOffset), @p11='?' (Size = 256), @p12='?' (Size = 256), @p13='?' (Size = 4000), @p14='?' (Size = 4000), @p15='?' (DbType = Boolean), @p16='?' (Size = 4000), @p17='?' (Size = 4000), @p18='?' (DbType = DateTime2), @p19='?' (Size = 4000), @p20='?' (DbType = Boolean), @p21='?' (DbType = DateTime2), @p22='?' (Size = 256)], CommandType='"Text"', CommandTimeout='30']
SET IMPLICIT_TRANSACTIONS OFF;
SET NOCOUNT ON;
UPDATE [AspNetUsers] SET [AccessFailedCount] = @p0, [ConcurrencyStamp] = @p1, [CreatedAt] = @p2, [Email] = @p3, [EmailConfirmed] = @p4, [FirstName] = @p5, [IsActive] = @p6, [IsMfaEnabled] = @p7, [LastName] = @p8, [LockoutEnabled] = @p9, [LockoutEnd] = @p10, [NormalizedEmail] = @p11, [NormalizedUserName] = @p12, [PasswordHash] = @p13, [PhoneNumber] = @p14, [PhoneNumberConfirmed] = @p15, [ProfileImageUrl] = @p16, [RefreshToken] = @p17, [RefreshTokenExpiry] = @p18, [SecurityStamp] = @p19, [TwoFactorEnabled] = @p20, [UpdatedAt] = @p21, [UserName] = @p22
OUTPUT 1
WHERE [Id] = @p23 AND [ConcurrencyStamp] = @p24;
2026-03-31 11:35:00.059 +05:30 [INF] Executing OkObjectResult, writing value of type '<>f__AnonymousType1`2[[System.Boolean, System.Private.CoreLib, Version=10.0.0.0, Culture=neutral, PublicKeyToken=7cec85d7bea7798e],[System.String, System.Private.CoreLib, Version=10.0.0.0, Culture=neutral, PublicKeyToken=7cec85d7bea7798e]]'.
2026-03-31 11:35:00.064 +05:30 [INF] Executed action UserService.API.Controllers.UserController.DeleteUser (UserService.API) in 134.2815ms
2026-03-31 11:35:00.069 +05:30 [INF] Executed endpoint 'UserService.API.Controllers.UserController.DeleteUser (UserService.API)'
2026-03-31 11:35:00.077 +05:30 [INF] HTTP DELETE /api/v1/users/ae24b1f9-78fa-42b5-bfc7-2dc97b795484 responded 200 in 181.5731 ms
2026-03-31 11:35:00.087 +05:30 [INF] Request finished HTTP/1.1 DELETE http://localhost:5010/api/v1/users/ae24b1f9-78fa-42b5-bfc7-2dc97b795484 - 200 null application/json; charset=utf-8 206.4194ms
2026-03-31 11:35:05.804 +05:30 [INF] Request starting HTTP/1.1 GET http://localhost:5010/api/v1/users - null null
2026-03-31 11:35:05.819 +05:30 [INF] Executing endpoint 'UserService.API.Controllers.UserController.GetAllUsers (UserService.API)'
2026-03-31 11:35:05.824 +05:30 [INF] Route matched with {action = "GetAllUsers", controller = "User"}. Executing controller action with signature System.Threading.Tasks.Task`1[Microsoft.AspNetCore.Mvc.IActionResult] GetAllUsers() on controller UserService.API.Controllers.UserController (UserService.API).
2026-03-31 11:35:05.845 +05:30 [INF] Executed DbCommand (8ms) [Parameters=[], CommandType='"Text"', CommandTimeout='30']
SELECT [a].[Id], [a].[AccessFailedCount], [a].[ConcurrencyStamp], [a].[CreatedAt], [a].[Email], [a].[EmailConfirmed], [a].[FirstName], [a].[IsActive], [a].[IsMfaEnabled], [a].[LastName], [a].[LockoutEnabled], [a].[LockoutEnd], [a].[NormalizedEmail], [a].[NormalizedUserName], [a].[PasswordHash], [a].[PhoneNumber], [a].[PhoneNumberConfirmed], [a].[ProfileImageUrl], [a].[RefreshToken], [a].[RefreshTokenExpiry], [a].[SecurityStamp], [a].[TwoFactorEnabled], [a].[UpdatedAt], [a].[UserName]
FROM [AspNetUsers] AS [a]
WHERE [a].[IsActive] = CAST(1 AS bit)
2026-03-31 11:35:05.885 +05:30 [INF] Executed DbCommand (29ms) [Parameters=[@userId='?' (Size = 450)], CommandType='"Text"', CommandTimeout='30']
SELECT [a0].[Name]
FROM [AspNetUserRoles] AS [a]
INNER JOIN [AspNetRoles] AS [a0] ON [a].[RoleId] = [a0].[Id]
WHERE [a].[UserId] = @userId
2026-03-31 11:35:05.894 +05:30 [INF] Executed DbCommand (1ms) [Parameters=[@userId='?' (Size = 450)], CommandType='"Text"', CommandTimeout='30']
SELECT [a0].[Name]
FROM [AspNetUserRoles] AS [a]
INNER JOIN [AspNetRoles] AS [a0] ON [a].[RoleId] = [a0].[Id]
WHERE [a].[UserId] = @userId
2026-03-31 11:35:05.904 +05:30 [INF] Executed DbCommand (1ms) [Parameters=[@userId='?' (Size = 450)], CommandType='"Text"', CommandTimeout='30']
SELECT [a0].[Name]
FROM [AspNetUserRoles] AS [a]
INNER JOIN [AspNetRoles] AS [a0] ON [a].[RoleId] = [a0].[Id]
WHERE [a].[UserId] = @userId
2026-03-31 11:35:05.908 +05:30 [INF] Executing OkObjectResult, writing value of type '<>f__AnonymousType0`2[[System.Boolean, System.Private.CoreLib, Version=10.0.0.0, Culture=neutral, PublicKeyToken=7cec85d7bea7798e],[System.Collections.Generic.IEnumerable`1[[UserService.Application.DTOs.UserProfileDto, UserService.Application, Version=1.0.0.0, Culture=neutral, PublicKeyToken=null]], System.Private.CoreLib, Version=10.0.0.0, Culture=neutral, PublicKeyToken=7cec85d7bea7798e]]'.
2026-03-31 11:35:05.911 +05:30 [INF] Executed action UserService.API.Controllers.UserController.GetAllUsers (UserService.API) in 77.526ms
2026-03-31 11:35:05.915 +05:30 [INF] Executed endpoint 'UserService.API.Controllers.UserController.GetAllUsers (UserService.API)'
2026-03-31 11:35:05.918 +05:30 [INF] HTTP GET /api/v1/users responded 200 in 99.6508 ms
2026-03-31 11:35:05.922 +05:30 [INF] Request finished HTTP/1.1 GET http://localhost:5010/api/v1/users - 200 null application/json; charset=utf-8 118.0398ms
2026-03-31 11:36:40.280 +05:30 [INF] Request starting HTTP/1.1 POST http://localhost:5010/api/v1/auth/register - application/json 201
2026-03-31 11:36:40.321 +05:30 [INF] CORS policy execution successful.
2026-03-31 11:36:40.326 +05:30 [INF] Executing endpoint 'UserService.API.Controllers.AuthController.Register (UserService.API)'
2026-03-31 11:36:40.347 +05:30 [INF] Route matched with {action = "Register", controller = "Auth"}. Executing controller action with signature System.Threading.Tasks.Task`1[Microsoft.AspNetCore.Mvc.IActionResult] Register(UserService.Application.DTOs.RegisterDto) on controller UserService.API.Controllers.AuthController (UserService.API).
2026-03-31 11:36:40.450 +05:30 [INF] Executed DbCommand (20ms) [Parameters=[@normalizedEmail='?' (Size = 256)], CommandType='"Text"', CommandTimeout='30']
SELECT TOP(2) [a].[Id], [a].[AccessFailedCount], [a].[ConcurrencyStamp], [a].[CreatedAt], [a].[Email], [a].[EmailConfirmed], [a].[FirstName], [a].[IsActive], [a].[IsMfaEnabled], [a].[LastName], [a].[LockoutEnabled], [a].[LockoutEnd], [a].[NormalizedEmail], [a].[NormalizedUserName], [a].[PasswordHash], [a].[PhoneNumber], [a].[PhoneNumberConfirmed], [a].[ProfileImageUrl], [a].[RefreshToken], [a].[RefreshTokenExpiry], [a].[SecurityStamp], [a].[TwoFactorEnabled], [a].[UpdatedAt], [a].[UserName]
FROM [AspNetUsers] AS [a]
WHERE [a].[NormalizedEmail] = @normalizedEmail
2026-03-31 11:36:40.644 +05:30 [INF] Executing BadRequestObjectResult, writing value of type '<>f__AnonymousType1`2[[System.Boolean, System.Private.CoreLib, Version=10.0.0.0, Culture=neutral, PublicKeyToken=7cec85d7bea7798e],[System.String, System.Private.CoreLib, Version=10.0.0.0, Culture=neutral, PublicKeyToken=7cec85d7bea7798e]]'.
2026-03-31 11:36:40.647 +05:30 [INF] Executed action UserService.API.Controllers.AuthController.Register (UserService.API) in 289.2002ms
2026-03-31 11:36:40.651 +05:30 [INF] Executed endpoint 'UserService.API.Controllers.AuthController.Register (UserService.API)'
2026-03-31 11:36:40.653 +05:30 [INF] HTTP POST /api/v1/auth/register responded 400 in 328.2619 ms
2026-03-31 11:36:40.657 +05:30 [INF] Request finished HTTP/1.1 POST http://localhost:5010/api/v1/auth/register - 400 null application/json; charset=utf-8 376.5314ms
2026-03-31 11:36:53.517 +05:30 [INF] Request starting HTTP/1.1 POST http://localhost:5010/api/v1/auth/register - application/json 201
2026-03-31 11:36:53.525 +05:30 [INF] CORS policy execution successful.
2026-03-31 11:36:53.528 +05:30 [INF] Executing endpoint 'UserService.API.Controllers.AuthController.Register (UserService.API)'
2026-03-31 11:36:53.530 +05:30 [INF] Route matched with {action = "Register", controller = "Auth"}. Executing controller action with signature System.Threading.Tasks.Task`1[Microsoft.AspNetCore.Mvc.IActionResult] Register(UserService.Application.DTOs.RegisterDto) on controller UserService.API.Controllers.AuthController (UserService.API).
2026-03-31 11:36:53.545 +05:30 [INF] Executed DbCommand (2ms) [Parameters=[@normalizedEmail='?' (Size = 256)], CommandType='"Text"', CommandTimeout='30']
SELECT TOP(2) [a].[Id], [a].[AccessFailedCount], [a].[ConcurrencyStamp], [a].[CreatedAt], [a].[Email], [a].[EmailConfirmed], [a].[FirstName], [a].[IsActive], [a].[IsMfaEnabled], [a].[LastName], [a].[LockoutEnabled], [a].[LockoutEnd], [a].[NormalizedEmail], [a].[NormalizedUserName], [a].[PasswordHash], [a].[PhoneNumber], [a].[PhoneNumberConfirmed], [a].[ProfileImageUrl], [a].[RefreshToken], [a].[RefreshTokenExpiry], [a].[SecurityStamp], [a].[TwoFactorEnabled], [a].[UpdatedAt], [a].[UserName]
FROM [AspNetUsers] AS [a]
WHERE [a].[NormalizedEmail] = @normalizedEmail
2026-03-31 11:36:53.702 +05:30 [INF] Executing BadRequestObjectResult, writing value of type '<>f__AnonymousType1`2[[System.Boolean, System.Private.CoreLib, Version=10.0.0.0, Culture=neutral, PublicKeyToken=7cec85d7bea7798e],[System.String, System.Private.CoreLib, Version=10.0.0.0, Culture=neutral, PublicKeyToken=7cec85d7bea7798e]]'.
2026-03-31 11:36:53.710 +05:30 [INF] Executed action UserService.API.Controllers.AuthController.Register (UserService.API) in 173.6228ms
2026-03-31 11:36:53.718 +05:30 [INF] Executed endpoint 'UserService.API.Controllers.AuthController.Register (UserService.API)'
2026-03-31 11:36:53.720 +05:30 [INF] HTTP POST /api/v1/auth/register responded 400 in 192.6101 ms
2026-03-31 11:36:53.723 +05:30 [INF] Request finished HTTP/1.1 POST http://localhost:5010/api/v1/auth/register - 400 null application/json; charset=utf-8 206.9616ms
2026-03-31 12:41:38.526 +05:30 [INF] Executed DbCommand (326ms) [Parameters=[@normalizedName='?' (Size = 256)], CommandType='"Text"', CommandTimeout='30']
SELECT TOP(1) [a].[Id], [a].[ConcurrencyStamp], [a].[Name], [a].[NormalizedName]
FROM [AspNetRoles] AS [a]
WHERE [a].[NormalizedName] = @normalizedName
2026-03-31 12:41:38.974 +05:30 [INF] Executed DbCommand (12ms) [Parameters=[@normalizedName='?' (Size = 256)], CommandType='"Text"', CommandTimeout='30']
SELECT TOP(1) [a].[Id], [a].[ConcurrencyStamp], [a].[Name], [a].[NormalizedName]
FROM [AspNetRoles] AS [a]
WHERE [a].[NormalizedName] = @normalizedName
2026-03-31 12:41:38.984 +05:30 [INF] Executed DbCommand (1ms) [Parameters=[@normalizedName='?' (Size = 256)], CommandType='"Text"', CommandTimeout='30']
SELECT TOP(1) [a].[Id], [a].[ConcurrencyStamp], [a].[Name], [a].[NormalizedName]
FROM [AspNetRoles] AS [a]
WHERE [a].[NormalizedName] = @normalizedName
2026-03-31 12:41:39.570 +05:30 [INF] Executed DbCommand (13ms) [Parameters=[], CommandType='"Text"', CommandTimeout='30']
SELECT 1
2026-03-31 12:41:39.588 +05:30 [INF] Acquiring an exclusive lock for migration application. See https://aka.ms/efcore-docs-migrations-lock for more information if this takes too long.
2026-03-31 12:41:39.664 +05:30 [INF] Executed DbCommand (66ms) [Parameters=[], CommandType='"Text"', CommandTimeout='30']
DECLARE @result int;
EXEC @result = sp_getapplock @Resource = '__EFMigrationsLock', @LockOwner = 'Session', @LockMode = 'Exclusive';
SELECT @result
2026-03-31 12:41:39.875 +05:30 [INF] Executed DbCommand (11ms) [Parameters=[], CommandType='"Text"', CommandTimeout='30']
IF OBJECT_ID(N'[__EFMigrationsHistory]') IS NULL
BEGIN
    CREATE TABLE [__EFMigrationsHistory] (
        [MigrationId] nvarchar(150) NOT NULL,
        [ProductVersion] nvarchar(32) NOT NULL,
        CONSTRAINT [PK___EFMigrationsHistory] PRIMARY KEY ([MigrationId])
    );
END;
2026-03-31 12:41:39.905 +05:30 [INF] Executed DbCommand (1ms) [Parameters=[], CommandType='"Text"', CommandTimeout='30']
SELECT 1
2026-03-31 12:41:39.919 +05:30 [INF] Executed DbCommand (4ms) [Parameters=[], CommandType='"Text"', CommandTimeout='30']
SELECT OBJECT_ID(N'[__EFMigrationsHistory]');
2026-03-31 12:41:39.946 +05:30 [INF] Executed DbCommand (12ms) [Parameters=[], CommandType='"Text"', CommandTimeout='30']
SELECT [MigrationId], [ProductVersion]
FROM [__EFMigrationsHistory]
ORDER BY [MigrationId];
2026-03-31 12:41:39.974 +05:30 [INF] No migrations were applied. The database is already up to date.
2026-03-31 12:41:39.989 +05:30 [INF] Executed DbCommand (10ms) [Parameters=[], CommandType='"Text"', CommandTimeout='30']
DECLARE @result int;
EXEC @result = sp_releaseapplock @Resource = '__EFMigrationsLock', @LockOwner = 'Session';
SELECT @result
2026-03-31 12:41:40.449 +05:30 [INF] User profile is available. Using 'C:\Users\Satvik\AppData\Local\ASP.NET\DataProtection-Keys' as key repository and Windows DPAPI to encrypt keys at rest.
2026-03-31 12:41:40.767 +05:30 [WRN] The WebRootPath was not found: C:\Users\Satvik\Downloads\MicroservicesAssesment\MicroservicesAssesment\Services\UserService\UserService.API\wwwroot. Static files may be unavailable.
2026-03-31 12:41:41.102 +05:30 [INF] Now listening on: http://localhost:5010
2026-03-31 12:41:41.911 +05:30 [INF] Application started. Press Ctrl+C to shut down.
2026-03-31 12:41:41.920 +05:30 [INF] Hosting environment: Development
2026-03-31 12:41:41.941 +05:30 [INF] Content root path: C:\Users\Satvik\Downloads\MicroservicesAssesment\MicroservicesAssesment\Services\UserService\UserService.API
2026-03-31 12:41:42.595 +05:30 [INF] Request starting HTTP/1.1 GET http://localhost:5010/ - null null
2026-03-31 12:41:43.451 +05:30 [INF] HTTP GET / responded 404 in 269.2960 ms
2026-03-31 12:41:43.502 +05:30 [INF] Request finished HTTP/1.1 GET http://localhost:5010/ - 404 null null 949.274ms
2026-03-31 12:41:43.519 +05:30 [INF] Request reached the end of the middleware pipeline without being handled by application code. Request path: GET http://localhost:5010/, Response status code: 404
2026-03-31 12:41:46.621 +05:30 [INF] Request starting HTTP/1.1 GET http://localhost:5010/swagger - null null
2026-03-31 12:41:46.658 +05:30 [INF] HTTP GET /swagger responded 301 in 3.8143 ms
2026-03-31 12:41:46.669 +05:30 [INF] Request finished HTTP/1.1 GET http://localhost:5010/swagger - 301 null null 47.4779ms
2026-03-31 12:41:46.682 +05:30 [INF] Request starting HTTP/1.1 GET http://localhost:5010/swagger/index.html - null null
2026-03-31 12:41:46.966 +05:30 [INF] HTTP GET /swagger/index.html responded 200 in 266.2195 ms
2026-03-31 12:41:47.015 +05:30 [INF] Request starting HTTP/1.1 GET http://localhost:5010/swagger/index.css - null null
2026-03-31 12:41:46.969 +05:30 [INF] Request starting HTTP/1.1 GET http://localhost:5010/swagger/swagger-ui.css - null null
2026-03-31 12:41:47.016 +05:30 [INF] Request starting HTTP/1.1 GET http://localhost:5010/swagger/swagger-ui-bundle.js - null null
2026-03-31 12:41:47.023 +05:30 [INF] Request finished HTTP/1.1 GET http://localhost:5010/swagger/index.html - 200 null text/html;charset=utf-8 341.1627ms
2026-03-31 12:41:47.076 +05:30 [INF] HTTP GET /swagger/index.css responded 200 in 46.6757 ms
2026-03-31 12:41:47.077 +05:30 [INF] HTTP GET /swagger/swagger-ui.css responded 200 in 36.1749 ms
2026-03-31 12:41:47.085 +05:30 [INF] Request finished HTTP/1.1 GET http://localhost:5010/swagger/index.css - 200 152 text/css 69.9456ms
2026-03-31 12:41:47.099 +05:30 [INF] Request finished HTTP/1.1 GET http://localhost:5010/swagger/swagger-ui.css - 200 26479 text/css 130.2322ms
2026-03-31 12:41:47.131 +05:30 [INF] HTTP GET /swagger/swagger-ui-bundle.js responded 200 in 77.7457 ms
2026-03-31 12:41:47.144 +05:30 [INF] Request starting HTTP/1.1 GET http://localhost:5010/swagger/index.js - null null
2026-03-31 12:41:47.153 +05:30 [INF] Request finished HTTP/1.1 GET http://localhost:5010/swagger/swagger-ui-bundle.js - 200 418181 text/javascript 136.4623ms
2026-03-31 12:41:47.163 +05:30 [INF] HTTP GET /swagger/index.js responded 200 in 3.0009 ms
2026-03-31 12:41:47.171 +05:30 [INF] Request starting HTTP/1.1 GET http://localhost:5010/swagger/swagger-ui-standalone-preset.js - null null
2026-03-31 12:41:47.176 +05:30 [INF] Request finished HTTP/1.1 GET http://localhost:5010/swagger/index.js - 200 null application/javascript;charset=utf-8 31.9727ms
2026-03-31 12:41:47.209 +05:30 [INF] HTTP GET /swagger/swagger-ui-standalone-preset.js responded 200 in 23.8843 ms
2026-03-31 12:41:47.229 +05:30 [INF] Request starting HTTP/1.1 GET http://localhost:5010/_framework/aspnetcore-browser-refresh.js - null null
2026-03-31 12:41:47.240 +05:30 [INF] Request finished HTTP/1.1 GET http://localhost:5010/swagger/swagger-ui-standalone-preset.js - 200 76613 text/javascript 68.7076ms
2026-03-31 12:41:47.260 +05:30 [INF] Request finished HTTP/1.1 GET http://localhost:5010/_framework/aspnetcore-browser-refresh.js - 200 14935 application/javascript; charset=utf-8 30.8206ms
2026-03-31 12:41:47.267 +05:30 [INF] Request starting HTTP/1.1 GET http://localhost:5010/_vs/browserLink - null null
2026-03-31 12:41:47.404 +05:30 [INF] Request finished HTTP/1.1 GET http://localhost:5010/_vs/browserLink - 200 null text/javascript; charset=UTF-8 137.7701ms
2026-03-31 12:41:47.798 +05:30 [INF] Request starting HTTP/1.1 GET http://localhost:5010/swagger/v1/swagger.json - null null
2026-03-31 12:41:47.854 +05:30 [INF] HTTP GET /swagger/v1/swagger.json responded 200 in 46.4505 ms
2026-03-31 12:41:47.869 +05:30 [INF] Request finished HTTP/1.1 GET http://localhost:5010/swagger/v1/swagger.json - 200 null application/json;charset=utf-8 71.8251ms
2026-03-31 12:41:48.588 +05:30 [INF] Request starting HTTP/1.1 GET http://localhost:5010/swagger/favicon-32x32.png - null null
2026-03-31 12:41:48.619 +05:30 [INF] HTTP GET /swagger/favicon-32x32.png responded 200 in 4.9370 ms
2026-03-31 12:41:48.633 +05:30 [INF] Request finished HTTP/1.1 GET http://localhost:5010/swagger/favicon-32x32.png - 200 628 image/png 45.3661ms
2026-03-31 12:47:48.708 +05:30 [INF] Request starting HTTP/1.1 POST http://localhost:5010/api/v1/auth/login - application/json 59
2026-03-31 12:47:48.754 +05:30 [INF] CORS policy execution successful.
2026-03-31 12:47:48.862 +05:30 [INF] Executing endpoint 'UserService.API.Controllers.AuthController.Login (UserService.API)'
2026-03-31 12:47:48.969 +05:30 [INF] Route matched with {action = "Login", controller = "Auth"}. Executing controller action with signature System.Threading.Tasks.Task`1[Microsoft.AspNetCore.Mvc.IActionResult] Login(UserService.Application.DTOs.LoginDto) on controller UserService.API.Controllers.AuthController (UserService.API).
2026-03-31 12:47:49.362 +05:30 [INF] Executed DbCommand (13ms) [Parameters=[@normalizedEmail='?' (Size = 256)], CommandType='"Text"', CommandTimeout='30']
SELECT TOP(2) [a].[Id], [a].[AccessFailedCount], [a].[ConcurrencyStamp], [a].[CreatedAt], [a].[Email], [a].[EmailConfirmed], [a].[FirstName], [a].[IsActive], [a].[IsMfaEnabled], [a].[LastName], [a].[LockoutEnabled], [a].[LockoutEnd], [a].[NormalizedEmail], [a].[NormalizedUserName], [a].[PasswordHash], [a].[PhoneNumber], [a].[PhoneNumberConfirmed], [a].[ProfileImageUrl], [a].[RefreshToken], [a].[RefreshTokenExpiry], [a].[SecurityStamp], [a].[TwoFactorEnabled], [a].[UpdatedAt], [a].[UserName]
FROM [AspNetUsers] AS [a]
WHERE [a].[NormalizedEmail] = @normalizedEmail
2026-03-31 12:47:49.857 +05:30 [INF] Executing UnauthorizedObjectResult, writing value of type '<>f__AnonymousType1`2[[System.Boolean, System.Private.CoreLib, Version=10.0.0.0, Culture=neutral, PublicKeyToken=7cec85d7bea7798e],[System.String, System.Private.CoreLib, Version=10.0.0.0, Culture=neutral, PublicKeyToken=7cec85d7bea7798e]]'.
2026-03-31 12:47:49.904 +05:30 [INF] Executed action UserService.API.Controllers.AuthController.Login (UserService.API) in 913.4053ms
2026-03-31 12:47:49.917 +05:30 [INF] Executed endpoint 'UserService.API.Controllers.AuthController.Login (UserService.API)'
2026-03-31 12:47:49.926 +05:30 [INF] HTTP POST /api/v1/auth/login responded 401 in 1160.1879 ms
2026-03-31 12:47:49.949 +05:30 [INF] Request finished HTTP/1.1 POST http://localhost:5010/api/v1/auth/login - 401 null application/json; charset=utf-8 1242.2727ms
2026-03-31 12:48:47.322 +05:30 [INF] Request starting HTTP/1.1 POST http://localhost:5010/api/v1/auth/login - application/json 59
2026-03-31 12:48:47.359 +05:30 [INF] CORS policy execution successful.
2026-03-31 12:48:47.400 +05:30 [INF] Executing endpoint 'UserService.API.Controllers.AuthController.Login (UserService.API)'
2026-03-31 12:48:47.408 +05:30 [INF] Route matched with {action = "Login", controller = "Auth"}. Executing controller action with signature System.Threading.Tasks.Task`1[Microsoft.AspNetCore.Mvc.IActionResult] Login(UserService.Application.DTOs.LoginDto) on controller UserService.API.Controllers.AuthController (UserService.API).
2026-03-31 12:48:47.443 +05:30 [INF] Executed DbCommand (10ms) [Parameters=[@normalizedEmail='?' (Size = 256)], CommandType='"Text"', CommandTimeout='30']
SELECT TOP(2) [a].[Id], [a].[AccessFailedCount], [a].[ConcurrencyStamp], [a].[CreatedAt], [a].[Email], [a].[EmailConfirmed], [a].[FirstName], [a].[IsActive], [a].[IsMfaEnabled], [a].[LastName], [a].[LockoutEnabled], [a].[LockoutEnd], [a].[NormalizedEmail], [a].[NormalizedUserName], [a].[PasswordHash], [a].[PhoneNumber], [a].[PhoneNumberConfirmed], [a].[ProfileImageUrl], [a].[RefreshToken], [a].[RefreshTokenExpiry], [a].[SecurityStamp], [a].[TwoFactorEnabled], [a].[UpdatedAt], [a].[UserName]
FROM [AspNetUsers] AS [a]
WHERE [a].[NormalizedEmail] = @normalizedEmail
2026-03-31 12:48:48.031 +05:30 [INF] Executed DbCommand (11ms) [Parameters=[@userId='?' (Size = 450)], CommandType='"Text"', CommandTimeout='30']
SELECT [a0].[Name]
FROM [AspNetUserRoles] AS [a]
INNER JOIN [AspNetRoles] AS [a0] ON [a].[RoleId] = [a0].[Id]
WHERE [a].[UserId] = @userId
2026-03-31 12:48:48.232 +05:30 [INF] Executed DbCommand (19ms) [Parameters=[@normalizedUserName='?' (Size = 256)], CommandType='"Text"', CommandTimeout='30']
SELECT TOP(1) [a].[Id], [a].[AccessFailedCount], [a].[ConcurrencyStamp], [a].[CreatedAt], [a].[Email], [a].[EmailConfirmed], [a].[FirstName], [a].[IsActive], [a].[IsMfaEnabled], [a].[LastName], [a].[LockoutEnabled], [a].[LockoutEnd], [a].[NormalizedEmail], [a].[NormalizedUserName], [a].[PasswordHash], [a].[PhoneNumber], [a].[PhoneNumberConfirmed], [a].[ProfileImageUrl], [a].[RefreshToken], [a].[RefreshTokenExpiry], [a].[SecurityStamp], [a].[TwoFactorEnabled], [a].[UpdatedAt], [a].[UserName]
FROM [AspNetUsers] AS [a]
WHERE [a].[NormalizedUserName] = @normalizedUserName
2026-03-31 12:48:48.304 +05:30 [INF] Executed DbCommand (8ms) [Parameters=[@normalizedEmail='?' (Size = 256)], CommandType='"Text"', CommandTimeout='30']
SELECT TOP(2) [a].[Id], [a].[AccessFailedCount], [a].[ConcurrencyStamp], [a].[CreatedAt], [a].[Email], [a].[EmailConfirmed], [a].[FirstName], [a].[IsActive], [a].[IsMfaEnabled], [a].[LastName], [a].[LockoutEnabled], [a].[LockoutEnd], [a].[NormalizedEmail], [a].[NormalizedUserName], [a].[PasswordHash], [a].[PhoneNumber], [a].[PhoneNumberConfirmed], [a].[ProfileImageUrl], [a].[RefreshToken], [a].[RefreshTokenExpiry], [a].[SecurityStamp], [a].[TwoFactorEnabled], [a].[UpdatedAt], [a].[UserName]
FROM [AspNetUsers] AS [a]
WHERE [a].[NormalizedEmail] = @normalizedEmail
2026-03-31 12:48:48.707 +05:30 [INF] Executed DbCommand (40ms) [Parameters=[@p23='?' (Size = 450), @p0='?' (DbType = Int32), @p1='?' (Size = 4000), @p24='?' (Size = 4000), @p2='?' (DbType = DateTime2), @p3='?' (Size = 256), @p4='?' (DbType = Boolean), @p5='?' (Size = 50), @p6='?' (DbType = Boolean), @p7='?' (DbType = Boolean), @p8='?' (Size = 50), @p9='?' (DbType = Boolean), @p10='?' (DbType = DateTimeOffset), @p11='?' (Size = 256), @p12='?' (Size = 256), @p13='?' (Size = 4000), @p14='?' (Size = 4000), @p15='?' (DbType = Boolean), @p16='?' (Size = 4000), @p17='?' (Size = 4000), @p18='?' (DbType = DateTime2), @p19='?' (Size = 4000), @p20='?' (DbType = Boolean), @p21='?' (DbType = DateTime2), @p22='?' (Size = 256)], CommandType='"Text"', CommandTimeout='30']
SET IMPLICIT_TRANSACTIONS OFF;
SET NOCOUNT ON;
UPDATE [AspNetUsers] SET [AccessFailedCount] = @p0, [ConcurrencyStamp] = @p1, [CreatedAt] = @p2, [Email] = @p3, [EmailConfirmed] = @p4, [FirstName] = @p5, [IsActive] = @p6, [IsMfaEnabled] = @p7, [LastName] = @p8, [LockoutEnabled] = @p9, [LockoutEnd] = @p10, [NormalizedEmail] = @p11, [NormalizedUserName] = @p12, [PasswordHash] = @p13, [PhoneNumber] = @p14, [PhoneNumberConfirmed] = @p15, [ProfileImageUrl] = @p16, [RefreshToken] = @p17, [RefreshTokenExpiry] = @p18, [SecurityStamp] = @p19, [TwoFactorEnabled] = @p20, [UpdatedAt] = @p21, [UserName] = @p22
OUTPUT 1
WHERE [Id] = @p23 AND [ConcurrencyStamp] = @p24;
2026-03-31 12:48:48.753 +05:30 [INF] Executing OkObjectResult, writing value of type '<>f__AnonymousType0`2[[System.Boolean, System.Private.CoreLib, Version=10.0.0.0, Culture=neutral, PublicKeyToken=7cec85d7bea7798e],[UserService.Application.DTOs.TokenResponseDto, UserService.Application, Version=1.0.0.0, Culture=neutral, PublicKeyToken=null]]'.
2026-03-31 12:48:48.784 +05:30 [INF] Executed action UserService.API.Controllers.AuthController.Login (UserService.API) in 1367.503ms
2026-03-31 12:48:48.788 +05:30 [INF] Executed endpoint 'UserService.API.Controllers.AuthController.Login (UserService.API)'
2026-03-31 12:48:48.791 +05:30 [INF] HTTP POST /api/v1/auth/login responded 200 in 1428.2325 ms
2026-03-31 12:48:48.796 +05:30 [INF] Request finished HTTP/1.1 POST http://localhost:5010/api/v1/auth/login - 200 null application/json; charset=utf-8 1474.8078ms
2026-03-31 12:50:05.889 +05:30 [INF] Request starting HTTP/1.1 DELETE http://localhost:5010/api/v1/users/02040b25-50f4-4b0a-8fb5-8e8ba7cbc000 - null null
2026-03-31 12:50:05.903 +05:30 [INF] CORS policy execution successful.
2026-03-31 12:50:06.166 +05:30 [INF] Executing endpoint 'UserService.API.Controllers.UserController.DeleteUser (UserService.API)'
2026-03-31 12:50:06.194 +05:30 [INF] Route matched with {action = "DeleteUser", controller = "User"}. Executing controller action with signature System.Threading.Tasks.Task`1[Microsoft.AspNetCore.Mvc.IActionResult] DeleteUser(System.String) on controller UserService.API.Controllers.UserController (UserService.API).
2026-03-31 12:50:06.348 +05:30 [INF] Executed DbCommand (8ms) [Parameters=[@p='?' (Size = 450)], CommandType='"Text"', CommandTimeout='30']
SELECT TOP(1) [a].[Id], [a].[AccessFailedCount], [a].[ConcurrencyStamp], [a].[CreatedAt], [a].[Email], [a].[EmailConfirmed], [a].[FirstName], [a].[IsActive], [a].[IsMfaEnabled], [a].[LastName], [a].[LockoutEnabled], [a].[LockoutEnd], [a].[NormalizedEmail], [a].[NormalizedUserName], [a].[PasswordHash], [a].[PhoneNumber], [a].[PhoneNumberConfirmed], [a].[ProfileImageUrl], [a].[RefreshToken], [a].[RefreshTokenExpiry], [a].[SecurityStamp], [a].[TwoFactorEnabled], [a].[UpdatedAt], [a].[UserName]
FROM [AspNetUsers] AS [a]
WHERE [a].[Id] = @p
2026-03-31 12:50:06.366 +05:30 [INF] Executed DbCommand (8ms) [Parameters=[@normalizedUserName='?' (Size = 256)], CommandType='"Text"', CommandTimeout='30']
SELECT TOP(1) [a].[Id], [a].[AccessFailedCount], [a].[ConcurrencyStamp], [a].[CreatedAt], [a].[Email], [a].[EmailConfirmed], [a].[FirstName], [a].[IsActive], [a].[IsMfaEnabled], [a].[LastName], [a].[LockoutEnabled], [a].[LockoutEnd], [a].[NormalizedEmail], [a].[NormalizedUserName], [a].[PasswordHash], [a].[PhoneNumber], [a].[PhoneNumberConfirmed], [a].[ProfileImageUrl], [a].[RefreshToken], [a].[RefreshTokenExpiry], [a].[SecurityStamp], [a].[TwoFactorEnabled], [a].[UpdatedAt], [a].[UserName]
FROM [AspNetUsers] AS [a]
WHERE [a].[NormalizedUserName] = @normalizedUserName
2026-03-31 12:50:06.386 +05:30 [INF] Executed DbCommand (12ms) [Parameters=[@normalizedEmail='?' (Size = 256)], CommandType='"Text"', CommandTimeout='30']
SELECT TOP(2) [a].[Id], [a].[AccessFailedCount], [a].[ConcurrencyStamp], [a].[CreatedAt], [a].[Email], [a].[EmailConfirmed], [a].[FirstName], [a].[IsActive], [a].[IsMfaEnabled], [a].[LastName], [a].[LockoutEnabled], [a].[LockoutEnd], [a].[NormalizedEmail], [a].[NormalizedUserName], [a].[PasswordHash], [a].[PhoneNumber], [a].[PhoneNumberConfirmed], [a].[ProfileImageUrl], [a].[RefreshToken], [a].[RefreshTokenExpiry], [a].[SecurityStamp], [a].[TwoFactorEnabled], [a].[UpdatedAt], [a].[UserName]
FROM [AspNetUsers] AS [a]
WHERE [a].[NormalizedEmail] = @normalizedEmail
2026-03-31 12:50:06.414 +05:30 [INF] Executed DbCommand (19ms) [Parameters=[@p23='?' (Size = 450), @p0='?' (DbType = Int32), @p1='?' (Size = 4000), @p24='?' (Size = 4000), @p2='?' (DbType = DateTime2), @p3='?' (Size = 256), @p4='?' (DbType = Boolean), @p5='?' (Size = 50), @p6='?' (DbType = Boolean), @p7='?' (DbType = Boolean), @p8='?' (Size = 50), @p9='?' (DbType = Boolean), @p10='?' (DbType = DateTimeOffset), @p11='?' (Size = 256), @p12='?' (Size = 256), @p13='?' (Size = 4000), @p14='?' (Size = 4000), @p15='?' (DbType = Boolean), @p16='?' (Size = 4000), @p17='?' (Size = 4000), @p18='?' (DbType = DateTime2), @p19='?' (Size = 4000), @p20='?' (DbType = Boolean), @p21='?' (DbType = DateTime2), @p22='?' (Size = 256)], CommandType='"Text"', CommandTimeout='30']
SET IMPLICIT_TRANSACTIONS OFF;
SET NOCOUNT ON;
UPDATE [AspNetUsers] SET [AccessFailedCount] = @p0, [ConcurrencyStamp] = @p1, [CreatedAt] = @p2, [Email] = @p3, [EmailConfirmed] = @p4, [FirstName] = @p5, [IsActive] = @p6, [IsMfaEnabled] = @p7, [LastName] = @p8, [LockoutEnabled] = @p9, [LockoutEnd] = @p10, [NormalizedEmail] = @p11, [NormalizedUserName] = @p12, [PasswordHash] = @p13, [PhoneNumber] = @p14, [PhoneNumberConfirmed] = @p15, [ProfileImageUrl] = @p16, [RefreshToken] = @p17, [RefreshTokenExpiry] = @p18, [SecurityStamp] = @p19, [TwoFactorEnabled] = @p20, [UpdatedAt] = @p21, [UserName] = @p22
OUTPUT 1
WHERE [Id] = @p23 AND [ConcurrencyStamp] = @p24;
2026-03-31 12:50:06.429 +05:30 [INF] Executing OkObjectResult, writing value of type '<>f__AnonymousType1`2[[System.Boolean, System.Private.CoreLib, Version=10.0.0.0, Culture=neutral, PublicKeyToken=7cec85d7bea7798e],[System.String, System.Private.CoreLib, Version=10.0.0.0, Culture=neutral, PublicKeyToken=7cec85d7bea7798e]]'.
2026-03-31 12:50:06.438 +05:30 [INF] Executed action UserService.API.Controllers.UserController.DeleteUser (UserService.API) in 239.835ms
2026-03-31 12:50:06.441 +05:30 [INF] Executed endpoint 'UserService.API.Controllers.UserController.DeleteUser (UserService.API)'
2026-03-31 12:50:06.445 +05:30 [INF] HTTP DELETE /api/v1/users/02040b25-50f4-4b0a-8fb5-8e8ba7cbc000 responded 200 in 504.0614 ms
2026-03-31 12:50:06.451 +05:30 [INF] Request finished HTTP/1.1 DELETE http://localhost:5010/api/v1/users/02040b25-50f4-4b0a-8fb5-8e8ba7cbc000 - 200 null application/json; charset=utf-8 562.4495ms
2026-03-31 12:55:45.322 +05:30 [INF] Request starting HTTP/1.1 POST http://localhost:5010/api/v1/auth/register - application/json 202
2026-03-31 12:55:45.343 +05:30 [INF] CORS policy execution successful.
2026-03-31 12:55:45.351 +05:30 [INF] Executing endpoint 'UserService.API.Controllers.AuthController.Register (UserService.API)'
2026-03-31 12:55:45.374 +05:30 [INF] Route matched with {action = "Register", controller = "Auth"}. Executing controller action with signature System.Threading.Tasks.Task`1[Microsoft.AspNetCore.Mvc.IActionResult] Register(UserService.Application.DTOs.RegisterDto) on controller UserService.API.Controllers.AuthController (UserService.API).
2026-03-31 12:55:45.505 +05:30 [INF] Executed DbCommand (10ms) [Parameters=[@normalizedEmail='?' (Size = 256)], CommandType='"Text"', CommandTimeout='30']
SELECT TOP(2) [a].[Id], [a].[AccessFailedCount], [a].[ConcurrencyStamp], [a].[CreatedAt], [a].[Email], [a].[EmailConfirmed], [a].[FirstName], [a].[IsActive], [a].[IsMfaEnabled], [a].[LastName], [a].[LockoutEnabled], [a].[LockoutEnd], [a].[NormalizedEmail], [a].[NormalizedUserName], [a].[PasswordHash], [a].[PhoneNumber], [a].[PhoneNumberConfirmed], [a].[ProfileImageUrl], [a].[RefreshToken], [a].[RefreshTokenExpiry], [a].[SecurityStamp], [a].[TwoFactorEnabled], [a].[UpdatedAt], [a].[UserName]
FROM [AspNetUsers] AS [a]
WHERE [a].[NormalizedEmail] = @normalizedEmail
2026-03-31 12:55:45.718 +05:30 [INF] Executed DbCommand (9ms) [Parameters=[@normalizedUserName='?' (Size = 256)], CommandType='"Text"', CommandTimeout='30']
SELECT TOP(1) [a].[Id], [a].[AccessFailedCount], [a].[ConcurrencyStamp], [a].[CreatedAt], [a].[Email], [a].[EmailConfirmed], [a].[FirstName], [a].[IsActive], [a].[IsMfaEnabled], [a].[LastName], [a].[LockoutEnabled], [a].[LockoutEnd], [a].[NormalizedEmail], [a].[NormalizedUserName], [a].[PasswordHash], [a].[PhoneNumber], [a].[PhoneNumberConfirmed], [a].[ProfileImageUrl], [a].[RefreshToken], [a].[RefreshTokenExpiry], [a].[SecurityStamp], [a].[TwoFactorEnabled], [a].[UpdatedAt], [a].[UserName]
FROM [AspNetUsers] AS [a]
WHERE [a].[NormalizedUserName] = @normalizedUserName
2026-03-31 12:55:45.752 +05:30 [INF] Executed DbCommand (29ms) [Parameters=[@normalizedEmail='?' (Size = 256)], CommandType='"Text"', CommandTimeout='30']
SELECT TOP(2) [a].[Id], [a].[AccessFailedCount], [a].[ConcurrencyStamp], [a].[CreatedAt], [a].[Email], [a].[EmailConfirmed], [a].[FirstName], [a].[IsActive], [a].[IsMfaEnabled], [a].[LastName], [a].[LockoutEnabled], [a].[LockoutEnd], [a].[NormalizedEmail], [a].[NormalizedUserName], [a].[PasswordHash], [a].[PhoneNumber], [a].[PhoneNumberConfirmed], [a].[ProfileImageUrl], [a].[RefreshToken], [a].[RefreshTokenExpiry], [a].[SecurityStamp], [a].[TwoFactorEnabled], [a].[UpdatedAt], [a].[UserName]
FROM [AspNetUsers] AS [a]
WHERE [a].[NormalizedEmail] = @normalizedEmail
2026-03-31 12:55:45.885 +05:30 [INF] Executed DbCommand (31ms) [Parameters=[@p0='?' (Size = 450), @p1='?' (DbType = Int32), @p2='?' (Size = 4000), @p3='?' (DbType = DateTime2), @p4='?' (Size = 256), @p5='?' (DbType = Boolean), @p6='?' (Size = 50), @p7='?' (DbType = Boolean), @p8='?' (DbType = Boolean), @p9='?' (Size = 50), @p10='?' (DbType = Boolean), @p11='?' (DbType = DateTimeOffset), @p12='?' (Size = 256), @p13='?' (Size = 256), @p14='?' (Size = 4000), @p15='?' (Size = 4000), @p16='?' (DbType = Boolean), @p17='?' (Size = 4000), @p18='?' (Size = 4000), @p19='?' (DbType = DateTime2), @p20='?' (Size = 4000), @p21='?' (DbType = Boolean), @p22='?' (DbType = DateTime2), @p23='?' (Size = 256)], CommandType='"Text"', CommandTimeout='30']
SET IMPLICIT_TRANSACTIONS OFF;
SET NOCOUNT ON;
INSERT INTO [AspNetUsers] ([Id], [AccessFailedCount], [ConcurrencyStamp], [CreatedAt], [Email], [EmailConfirmed], [FirstName], [IsActive], [IsMfaEnabled], [LastName], [LockoutEnabled], [LockoutEnd], [NormalizedEmail], [NormalizedUserName], [PasswordHash], [PhoneNumber], [PhoneNumberConfirmed], [ProfileImageUrl], [RefreshToken], [RefreshTokenExpiry], [SecurityStamp], [TwoFactorEnabled], [UpdatedAt], [UserName])
VALUES (@p0, @p1, @p2, @p3, @p4, @p5, @p6, @p7, @p8, @p9, @p10, @p11, @p12, @p13, @p14, @p15, @p16, @p17, @p18, @p19, @p20, @p21, @p22, @p23);
2026-03-31 12:55:45.931 +05:30 [INF] Executed DbCommand (10ms) [Parameters=[@normalizedRoleName='?' (Size = 256)], CommandType='"Text"', CommandTimeout='30']
SELECT TOP(2) [a].[Id], [a].[ConcurrencyStamp], [a].[Name], [a].[NormalizedName]
FROM [AspNetRoles] AS [a]
WHERE [a].[NormalizedName] = @normalizedRoleName
2026-03-31 12:55:45.965 +05:30 [INF] Executed DbCommand (7ms) [Parameters=[@p='?' (Size = 450), @p1='?' (Size = 450)], CommandType='"Text"', CommandTimeout='30']
SELECT TOP(1) [a].[UserId], [a].[RoleId]
FROM [AspNetUserRoles] AS [a]
WHERE [a].[UserId] = @p AND [a].[RoleId] = @p1
2026-03-31 12:55:45.982 +05:30 [INF] Executed DbCommand (3ms) [Parameters=[@normalizedRoleName='?' (Size = 256)], CommandType='"Text"', CommandTimeout='30']
SELECT TOP(2) [a].[Id], [a].[ConcurrencyStamp], [a].[Name], [a].[NormalizedName]
FROM [AspNetRoles] AS [a]
WHERE [a].[NormalizedName] = @normalizedRoleName
2026-03-31 12:55:46.047 +05:30 [INF] Executed DbCommand (8ms) [Parameters=[@normalizedUserName='?' (Size = 256)], CommandType='"Text"', CommandTimeout='30']
SELECT TOP(1) [a].[Id], [a].[AccessFailedCount], [a].[ConcurrencyStamp], [a].[CreatedAt], [a].[Email], [a].[EmailConfirmed], [a].[FirstName], [a].[IsActive], [a].[IsMfaEnabled], [a].[LastName], [a].[LockoutEnabled], [a].[LockoutEnd], [a].[NormalizedEmail], [a].[NormalizedUserName], [a].[PasswordHash], [a].[PhoneNumber], [a].[PhoneNumberConfirmed], [a].[ProfileImageUrl], [a].[RefreshToken], [a].[RefreshTokenExpiry], [a].[SecurityStamp], [a].[TwoFactorEnabled], [a].[UpdatedAt], [a].[UserName]
FROM [AspNetUsers] AS [a]
WHERE [a].[NormalizedUserName] = @normalizedUserName
2026-03-31 12:55:46.072 +05:30 [INF] Executed DbCommand (12ms) [Parameters=[@normalizedEmail='?' (Size = 256)], CommandType='"Text"', CommandTimeout='30']
SELECT TOP(2) [a].[Id], [a].[AccessFailedCount], [a].[ConcurrencyStamp], [a].[CreatedAt], [a].[Email], [a].[EmailConfirmed], [a].[FirstName], [a].[IsActive], [a].[IsMfaEnabled], [a].[LastName], [a].[LockoutEnabled], [a].[LockoutEnd], [a].[NormalizedEmail], [a].[NormalizedUserName], [a].[PasswordHash], [a].[PhoneNumber], [a].[PhoneNumberConfirmed], [a].[ProfileImageUrl], [a].[RefreshToken], [a].[RefreshTokenExpiry], [a].[SecurityStamp], [a].[TwoFactorEnabled], [a].[UpdatedAt], [a].[UserName]
FROM [AspNetUsers] AS [a]
WHERE [a].[NormalizedEmail] = @normalizedEmail
2026-03-31 12:55:46.173 +05:30 [INF] Executed DbCommand (23ms) [Parameters=[@p0='?' (Size = 450), @p1='?' (Size = 450), @p25='?' (Size = 450), @p2='?' (DbType = Int32), @p3='?' (Size = 4000), @p26='?' (Size = 4000), @p4='?' (DbType = DateTime2), @p5='?' (Size = 256), @p6='?' (DbType = Boolean), @p7='?' (Size = 50), @p8='?' (DbType = Boolean), @p9='?' (DbType = Boolean), @p10='?' (Size = 50), @p11='?' (DbType = Boolean), @p12='?' (DbType = DateTimeOffset), @p13='?' (Size = 256), @p14='?' (Size = 256), @p15='?' (Size = 4000), @p16='?' (Size = 4000), @p17='?' (DbType = Boolean), @p18='?' (Size = 4000), @p19='?' (Size = 4000), @p20='?' (DbType = DateTime2), @p21='?' (Size = 4000), @p22='?' (DbType = Boolean), @p23='?' (DbType = DateTime2), @p24='?' (Size = 256)], CommandType='"Text"', CommandTimeout='30']
SET NOCOUNT ON;
INSERT INTO [AspNetUserRoles] ([RoleId], [UserId])
VALUES (@p0, @p1);
UPDATE [AspNetUsers] SET [AccessFailedCount] = @p2, [ConcurrencyStamp] = @p3, [CreatedAt] = @p4, [Email] = @p5, [EmailConfirmed] = @p6, [FirstName] = @p7, [IsActive] = @p8, [IsMfaEnabled] = @p9, [LastName] = @p10, [LockoutEnabled] = @p11, [LockoutEnd] = @p12, [NormalizedEmail] = @p13, [NormalizedUserName] = @p14, [PasswordHash] = @p15, [PhoneNumber] = @p16, [PhoneNumberConfirmed] = @p17, [ProfileImageUrl] = @p18, [RefreshToken] = @p19, [RefreshTokenExpiry] = @p20, [SecurityStamp] = @p21, [TwoFactorEnabled] = @p22, [UpdatedAt] = @p23, [UserName] = @p24
OUTPUT 1
WHERE [Id] = @p25 AND [ConcurrencyStamp] = @p26;
2026-03-31 12:55:46.212 +05:30 [INF] Executed DbCommand (8ms) [Parameters=[@userId='?' (Size = 450)], CommandType='"Text"', CommandTimeout='30']
SELECT [a0].[Name]
FROM [AspNetUserRoles] AS [a]
INNER JOIN [AspNetRoles] AS [a0] ON [a].[RoleId] = [a0].[Id]
WHERE [a].[UserId] = @userId
2026-03-31 12:55:46.228 +05:30 [INF] Executed DbCommand (10ms) [Parameters=[@normalizedUserName='?' (Size = 256)], CommandType='"Text"', CommandTimeout='30']
SELECT TOP(1) [a].[Id], [a].[AccessFailedCount], [a].[ConcurrencyStamp], [a].[CreatedAt], [a].[Email], [a].[EmailConfirmed], [a].[FirstName], [a].[IsActive], [a].[IsMfaEnabled], [a].[LastName], [a].[LockoutEnabled], [a].[LockoutEnd], [a].[NormalizedEmail], [a].[NormalizedUserName], [a].[PasswordHash], [a].[PhoneNumber], [a].[PhoneNumberConfirmed], [a].[ProfileImageUrl], [a].[RefreshToken], [a].[RefreshTokenExpiry], [a].[SecurityStamp], [a].[TwoFactorEnabled], [a].[UpdatedAt], [a].[UserName]
FROM [AspNetUsers] AS [a]
WHERE [a].[NormalizedUserName] = @normalizedUserName
2026-03-31 12:55:46.253 +05:30 [INF] Executed DbCommand (9ms) [Parameters=[@normalizedEmail='?' (Size = 256)], CommandType='"Text"', CommandTimeout='30']
SELECT TOP(2) [a].[Id], [a].[AccessFailedCount], [a].[ConcurrencyStamp], [a].[CreatedAt], [a].[Email], [a].[EmailConfirmed], [a].[FirstName], [a].[IsActive], [a].[IsMfaEnabled], [a].[LastName], [a].[LockoutEnabled], [a].[LockoutEnd], [a].[NormalizedEmail], [a].[NormalizedUserName], [a].[PasswordHash], [a].[PhoneNumber], [a].[PhoneNumberConfirmed], [a].[ProfileImageUrl], [a].[RefreshToken], [a].[RefreshTokenExpiry], [a].[SecurityStamp], [a].[TwoFactorEnabled], [a].[UpdatedAt], [a].[UserName]
FROM [AspNetUsers] AS [a]
WHERE [a].[NormalizedEmail] = @normalizedEmail
2026-03-31 12:55:46.281 +05:30 [INF] Executed DbCommand (18ms) [Parameters=[@p23='?' (Size = 450), @p0='?' (DbType = Int32), @p1='?' (Size = 4000), @p24='?' (Size = 4000), @p2='?' (DbType = DateTime2), @p3='?' (Size = 256), @p4='?' (DbType = Boolean), @p5='?' (Size = 50), @p6='?' (DbType = Boolean), @p7='?' (DbType = Boolean), @p8='?' (Size = 50), @p9='?' (DbType = Boolean), @p10='?' (DbType = DateTimeOffset), @p11='?' (Size = 256), @p12='?' (Size = 256), @p13='?' (Size = 4000), @p14='?' (Size = 4000), @p15='?' (DbType = Boolean), @p16='?' (Size = 4000), @p17='?' (Size = 4000), @p18='?' (DbType = DateTime2), @p19='?' (Size = 4000), @p20='?' (DbType = Boolean), @p21='?' (DbType = DateTime2), @p22='?' (Size = 256)], CommandType='"Text"', CommandTimeout='30']
SET IMPLICIT_TRANSACTIONS OFF;
SET NOCOUNT ON;
UPDATE [AspNetUsers] SET [AccessFailedCount] = @p0, [ConcurrencyStamp] = @p1, [CreatedAt] = @p2, [Email] = @p3, [EmailConfirmed] = @p4, [FirstName] = @p5, [IsActive] = @p6, [IsMfaEnabled] = @p7, [LastName] = @p8, [LockoutEnabled] = @p9, [LockoutEnd] = @p10, [NormalizedEmail] = @p11, [NormalizedUserName] = @p12, [PasswordHash] = @p13, [PhoneNumber] = @p14, [PhoneNumberConfirmed] = @p15, [ProfileImageUrl] = @p16, [RefreshToken] = @p17, [RefreshTokenExpiry] = @p18, [SecurityStamp] = @p19, [TwoFactorEnabled] = @p20, [UpdatedAt] = @p21, [UserName] = @p22
OUTPUT 1
WHERE [Id] = @p23 AND [ConcurrencyStamp] = @p24;
2026-03-31 12:55:46.290 +05:30 [INF] Executing OkObjectResult, writing value of type '<>f__AnonymousType0`2[[System.Boolean, System.Private.CoreLib, Version=10.0.0.0, Culture=neutral, PublicKeyToken=7cec85d7bea7798e],[UserService.Application.DTOs.TokenResponseDto, UserService.Application, Version=1.0.0.0, Culture=neutral, PublicKeyToken=null]]'.
2026-03-31 12:55:46.295 +05:30 [INF] Executed action UserService.API.Controllers.AuthController.Register (UserService.API) in 908.7793ms
2026-03-31 12:55:46.307 +05:30 [INF] Executed endpoint 'UserService.API.Controllers.AuthController.Register (UserService.API)'
2026-03-31 12:55:46.320 +05:30 [INF] HTTP POST /api/v1/auth/register responded 200 in 972.9079 ms
2026-03-31 12:55:46.329 +05:30 [INF] Request finished HTTP/1.1 POST http://localhost:5010/api/v1/auth/register - 200 null application/json; charset=utf-8 1006.4156ms
2026-03-31 12:56:00.608 +05:30 [INF] Request starting HTTP/1.1 POST http://localhost:5010/api/v1/auth/login - application/json 69
2026-03-31 12:56:00.620 +05:30 [INF] CORS policy execution successful.
2026-03-31 12:56:00.624 +05:30 [INF] Executing endpoint 'UserService.API.Controllers.AuthController.Login (UserService.API)'
2026-03-31 12:56:00.630 +05:30 [INF] Route matched with {action = "Login", controller = "Auth"}. Executing controller action with signature System.Threading.Tasks.Task`1[Microsoft.AspNetCore.Mvc.IActionResult] Login(UserService.Application.DTOs.LoginDto) on controller UserService.API.Controllers.AuthController (UserService.API).
2026-03-31 12:56:00.659 +05:30 [INF] Executed DbCommand (9ms) [Parameters=[@normalizedEmail='?' (Size = 256)], CommandType='"Text"', CommandTimeout='30']
SELECT TOP(2) [a].[Id], [a].[AccessFailedCount], [a].[ConcurrencyStamp], [a].[CreatedAt], [a].[Email], [a].[EmailConfirmed], [a].[FirstName], [a].[IsActive], [a].[IsMfaEnabled], [a].[LastName], [a].[LockoutEnabled], [a].[LockoutEnd], [a].[NormalizedEmail], [a].[NormalizedUserName], [a].[PasswordHash], [a].[PhoneNumber], [a].[PhoneNumberConfirmed], [a].[ProfileImageUrl], [a].[RefreshToken], [a].[RefreshTokenExpiry], [a].[SecurityStamp], [a].[TwoFactorEnabled], [a].[UpdatedAt], [a].[UserName]
FROM [AspNetUsers] AS [a]
WHERE [a].[NormalizedEmail] = @normalizedEmail
2026-03-31 12:56:00.867 +05:30 [INF] Executed DbCommand (9ms) [Parameters=[@userId='?' (Size = 450)], CommandType='"Text"', CommandTimeout='30']
SELECT [a0].[Name]
FROM [AspNetUserRoles] AS [a]
INNER JOIN [AspNetRoles] AS [a0] ON [a].[RoleId] = [a0].[Id]
WHERE [a].[UserId] = @userId
2026-03-31 12:56:00.883 +05:30 [INF] Executed DbCommand (9ms) [Parameters=[@normalizedUserName='?' (Size = 256)], CommandType='"Text"', CommandTimeout='30']
SELECT TOP(1) [a].[Id], [a].[AccessFailedCount], [a].[ConcurrencyStamp], [a].[CreatedAt], [a].[Email], [a].[EmailConfirmed], [a].[FirstName], [a].[IsActive], [a].[IsMfaEnabled], [a].[LastName], [a].[LockoutEnabled], [a].[LockoutEnd], [a].[NormalizedEmail], [a].[NormalizedUserName], [a].[PasswordHash], [a].[PhoneNumber], [a].[PhoneNumberConfirmed], [a].[ProfileImageUrl], [a].[RefreshToken], [a].[RefreshTokenExpiry], [a].[SecurityStamp], [a].[TwoFactorEnabled], [a].[UpdatedAt], [a].[UserName]
FROM [AspNetUsers] AS [a]
WHERE [a].[NormalizedUserName] = @normalizedUserName
2026-03-31 12:56:00.891 +05:30 [INF] Executed DbCommand (1ms) [Parameters=[@normalizedEmail='?' (Size = 256)], CommandType='"Text"', CommandTimeout='30']
SELECT TOP(2) [a].[Id], [a].[AccessFailedCount], [a].[ConcurrencyStamp], [a].[CreatedAt], [a].[Email], [a].[EmailConfirmed], [a].[FirstName], [a].[IsActive], [a].[IsMfaEnabled], [a].[LastName], [a].[LockoutEnabled], [a].[LockoutEnd], [a].[NormalizedEmail], [a].[NormalizedUserName], [a].[PasswordHash], [a].[PhoneNumber], [a].[PhoneNumberConfirmed], [a].[ProfileImageUrl], [a].[RefreshToken], [a].[RefreshTokenExpiry], [a].[SecurityStamp], [a].[TwoFactorEnabled], [a].[UpdatedAt], [a].[UserName]
FROM [AspNetUsers] AS [a]
WHERE [a].[NormalizedEmail] = @normalizedEmail
2026-03-31 12:56:00.919 +05:30 [INF] Executed DbCommand (19ms) [Parameters=[@p23='?' (Size = 450), @p0='?' (DbType = Int32), @p1='?' (Size = 4000), @p24='?' (Size = 4000), @p2='?' (DbType = DateTime2), @p3='?' (Size = 256), @p4='?' (DbType = Boolean), @p5='?' (Size = 50), @p6='?' (DbType = Boolean), @p7='?' (DbType = Boolean), @p8='?' (Size = 50), @p9='?' (DbType = Boolean), @p10='?' (DbType = DateTimeOffset), @p11='?' (Size = 256), @p12='?' (Size = 256), @p13='?' (Size = 4000), @p14='?' (Size = 4000), @p15='?' (DbType = Boolean), @p16='?' (Size = 4000), @p17='?' (Size = 4000), @p18='?' (DbType = DateTime2), @p19='?' (Size = 4000), @p20='?' (DbType = Boolean), @p21='?' (DbType = DateTime2), @p22='?' (Size = 256)], CommandType='"Text"', CommandTimeout='30']
SET IMPLICIT_TRANSACTIONS OFF;
SET NOCOUNT ON;
UPDATE [AspNetUsers] SET [AccessFailedCount] = @p0, [ConcurrencyStamp] = @p1, [CreatedAt] = @p2, [Email] = @p3, [EmailConfirmed] = @p4, [FirstName] = @p5, [IsActive] = @p6, [IsMfaEnabled] = @p7, [LastName] = @p8, [LockoutEnabled] = @p9, [LockoutEnd] = @p10, [NormalizedEmail] = @p11, [NormalizedUserName] = @p12, [PasswordHash] = @p13, [PhoneNumber] = @p14, [PhoneNumberConfirmed] = @p15, [ProfileImageUrl] = @p16, [RefreshToken] = @p17, [RefreshTokenExpiry] = @p18, [SecurityStamp] = @p19, [TwoFactorEnabled] = @p20, [UpdatedAt] = @p21, [UserName] = @p22
OUTPUT 1
WHERE [Id] = @p23 AND [ConcurrencyStamp] = @p24;
2026-03-31 12:56:00.933 +05:30 [INF] Executing OkObjectResult, writing value of type '<>f__AnonymousType0`2[[System.Boolean, System.Private.CoreLib, Version=10.0.0.0, Culture=neutral, PublicKeyToken=7cec85d7bea7798e],[UserService.Application.DTOs.TokenResponseDto, UserService.Application, Version=1.0.0.0, Culture=neutral, PublicKeyToken=null]]'.
2026-03-31 12:56:00.940 +05:30 [INF] Executed action UserService.API.Controllers.AuthController.Login (UserService.API) in 296.9131ms
2026-03-31 12:56:00.948 +05:30 [INF] Executed endpoint 'UserService.API.Controllers.AuthController.Login (UserService.API)'
2026-03-31 12:56:00.952 +05:30 [INF] HTTP POST /api/v1/auth/login responded 200 in 329.0822 ms
2026-03-31 12:56:00.960 +05:30 [INF] Request finished HTTP/1.1 POST http://localhost:5010/api/v1/auth/login - 200 null application/json; charset=utf-8 351.9087ms
2026-03-31 12:58:11.850 +05:30 [INF] Request starting HTTP/1.1 POST http://localhost:5010/api/v1/auth/send-otp - application/json 96
2026-03-31 12:58:11.857 +05:30 [INF] CORS policy execution successful.
2026-03-31 12:58:11.865 +05:30 [INF] Executing endpoint 'UserService.API.Controllers.AuthController.SendOtp (UserService.API)'
2026-03-31 12:58:11.887 +05:30 [INF] Route matched with {action = "SendOtp", controller = "Auth"}. Executing controller action with signature System.Threading.Tasks.Task`1[Microsoft.AspNetCore.Mvc.IActionResult] SendOtp(UserService.Application.DTOs.SendOtpDto) on controller UserService.API.Controllers.AuthController (UserService.API).
2026-03-31 12:58:11.943 +05:30 [INF] Executed DbCommand (12ms) [Parameters=[@p='?' (Size = 450)], CommandType='"Text"', CommandTimeout='30']
SELECT TOP(1) [a].[Id], [a].[AccessFailedCount], [a].[ConcurrencyStamp], [a].[CreatedAt], [a].[Email], [a].[EmailConfirmed], [a].[FirstName], [a].[IsActive], [a].[IsMfaEnabled], [a].[LastName], [a].[LockoutEnabled], [a].[LockoutEnd], [a].[NormalizedEmail], [a].[NormalizedUserName], [a].[PasswordHash], [a].[PhoneNumber], [a].[PhoneNumberConfirmed], [a].[ProfileImageUrl], [a].[RefreshToken], [a].[RefreshTokenExpiry], [a].[SecurityStamp], [a].[TwoFactorEnabled], [a].[UpdatedAt], [a].[UserName]
FROM [AspNetUsers] AS [a]
WHERE [a].[Id] = @p
2026-03-31 12:58:12.157 +05:30 [INF] Executing BadRequestObjectResult, writing value of type '<>f__AnonymousType1`2[[System.Boolean, System.Private.CoreLib, Version=10.0.0.0, Culture=neutral, PublicKeyToken=7cec85d7bea7798e],[System.String, System.Private.CoreLib, Version=10.0.0.0, Culture=neutral, PublicKeyToken=7cec85d7bea7798e]]'.
2026-03-31 12:58:12.165 +05:30 [INF] Executed action UserService.API.Controllers.AuthController.SendOtp (UserService.API) in 269.1223ms
2026-03-31 12:58:12.174 +05:30 [INF] Executed endpoint 'UserService.API.Controllers.AuthController.SendOtp (UserService.API)'
2026-03-31 12:58:12.180 +05:30 [INF] HTTP POST /api/v1/auth/send-otp responded 400 in 317.9371 ms
2026-03-31 12:58:12.186 +05:30 [INF] Request finished HTTP/1.1 POST http://localhost:5010/api/v1/auth/send-otp - 400 null application/json; charset=utf-8 374.5861ms
2026-03-31 12:59:14.556 +05:30 [INF] Request starting HTTP/1.1 POST http://localhost:5010/api/v1/auth/send-otp - application/json 96
2026-03-31 12:59:14.590 +05:30 [INF] CORS policy execution successful.
2026-03-31 12:59:14.630 +05:30 [INF] Executing endpoint 'UserService.API.Controllers.AuthController.SendOtp (UserService.API)'
2026-03-31 12:59:14.636 +05:30 [INF] Route matched with {action = "SendOtp", controller = "Auth"}. Executing controller action with signature System.Threading.Tasks.Task`1[Microsoft.AspNetCore.Mvc.IActionResult] SendOtp(UserService.Application.DTOs.SendOtpDto) on controller UserService.API.Controllers.AuthController (UserService.API).
2026-03-31 12:59:14.680 +05:30 [INF] Executed DbCommand (16ms) [Parameters=[@p='?' (Size = 450)], CommandType='"Text"', CommandTimeout='30']
SELECT TOP(1) [a].[Id], [a].[AccessFailedCount], [a].[ConcurrencyStamp], [a].[CreatedAt], [a].[Email], [a].[EmailConfirmed], [a].[FirstName], [a].[IsActive], [a].[IsMfaEnabled], [a].[LastName], [a].[LockoutEnabled], [a].[LockoutEnd], [a].[NormalizedEmail], [a].[NormalizedUserName], [a].[PasswordHash], [a].[PhoneNumber], [a].[PhoneNumberConfirmed], [a].[ProfileImageUrl], [a].[RefreshToken], [a].[RefreshTokenExpiry], [a].[SecurityStamp], [a].[TwoFactorEnabled], [a].[UpdatedAt], [a].[UserName]
FROM [AspNetUsers] AS [a]
WHERE [a].[Id] = @p
2026-03-31 12:59:14.693 +05:30 [INF] Executing OkObjectResult, writing value of type '<>f__AnonymousType2`3[[System.Boolean, System.Private.CoreLib, Version=10.0.0.0, Culture=neutral, PublicKeyToken=7cec85d7bea7798e],[System.String, System.Private.CoreLib, Version=10.0.0.0, Culture=neutral, PublicKeyToken=7cec85d7bea7798e],[System.String, System.Private.CoreLib, Version=10.0.0.0, Culture=neutral, PublicKeyToken=7cec85d7bea7798e]]'.
2026-03-31 12:59:14.706 +05:30 [INF] Executed action UserService.API.Controllers.AuthController.SendOtp (UserService.API) in 60.5386ms
2026-03-31 12:59:14.712 +05:30 [INF] Executed endpoint 'UserService.API.Controllers.AuthController.SendOtp (UserService.API)'
2026-03-31 12:59:14.716 +05:30 [INF] HTTP POST /api/v1/auth/send-otp responded 200 in 110.7920 ms
2026-03-31 12:59:14.721 +05:30 [INF] Request finished HTTP/1.1 POST http://localhost:5010/api/v1/auth/send-otp - 200 null application/json; charset=utf-8 165.2768ms
2026-03-31 12:59:52.473 +05:30 [INF] Request starting HTTP/1.1 POST http://localhost:5010/api/v1/auth/send-otp - application/json 96
2026-03-31 12:59:52.508 +05:30 [INF] CORS policy execution successful.
2026-03-31 12:59:52.518 +05:30 [INF] Executing endpoint 'UserService.API.Controllers.AuthController.SendOtp (UserService.API)'
2026-03-31 12:59:52.522 +05:30 [INF] Route matched with {action = "SendOtp", controller = "Auth"}. Executing controller action with signature System.Threading.Tasks.Task`1[Microsoft.AspNetCore.Mvc.IActionResult] SendOtp(UserService.Application.DTOs.SendOtpDto) on controller UserService.API.Controllers.AuthController (UserService.API).
2026-03-31 12:59:52.566 +05:30 [INF] Executed DbCommand (17ms) [Parameters=[@p='?' (Size = 450)], CommandType='"Text"', CommandTimeout='30']
SELECT TOP(1) [a].[Id], [a].[AccessFailedCount], [a].[ConcurrencyStamp], [a].[CreatedAt], [a].[Email], [a].[EmailConfirmed], [a].[FirstName], [a].[IsActive], [a].[IsMfaEnabled], [a].[LastName], [a].[LockoutEnabled], [a].[LockoutEnd], [a].[NormalizedEmail], [a].[NormalizedUserName], [a].[PasswordHash], [a].[PhoneNumber], [a].[PhoneNumberConfirmed], [a].[ProfileImageUrl], [a].[RefreshToken], [a].[RefreshTokenExpiry], [a].[SecurityStamp], [a].[TwoFactorEnabled], [a].[UpdatedAt], [a].[UserName]
FROM [AspNetUsers] AS [a]
WHERE [a].[Id] = @p
2026-03-31 12:59:59.228 +05:30 [INF] Executing OkObjectResult, writing value of type '<>f__AnonymousType2`3[[System.Boolean, System.Private.CoreLib, Version=10.0.0.0, Culture=neutral, PublicKeyToken=7cec85d7bea7798e],[System.String, System.Private.CoreLib, Version=10.0.0.0, Culture=neutral, PublicKeyToken=7cec85d7bea7798e],[System.String, System.Private.CoreLib, Version=10.0.0.0, Culture=neutral, PublicKeyToken=7cec85d7bea7798e]]'.
2026-03-31 12:59:59.233 +05:30 [INF] Executed action UserService.API.Controllers.AuthController.SendOtp (UserService.API) in 6695.4899ms
2026-03-31 12:59:59.266 +05:30 [INF] Executed endpoint 'UserService.API.Controllers.AuthController.SendOtp (UserService.API)'
2026-03-31 12:59:59.268 +05:30 [INF] HTTP POST /api/v1/auth/send-otp responded 200 in 6750.9914 ms
2026-03-31 12:59:59.276 +05:30 [INF] Request finished HTTP/1.1 POST http://localhost:5010/api/v1/auth/send-otp - 200 null application/json; charset=utf-8 6803.568ms
2026-03-31 13:00:54.287 +05:30 [INF] Request starting HTTP/1.1 POST http://localhost:5010/api/v1/auth/verify-otp - application/json 97
2026-03-31 13:00:54.292 +05:30 [INF] CORS policy execution successful.
2026-03-31 13:00:54.298 +05:30 [INF] Executing endpoint 'UserService.API.Controllers.AuthController.VerifyOtp (UserService.API)'
2026-03-31 13:00:54.334 +05:30 [INF] Route matched with {action = "VerifyOtp", controller = "Auth"}. Executing controller action with signature System.Threading.Tasks.Task`1[Microsoft.AspNetCore.Mvc.IActionResult] VerifyOtp(UserService.Application.DTOs.VerifyOtpDto) on controller UserService.API.Controllers.AuthController (UserService.API).
2026-03-31 13:00:54.365 +05:30 [INF] Executing OkObjectResult, writing value of type '<>f__AnonymousType1`2[[System.Boolean, System.Private.CoreLib, Version=10.0.0.0, Culture=neutral, PublicKeyToken=7cec85d7bea7798e],[System.String, System.Private.CoreLib, Version=10.0.0.0, Culture=neutral, PublicKeyToken=7cec85d7bea7798e]]'.
2026-03-31 13:00:54.369 +05:30 [INF] Executed action UserService.API.Controllers.AuthController.VerifyOtp (UserService.API) in 28.7133ms
2026-03-31 13:00:54.376 +05:30 [INF] Executed endpoint 'UserService.API.Controllers.AuthController.VerifyOtp (UserService.API)'
2026-03-31 13:00:54.380 +05:30 [INF] HTTP POST /api/v1/auth/verify-otp responded 200 in 82.6837 ms
2026-03-31 13:00:54.385 +05:30 [INF] Request finished HTTP/1.1 POST http://localhost:5010/api/v1/auth/verify-otp - 200 null application/json; charset=utf-8 99.1714ms
2026-03-31 14:23:11.458 +05:30 [INF] Executed DbCommand (1,489ms) [Parameters=[@normalizedName='?' (Size = 256)], CommandType='"Text"', CommandTimeout='30']
SELECT TOP(1) [a].[Id], [a].[ConcurrencyStamp], [a].[Name], [a].[NormalizedName]
FROM [AspNetRoles] AS [a]
WHERE [a].[NormalizedName] = @normalizedName
2026-03-31 14:23:11.999 +05:30 [INF] Executed DbCommand (34ms) [Parameters=[@normalizedName='?' (Size = 256)], CommandType='"Text"', CommandTimeout='30']
SELECT TOP(1) [a].[Id], [a].[ConcurrencyStamp], [a].[Name], [a].[NormalizedName]
FROM [AspNetRoles] AS [a]
WHERE [a].[NormalizedName] = @normalizedName
2026-03-31 14:23:12.046 +05:30 [INF] Executed DbCommand (18ms) [Parameters=[@normalizedName='?' (Size = 256)], CommandType='"Text"', CommandTimeout='30']
SELECT TOP(1) [a].[Id], [a].[ConcurrencyStamp], [a].[Name], [a].[NormalizedName]
FROM [AspNetRoles] AS [a]
WHERE [a].[NormalizedName] = @normalizedName
2026-03-31 14:23:13.654 +05:30 [INF] Executed DbCommand (21ms) [Parameters=[], CommandType='"Text"', CommandTimeout='30']
SELECT 1
2026-03-31 14:23:13.758 +05:30 [INF] Acquiring an exclusive lock for migration application. See https://aka.ms/efcore-docs-migrations-lock for more information if this takes too long.
2026-03-31 14:23:13.869 +05:30 [INF] Executed DbCommand (34ms) [Parameters=[], CommandType='"Text"', CommandTimeout='30']
DECLARE @result int;
EXEC @result = sp_getapplock @Resource = '__EFMigrationsLock', @LockOwner = 'Session', @LockMode = 'Exclusive';
SELECT @result
2026-03-31 14:23:14.640 +05:30 [INF] Executed DbCommand (9ms) [Parameters=[], CommandType='"Text"', CommandTimeout='30']
IF OBJECT_ID(N'[__EFMigrationsHistory]') IS NULL
BEGIN
    CREATE TABLE [__EFMigrationsHistory] (
        [MigrationId] nvarchar(150) NOT NULL,
        [ProductVersion] nvarchar(32) NOT NULL,
        CONSTRAINT [PK___EFMigrationsHistory] PRIMARY KEY ([MigrationId])
    );
END;
2026-03-31 14:23:15.131 +05:30 [INF] Executed DbCommand (151ms) [Parameters=[], CommandType='"Text"', CommandTimeout='30']
SELECT 1
2026-03-31 14:23:15.882 +05:30 [INF] Executed DbCommand (35ms) [Parameters=[], CommandType='"Text"', CommandTimeout='30']
SELECT OBJECT_ID(N'[__EFMigrationsHistory]');
2026-03-31 14:23:16.025 +05:30 [INF] Executed DbCommand (38ms) [Parameters=[], CommandType='"Text"', CommandTimeout='30']
SELECT [MigrationId], [ProductVersion]
FROM [__EFMigrationsHistory]
ORDER BY [MigrationId];
2026-03-31 14:23:16.161 +05:30 [INF] No migrations were applied. The database is already up to date.
2026-03-31 14:23:16.451 +05:30 [INF] Executed DbCommand (34ms) [Parameters=[], CommandType='"Text"', CommandTimeout='30']
DECLARE @result int;
EXEC @result = sp_releaseapplock @Resource = '__EFMigrationsLock', @LockOwner = 'Session';
SELECT @result
2026-03-31 14:23:17.680 +05:30 [INF] User profile is available. Using 'C:\Users\Satvik\AppData\Local\ASP.NET\DataProtection-Keys' as key repository and Windows DPAPI to encrypt keys at rest.
2026-03-31 14:23:18.936 +05:30 [WRN] The WebRootPath was not found: C:\Users\Satvik\Desktop\capg\MicroservicesAssesment\Services\UserService\UserService.API\wwwroot. Static files may be unavailable.
2026-03-31 14:23:19.769 +05:30 [INF] Now listening on: http://localhost:5010
2026-03-31 14:23:21.004 +05:30 [INF] Request starting HTTP/1.1 GET http://localhost:5010/ - null null
2026-03-31 14:23:21.458 +05:30 [INF] Application started. Press Ctrl+C to shut down.
2026-03-31 14:23:22.015 +05:30 [INF] Hosting environment: Development
2026-03-31 14:23:22.246 +05:30 [INF] Content root path: C:\Users\Satvik\Desktop\capg\MicroservicesAssesment\Services\UserService\UserService.API
2026-03-31 14:23:30.528 +05:30 [INF] HTTP GET / responded 404 in 6514.7861 ms
2026-03-31 14:23:31.427 +05:30 [INF] Request finished HTTP/1.1 GET http://localhost:5010/ - 404 null null 10453.1522ms
2026-03-31 14:23:32.229 +05:30 [INF] Request reached the end of the middleware pipeline without being handled by application code. Request path: GET http://localhost:5010/, Response status code: 404
2026-03-31 14:23:53.209 +05:30 [INF] Request starting HTTP/1.1 GET http://localhost:5010/swagger/index.html - null null
2026-03-31 14:23:54.113 +05:30 [INF] HTTP GET /swagger/index.html responded 304 in 527.6332 ms
2026-03-31 14:23:54.127 +05:30 [INF] Request finished HTTP/1.1 GET http://localhost:5010/swagger/index.html - 304 null null 923.3161ms
2026-03-31 14:23:59.370 +05:30 [INF] Request starting HTTP/1.1 GET http://localhost:5010/swagger/swagger-ui.css - null null
2026-03-31 14:23:59.405 +05:30 [INF] Request starting HTTP/1.1 GET http://localhost:5010/swagger/index.css - null null
2026-03-31 14:23:59.424 +05:30 [INF] Request starting HTTP/1.1 GET http://localhost:5010/swagger/index.js - null null
2026-03-31 14:23:59.405 +05:30 [INF] Request starting HTTP/1.1 GET http://localhost:5010/swagger/swagger-ui-bundle.js - null null
2026-03-31 14:23:59.406 +05:30 [INF] Request starting HTTP/1.1 GET http://localhost:5010/swagger/swagger-ui-standalone-preset.js - null null
2026-03-31 14:23:59.433 +05:30 [INF] Request starting HTTP/1.1 GET http://localhost:5010/_framework/aspnetcore-browser-refresh.js - null null
2026-03-31 14:23:59.446 +05:30 [INF] HTTP GET /swagger/swagger-ui.css responded 304 in 61.7430 ms
2026-03-31 14:23:59.446 +05:30 [INF] HTTP GET /swagger/index.css responded 304 in 8.0492 ms
2026-03-31 14:23:59.447 +05:30 [INF] HTTP GET /swagger/index.js responded 304 in 1.4534 ms
2026-03-31 14:23:59.474 +05:30 [INF] HTTP GET /swagger/swagger-ui-bundle.js responded 304 in 21.2039 ms
2026-03-31 14:23:59.538 +05:30 [INF] Request finished HTTP/1.1 GET http://localhost:5010/swagger/index.js - 304 null null 113.568ms
2026-03-31 14:23:59.477 +05:30 [INF] Request finished HTTP/1.1 GET http://localhost:5010/swagger/swagger-ui.css - 304 null null 106.5494ms
2026-03-31 14:23:59.528 +05:30 [INF] Request finished HTTP/1.1 GET http://localhost:5010/swagger/index.css - 304 null null 123.3039ms
2026-03-31 14:23:59.470 +05:30 [INF] HTTP GET /swagger/swagger-ui-standalone-preset.js responded 304 in 10.4381 ms
2026-03-31 14:23:59.530 +05:30 [INF] Request finished HTTP/1.1 GET http://localhost:5010/_framework/aspnetcore-browser-refresh.js - 200 14935 application/javascript; charset=utf-8 97.7195ms
2026-03-31 14:23:59.556 +05:30 [INF] Request finished HTTP/1.1 GET http://localhost:5010/swagger/swagger-ui-bundle.js - 304 null null 151.4683ms
2026-03-31 14:23:59.576 +05:30 [INF] Request starting HTTP/1.1 GET http://localhost:5010/_vs/browserLink - null null
2026-03-31 14:23:59.594 +05:30 [INF] Request finished HTTP/1.1 GET http://localhost:5010/swagger/swagger-ui-standalone-preset.js - 304 null null 188.1027ms
2026-03-31 14:24:00.373 +05:30 [INF] Request finished HTTP/1.1 GET http://localhost:5010/_vs/browserLink - 200 null text/javascript; charset=UTF-8 796.5125ms
2026-03-31 14:24:00.510 +05:30 [INF] Request starting HTTP/1.1 GET http://localhost:5010/swagger/v1/swagger.json - null null
2026-03-31 14:24:00.681 +05:30 [INF] HTTP GET /swagger/v1/swagger.json responded 200 in 156.5270 ms
2026-03-31 14:24:00.695 +05:30 [INF] Request finished HTTP/1.1 GET http://localhost:5010/swagger/v1/swagger.json - 200 null application/json;charset=utf-8 184.8068ms
2026-03-31 14:26:02.813 +05:30 [INF] Executed DbCommand (1,034ms) [Parameters=[@normalizedName='?' (Size = 256)], CommandType='"Text"', CommandTimeout='30']
SELECT TOP(1) [a].[Id], [a].[ConcurrencyStamp], [a].[Name], [a].[NormalizedName]
FROM [AspNetRoles] AS [a]
WHERE [a].[NormalizedName] = @normalizedName
2026-03-31 14:26:03.978 +05:30 [INF] Executed DbCommand (37ms) [Parameters=[@normalizedName='?' (Size = 256)], CommandType='"Text"', CommandTimeout='30']
SELECT TOP(1) [a].[Id], [a].[ConcurrencyStamp], [a].[Name], [a].[NormalizedName]
FROM [AspNetRoles] AS [a]
WHERE [a].[NormalizedName] = @normalizedName
2026-03-31 14:26:04.195 +05:30 [INF] Executed DbCommand (35ms) [Parameters=[@normalizedName='?' (Size = 256)], CommandType='"Text"', CommandTimeout='30']
SELECT TOP(1) [a].[Id], [a].[ConcurrencyStamp], [a].[Name], [a].[NormalizedName]
FROM [AspNetRoles] AS [a]
WHERE [a].[NormalizedName] = @normalizedName
2026-03-31 14:26:06.094 +05:30 [INF] Executed DbCommand (38ms) [Parameters=[], CommandType='"Text"', CommandTimeout='30']
SELECT 1
2026-03-31 14:26:06.555 +05:30 [INF] Acquiring an exclusive lock for migration application. See https://aka.ms/efcore-docs-migrations-lock for more information if this takes too long.
2026-03-31 14:26:06.780 +05:30 [INF] Executed DbCommand (38ms) [Parameters=[], CommandType='"Text"', CommandTimeout='30']
DECLARE @result int;
EXEC @result = sp_getapplock @Resource = '__EFMigrationsLock', @LockOwner = 'Session', @LockMode = 'Exclusive';
SELECT @result
2026-03-31 14:26:08.666 +05:30 [INF] Executed DbCommand (15ms) [Parameters=[], CommandType='"Text"', CommandTimeout='30']
IF OBJECT_ID(N'[__EFMigrationsHistory]') IS NULL
BEGIN
    CREATE TABLE [__EFMigrationsHistory] (
        [MigrationId] nvarchar(150) NOT NULL,
        [ProductVersion] nvarchar(32) NOT NULL,
        CONSTRAINT [PK___EFMigrationsHistory] PRIMARY KEY ([MigrationId])
    );
END;
2026-03-31 14:26:09.430 +05:30 [INF] Executed DbCommand (15ms) [Parameters=[], CommandType='"Text"', CommandTimeout='30']
SELECT 1
2026-03-31 14:26:09.595 +05:30 [INF] Executed DbCommand (29ms) [Parameters=[], CommandType='"Text"', CommandTimeout='30']
SELECT OBJECT_ID(N'[__EFMigrationsHistory]');
2026-03-31 14:26:09.896 +05:30 [INF] Executed DbCommand (73ms) [Parameters=[], CommandType='"Text"', CommandTimeout='30']
SELECT [MigrationId], [ProductVersion]
FROM [__EFMigrationsHistory]
ORDER BY [MigrationId];
2026-03-31 14:26:10.403 +05:30 [INF] No migrations were applied. The database is already up to date.
2026-03-31 14:26:10.756 +05:30 [INF] Executed DbCommand (36ms) [Parameters=[], CommandType='"Text"', CommandTimeout='30']
DECLARE @result int;
EXEC @result = sp_releaseapplock @Resource = '__EFMigrationsLock', @LockOwner = 'Session';
SELECT @result
2026-03-31 14:26:12.643 +05:30 [INF] User profile is available. Using 'C:\Users\Satvik\AppData\Local\ASP.NET\DataProtection-Keys' as key repository and Windows DPAPI to encrypt keys at rest.
2026-03-31 14:26:14.264 +05:30 [WRN] The WebRootPath was not found: C:\Users\Satvik\Desktop\capg\MicroservicesAssesment\Services\UserService\UserService.API\wwwroot. Static files may be unavailable.
2026-03-31 14:26:15.339 +05:30 [INF] Now listening on: http://localhost:5010
2026-03-31 14:26:16.221 +05:30 [INF] Request starting HTTP/1.1 GET http://localhost:5010/ - null null
2026-03-31 14:26:16.232 +05:30 [INF] Application started. Press Ctrl+C to shut down.
2026-03-31 14:26:16.856 +05:30 [INF] Hosting environment: Development
2026-03-31 14:26:16.974 +05:30 [INF] Content root path: C:\Users\Satvik\Desktop\capg\MicroservicesAssesment\Services\UserService\UserService.API
2026-03-31 14:26:18.758 +05:30 [INF] HTTP GET / responded 404 in 500.3537 ms
2026-03-31 14:26:19.069 +05:30 [INF] Request finished HTTP/1.1 GET http://localhost:5010/ - 404 null null 2856.2545ms
2026-03-31 14:26:19.603 +05:30 [INF] Request reached the end of the middleware pipeline without being handled by application code. Request path: GET http://localhost:5010/, Response status code: 404
2026-03-31 14:27:01.643 +05:30 [INF] Request starting HTTP/1.1 GET http://localhost:5010/api/v1/oauth/google - null null
2026-03-31 14:27:01.728 +05:30 [INF] Executing endpoint 'UserService.API.Controllers.OAuthController.GoogleLogin (UserService.API)'
2026-03-31 14:27:01.788 +05:30 [INF] Route matched with {action = "GoogleLogin", controller = "OAuth"}. Executing controller action with signature Microsoft.AspNetCore.Mvc.IActionResult GoogleLogin() on controller UserService.API.Controllers.OAuthController (UserService.API).
2026-03-31 14:27:01.911 +05:30 [INF] Executing ChallengeResult with authentication schemes (["Google"]).
2026-03-31 14:27:01.977 +05:30 [INF] AuthenticationScheme: Google was challenged.
2026-03-31 14:27:01.993 +05:30 [INF] Executed action UserService.API.Controllers.OAuthController.GoogleLogin (UserService.API) in 183.4407ms
2026-03-31 14:27:01.998 +05:30 [INF] Executed endpoint 'UserService.API.Controllers.OAuthController.GoogleLogin (UserService.API)'
2026-03-31 14:27:02.002 +05:30 [INF] HTTP GET /api/v1/oauth/google responded 302 in 282.0612 ms
2026-03-31 14:27:02.018 +05:30 [INF] Request finished HTTP/1.1 GET http://localhost:5010/api/v1/oauth/google - 302 null null 374.3644ms
2026-03-31 14:27:02.621 +05:30 [INF] Request starting HTTP/1.1 GET http://localhost:5010/api/v1/oauth/google - null null
2026-03-31 14:27:02.660 +05:30 [INF] Executing endpoint 'UserService.API.Controllers.OAuthController.GoogleLogin (UserService.API)'
2026-03-31 14:27:02.666 +05:30 [INF] Route matched with {action = "GoogleLogin", controller = "OAuth"}. Executing controller action with signature Microsoft.AspNetCore.Mvc.IActionResult GoogleLogin() on controller UserService.API.Controllers.OAuthController (UserService.API).
2026-03-31 14:27:02.706 +05:30 [INF] Executing ChallengeResult with authentication schemes (["Google"]).
2026-03-31 14:27:02.715 +05:30 [INF] AuthenticationScheme: Google was challenged.
2026-03-31 14:27:02.721 +05:30 [INF] Executed action UserService.API.Controllers.OAuthController.GoogleLogin (UserService.API) in 44.8172ms
2026-03-31 14:27:02.730 +05:30 [INF] Executed endpoint 'UserService.API.Controllers.OAuthController.GoogleLogin (UserService.API)'
2026-03-31 14:27:02.736 +05:30 [INF] HTTP GET /api/v1/oauth/google responded 302 in 91.1677 ms
2026-03-31 14:27:02.744 +05:30 [INF] Request finished HTTP/1.1 GET http://localhost:5010/api/v1/oauth/google - 302 null null 122.6662ms
2026-03-31 14:28:03.045 +05:30 [INF] Executed DbCommand (194ms) [Parameters=[@normalizedName='?' (Size = 256)], CommandType='"Text"', CommandTimeout='30']
SELECT TOP(1) [a].[Id], [a].[ConcurrencyStamp], [a].[Name], [a].[NormalizedName]
FROM [AspNetRoles] AS [a]
WHERE [a].[NormalizedName] = @normalizedName
2026-03-31 14:28:03.573 +05:30 [INF] Executed DbCommand (21ms) [Parameters=[@normalizedName='?' (Size = 256)], CommandType='"Text"', CommandTimeout='30']
SELECT TOP(1) [a].[Id], [a].[ConcurrencyStamp], [a].[Name], [a].[NormalizedName]
FROM [AspNetRoles] AS [a]
WHERE [a].[NormalizedName] = @normalizedName
2026-03-31 14:28:03.676 +05:30 [INF] Executed DbCommand (16ms) [Parameters=[@normalizedName='?' (Size = 256)], CommandType='"Text"', CommandTimeout='30']
SELECT TOP(1) [a].[Id], [a].[ConcurrencyStamp], [a].[Name], [a].[NormalizedName]
FROM [AspNetRoles] AS [a]
WHERE [a].[NormalizedName] = @normalizedName
2026-03-31 14:28:04.917 +05:30 [INF] Executed DbCommand (24ms) [Parameters=[], CommandType='"Text"', CommandTimeout='30']
SELECT 1
2026-03-31 14:28:05.436 +05:30 [INF] Acquiring an exclusive lock for migration application. See https://aka.ms/efcore-docs-migrations-lock for more information if this takes too long.
2026-03-31 14:28:05.567 +05:30 [INF] Executed DbCommand (34ms) [Parameters=[], CommandType='"Text"', CommandTimeout='30']
DECLARE @result int;
EXEC @result = sp_getapplock @Resource = '__EFMigrationsLock', @LockOwner = 'Session', @LockMode = 'Exclusive';
SELECT @result
2026-03-31 14:28:06.083 +05:30 [INF] Executed DbCommand (5ms) [Parameters=[], CommandType='"Text"', CommandTimeout='30']
IF OBJECT_ID(N'[__EFMigrationsHistory]') IS NULL
BEGIN
    CREATE TABLE [__EFMigrationsHistory] (
        [MigrationId] nvarchar(150) NOT NULL,
        [ProductVersion] nvarchar(32) NOT NULL,
        CONSTRAINT [PK___EFMigrationsHistory] PRIMARY KEY ([MigrationId])
    );
END;
2026-03-31 14:28:06.276 +05:30 [INF] Executed DbCommand (10ms) [Parameters=[], CommandType='"Text"', CommandTimeout='30']
SELECT 1
2026-03-31 14:28:06.385 +05:30 [INF] Executed DbCommand (9ms) [Parameters=[], CommandType='"Text"', CommandTimeout='30']
SELECT OBJECT_ID(N'[__EFMigrationsHistory]');
2026-03-31 14:28:06.475 +05:30 [INF] Executed DbCommand (25ms) [Parameters=[], CommandType='"Text"', CommandTimeout='30']
SELECT [MigrationId], [ProductVersion]
FROM [__EFMigrationsHistory]
ORDER BY [MigrationId];
2026-03-31 14:28:06.600 +05:30 [INF] No migrations were applied. The database is already up to date.
2026-03-31 14:28:06.747 +05:30 [INF] Executed DbCommand (31ms) [Parameters=[], CommandType='"Text"', CommandTimeout='30']
DECLARE @result int;
EXEC @result = sp_releaseapplock @Resource = '__EFMigrationsLock', @LockOwner = 'Session';
SELECT @result
2026-03-31 14:28:08.090 +05:30 [INF] User profile is available. Using 'C:\Users\Satvik\AppData\Local\ASP.NET\DataProtection-Keys' as key repository and Windows DPAPI to encrypt keys at rest.
2026-03-31 14:28:09.113 +05:30 [WRN] The WebRootPath was not found: C:\Users\Satvik\Desktop\capg\MicroservicesAssesment\Services\UserService\UserService.API\wwwroot. Static files may be unavailable.
2026-03-31 14:28:10.797 +05:30 [INF] Now listening on: http://localhost:5010
2026-03-31 14:28:11.777 +05:30 [INF] Request starting HTTP/1.1 GET http://localhost:5010/ - null null
2026-03-31 14:28:13.777 +05:30 [INF] Application started. Press Ctrl+C to shut down.
2026-03-31 14:28:13.991 +05:30 [INF] Hosting environment: Development
2026-03-31 14:28:14.226 +05:30 [INF] Content root path: C:\Users\Satvik\Desktop\capg\MicroservicesAssesment\Services\UserService\UserService.API
2026-03-31 14:28:14.727 +05:30 [INF] HTTP GET / responded 404 in 592.5154 ms
2026-03-31 14:28:15.200 +05:30 [INF] Request finished HTTP/1.1 GET http://localhost:5010/ - 404 null null 3453.424ms
2026-03-31 14:28:15.324 +05:30 [INF] Request reached the end of the middleware pipeline without being handled by application code. Request path: GET http://localhost:5010/, Response status code: 404
2026-03-31 14:28:36.685 +05:30 [INF] Request starting HTTP/1.1 GET http://localhost:5010/api/v1/oauth/google - null null
2026-03-31 14:28:36.747 +05:30 [INF] Executing endpoint 'UserService.API.Controllers.OAuthController.GoogleLogin (UserService.API)'
2026-03-31 14:28:36.817 +05:30 [INF] Route matched with {action = "GoogleLogin", controller = "OAuth"}. Executing controller action with signature Microsoft.AspNetCore.Mvc.IActionResult GoogleLogin() on controller UserService.API.Controllers.OAuthController (UserService.API).
2026-03-31 14:28:36.925 +05:30 [INF] Executing ChallengeResult with authentication schemes (["Google"]).
2026-03-31 14:28:36.988 +05:30 [INF] AuthenticationScheme: Google was challenged.
2026-03-31 14:28:37.004 +05:30 [INF] Executed action UserService.API.Controllers.OAuthController.GoogleLogin (UserService.API) in 166.0258ms
2026-03-31 14:28:37.009 +05:30 [INF] Executed endpoint 'UserService.API.Controllers.OAuthController.GoogleLogin (UserService.API)'
2026-03-31 14:28:37.018 +05:30 [INF] HTTP GET /api/v1/oauth/google responded 302 in 279.1626 ms
2026-03-31 14:28:37.032 +05:30 [INF] Request finished HTTP/1.1 GET http://localhost:5010/api/v1/oauth/google - 302 null null 346.8461ms
2026-03-31 14:28:48.904 +05:30 [INF] Request starting HTTP/1.1 GET http://localhost:5010/api/v1/oauth/google/callback?state=CfDJ8JI37Z2AfLlCivbtZ7LS8snopU4s8JFcUbqxN0OA80Hccr_iKgCoZROWgYxeJgCSBxj57cR-wl1PY45hcosN_XVR1uN_M2qIi2n7LJH9M2ftu0NIfiTXbe-ZnN0WmodgIoSKruCXH-4dgJ05_1AFCz8b2ZSh5hlcZXT6-XOnof8Gs5tnx9_0zqHyaf9tIF0pxNP34emIB1bImLWSfWxTpnYSmYosG8fLnt-QgJpqGhjm_DavmgGmNNeThuZCdSEr0CWASmiTQ2mkdNl07pA7zFFaM-6XHdisQ80MdxDs8tnK2fyLOrNKx7Fxj3flROa3LKIT9cc_CQShkK8lJ-U-4YjySVklhiMnGRDnFKXZgmYG&iss=https%3A%2F%2Faccounts.google.com&code=4%2F0Aci98E-EC1bI5rOFv9hb3KEUjJ-hbCFtsFNhdNjwLLYru-wJPbcSeohqU2bnLui1ZWlfYg&scope=email+profile+https%3A%2F%2Fwww.googleapis.com%2Fauth%2Fuserinfo.profile+https%3A%2F%2Fwww.googleapis.com%2Fauth%2Fuserinfo.email+openid&authuser=1&prompt=consent - null null
2026-03-31 14:28:50.011 +05:30 [INF] AuthenticationScheme: Cookies signed in.
2026-03-31 14:28:50.022 +05:30 [INF] HTTP GET /api/v1/oauth/google/callback responded 302 in 1097.5963 ms
2026-03-31 14:28:50.033 +05:30 [INF] Request finished HTTP/1.1 GET http://localhost:5010/api/v1/oauth/google/callback?state=CfDJ8JI37Z2AfLlCivbtZ7LS8snopU4s8JFcUbqxN0OA80Hccr_iKgCoZROWgYxeJgCSBxj57cR-wl1PY45hcosN_XVR1uN_M2qIi2n7LJH9M2ftu0NIfiTXbe-ZnN0WmodgIoSKruCXH-4dgJ05_1AFCz8b2ZSh5hlcZXT6-XOnof8Gs5tnx9_0zqHyaf9tIF0pxNP34emIB1bImLWSfWxTpnYSmYosG8fLnt-QgJpqGhjm_DavmgGmNNeThuZCdSEr0CWASmiTQ2mkdNl07pA7zFFaM-6XHdisQ80MdxDs8tnK2fyLOrNKx7Fxj3flROa3LKIT9cc_CQShkK8lJ-U-4YjySVklhiMnGRDnFKXZgmYG&iss=https%3A%2F%2Faccounts.google.com&code=4%2F0Aci98E-EC1bI5rOFv9hb3KEUjJ-hbCFtsFNhdNjwLLYru-wJPbcSeohqU2bnLui1ZWlfYg&scope=email+profile+https%3A%2F%2Fwww.googleapis.com%2Fauth%2Fuserinfo.profile+https%3A%2F%2Fwww.googleapis.com%2Fauth%2Fuserinfo.email+openid&authuser=1&prompt=consent - 302 null null 1129.2607ms
2026-03-31 14:28:50.046 +05:30 [INF] Request starting HTTP/1.1 GET http://localhost:5010/api/v1/oauth/google/callback - null null
2026-03-31 14:28:50.066 +05:30 [INF] Error from RemoteAuthentication: The oauth state was missing or invalid..
2026-03-31 14:28:50.077 +05:30 [ERR] HTTP GET /api/v1/oauth/google/callback responded 500 in 12.5006 ms
Microsoft.AspNetCore.Authentication.AuthenticationFailureException: An error was encountered while handling the remote login.
 ---> Microsoft.AspNetCore.Authentication.AuthenticationFailureException: The oauth state was missing or invalid.
   --- End of inner exception stack trace ---
   at Microsoft.AspNetCore.Authentication.RemoteAuthenticationHandler`1.HandleRequestAsync()
   at Microsoft.AspNetCore.Authentication.AuthenticationMiddleware.Invoke(HttpContext context)
   at Swashbuckle.AspNetCore.SwaggerUI.SwaggerUIMiddleware.Invoke(HttpContext httpContext)
   at Swashbuckle.AspNetCore.Swagger.SwaggerMiddleware.Invoke(HttpContext httpContext, ISwaggerProvider swaggerProvider)
   at Serilog.AspNetCore.RequestLoggingMiddleware.Invoke(HttpContext httpContext)
2026-03-31 14:28:50.159 +05:30 [ERR] An unhandled exception has occurred while executing the request.
Microsoft.AspNetCore.Authentication.AuthenticationFailureException: An error was encountered while handling the remote login.
 ---> Microsoft.AspNetCore.Authentication.AuthenticationFailureException: The oauth state was missing or invalid.
   --- End of inner exception stack trace ---
   at Microsoft.AspNetCore.Authentication.RemoteAuthenticationHandler`1.HandleRequestAsync()
   at Microsoft.AspNetCore.Authentication.AuthenticationMiddleware.Invoke(HttpContext context)
   at Swashbuckle.AspNetCore.SwaggerUI.SwaggerUIMiddleware.Invoke(HttpContext httpContext)
   at Swashbuckle.AspNetCore.Swagger.SwaggerMiddleware.Invoke(HttpContext httpContext, ISwaggerProvider swaggerProvider)
   at Serilog.AspNetCore.RequestLoggingMiddleware.Invoke(HttpContext httpContext)
   at Microsoft.AspNetCore.Session.SessionMiddleware.Invoke(HttpContext context)
   at Microsoft.AspNetCore.Session.SessionMiddleware.Invoke(HttpContext context)
   at Microsoft.AspNetCore.Diagnostics.DeveloperExceptionPageMiddlewareImpl.Invoke(HttpContext context)
2026-03-31 14:28:50.394 +05:30 [INF] Request finished HTTP/1.1 GET http://localhost:5010/api/v1/oauth/google/callback - 500 null text/html; charset=utf-8 348.2864ms
2026-03-31 14:28:50.586 +05:30 [INF] Request starting HTTP/1.1 GET http://localhost:5010/_vs/browserLink - null null
2026-03-31 14:28:50.588 +05:30 [INF] Request starting HTTP/1.1 GET http://localhost:5010/_framework/aspnetcore-browser-refresh.js - null null
2026-03-31 14:28:50.656 +05:30 [INF] Request finished HTTP/1.1 GET http://localhost:5010/_framework/aspnetcore-browser-refresh.js - 200 14935 application/javascript; charset=utf-8 68.1923ms
2026-03-31 14:28:50.776 +05:30 [INF] Request finished HTTP/1.1 GET http://localhost:5010/_vs/browserLink - 200 null text/javascript; charset=UTF-8 189.9085ms
2026-03-31 14:28:50.837 +05:30 [INF] Request starting HTTP/1.1 GET http://localhost:5010/favicon.ico - null null
2026-03-31 14:28:50.850 +05:30 [INF] HTTP GET /favicon.ico responded 404 in 5.0146 ms
2026-03-31 14:28:50.859 +05:30 [INF] Request finished HTTP/1.1 GET http://localhost:5010/favicon.ico - 404 0 null 21.8311ms
2026-03-31 14:28:50.868 +05:30 [INF] Request reached the end of the middleware pipeline without being handled by application code. Request path: GET http://localhost:5010/favicon.ico, Response status code: 404
2026-03-31 14:29:21.581 +05:30 [INF] Request starting HTTP/1.1 GET http://localhost:5010/swagger/index.html - null null
2026-03-31 14:29:21.790 +05:30 [INF] HTTP GET /swagger/index.html responded 304 in 191.3273 ms
2026-03-31 14:29:21.798 +05:30 [INF] Request finished HTTP/1.1 GET http://localhost:5010/swagger/index.html - 304 null null 216.746ms
2026-03-31 14:29:21.845 +05:30 [INF] Request starting HTTP/1.1 GET http://localhost:5010/swagger/swagger-ui.css - null null
2026-03-31 14:29:21.846 +05:30 [INF] Request starting HTTP/1.1 GET http://localhost:5010/swagger/index.css - null null
2026-03-31 14:29:21.896 +05:30 [INF] Request starting HTTP/1.1 GET http://localhost:5010/swagger/swagger-ui-bundle.js - null null
2026-03-31 14:29:21.932 +05:30 [INF] HTTP GET /swagger/index.css responded 304 in 21.6578 ms
2026-03-31 14:29:21.932 +05:30 [INF] HTTP GET /swagger/swagger-ui.css responded 304 in 31.7910 ms
2026-03-31 14:29:21.938 +05:30 [INF] Request finished HTTP/1.1 GET http://localhost:5010/swagger/index.css - 304 null null 91.8865ms
2026-03-31 14:29:21.943 +05:30 [INF] HTTP GET /swagger/swagger-ui-bundle.js responded 304 in 22.4277 ms
2026-03-31 14:29:21.945 +05:30 [INF] Request finished HTTP/1.1 GET http://localhost:5010/swagger/swagger-ui.css - 304 null null 100.0453ms
2026-03-31 14:29:21.953 +05:30 [INF] Request starting HTTP/1.1 GET http://localhost:5010/swagger/swagger-ui-standalone-preset.js - null null
2026-03-31 14:29:21.957 +05:30 [INF] Request finished HTTP/1.1 GET http://localhost:5010/swagger/swagger-ui-bundle.js - 304 null null 60.2717ms
2026-03-31 14:29:21.965 +05:30 [INF] Request starting HTTP/1.1 GET http://localhost:5010/swagger/index.js - null null
2026-03-31 14:29:21.979 +05:30 [INF] HTTP GET /swagger/swagger-ui-standalone-preset.js responded 304 in 7.6486 ms
2026-03-31 14:29:21.991 +05:30 [INF] Request starting HTTP/1.1 GET http://localhost:5010/_framework/aspnetcore-browser-refresh.js - null null
2026-03-31 14:29:21.998 +05:30 [INF] HTTP GET /swagger/index.js responded 304 in 0.7110 ms
2026-03-31 14:29:22.004 +05:30 [INF] Request finished HTTP/1.1 GET http://localhost:5010/swagger/swagger-ui-standalone-preset.js - 304 null null 51.2564ms
2026-03-31 14:29:22.022 +05:30 [INF] Request finished HTTP/1.1 GET http://localhost:5010/_framework/aspnetcore-browser-refresh.js - 200 14935 application/javascript; charset=utf-8 31.7138ms
2026-03-31 14:29:22.031 +05:30 [INF] Request finished HTTP/1.1 GET http://localhost:5010/swagger/index.js - 304 null null 66.3093ms
2026-03-31 14:29:22.088 +05:30 [INF] Request starting HTTP/1.1 GET http://localhost:5010/_vs/browserLink - null null
2026-03-31 14:29:22.154 +05:30 [INF] Request finished HTTP/1.1 GET http://localhost:5010/_vs/browserLink - 200 null text/javascript; charset=UTF-8 66.142ms
2026-03-31 14:29:22.290 +05:30 [INF] Request starting HTTP/1.1 GET http://localhost:5010/swagger/v1/swagger.json - null null
2026-03-31 14:29:22.363 +05:30 [INF] HTTP GET /swagger/v1/swagger.json responded 200 in 63.2848 ms
2026-03-31 14:29:22.371 +05:30 [INF] Request finished HTTP/1.1 GET http://localhost:5010/swagger/v1/swagger.json - 200 null application/json;charset=utf-8 81.4045ms
2026-03-31 14:29:31.748 +05:30 [INF] Request starting HTTP/1.1 GET http://localhost:5010/api/v1/oauth/google/callback - null null
2026-03-31 14:29:31.774 +05:30 [INF] Error from RemoteAuthentication: The oauth state was missing or invalid..
2026-03-31 14:29:31.785 +05:30 [ERR] HTTP GET /api/v1/oauth/google/callback responded 500 in 12.3091 ms
Microsoft.AspNetCore.Authentication.AuthenticationFailureException: An error was encountered while handling the remote login.
 ---> Microsoft.AspNetCore.Authentication.AuthenticationFailureException: The oauth state was missing or invalid.
   --- End of inner exception stack trace ---
   at Microsoft.AspNetCore.Authentication.RemoteAuthenticationHandler`1.HandleRequestAsync()
   at Microsoft.AspNetCore.Authentication.AuthenticationMiddleware.Invoke(HttpContext context)
   at Swashbuckle.AspNetCore.SwaggerUI.SwaggerUIMiddleware.Invoke(HttpContext httpContext)
   at Swashbuckle.AspNetCore.Swagger.SwaggerMiddleware.Invoke(HttpContext httpContext, ISwaggerProvider swaggerProvider)
   at Serilog.AspNetCore.RequestLoggingMiddleware.Invoke(HttpContext httpContext)
2026-03-31 14:29:31.813 +05:30 [ERR] An unhandled exception has occurred while executing the request.
Microsoft.AspNetCore.Authentication.AuthenticationFailureException: An error was encountered while handling the remote login.
 ---> Microsoft.AspNetCore.Authentication.AuthenticationFailureException: The oauth state was missing or invalid.
   --- End of inner exception stack trace ---
   at Microsoft.AspNetCore.Authentication.RemoteAuthenticationHandler`1.HandleRequestAsync()
   at Microsoft.AspNetCore.Authentication.AuthenticationMiddleware.Invoke(HttpContext context)
   at Swashbuckle.AspNetCore.SwaggerUI.SwaggerUIMiddleware.Invoke(HttpContext httpContext)
   at Swashbuckle.AspNetCore.Swagger.SwaggerMiddleware.Invoke(HttpContext httpContext, ISwaggerProvider swaggerProvider)
   at Serilog.AspNetCore.RequestLoggingMiddleware.Invoke(HttpContext httpContext)
   at Microsoft.AspNetCore.Session.SessionMiddleware.Invoke(HttpContext context)
   at Microsoft.AspNetCore.Session.SessionMiddleware.Invoke(HttpContext context)
   at Microsoft.AspNetCore.Diagnostics.DeveloperExceptionPageMiddlewareImpl.Invoke(HttpContext context)
2026-03-31 14:29:31.881 +05:30 [INF] Request finished HTTP/1.1 GET http://localhost:5010/api/v1/oauth/google/callback - 500 null text/plain; charset=utf-8 132.6818ms
2026-03-31 14:33:45.946 +05:30 [INF] Request starting HTTP/1.1 POST http://localhost:5010/api/v1/auth/login - application/json 69
2026-03-31 14:33:45.978 +05:30 [INF] CORS policy execution successful.
2026-03-31 14:33:45.994 +05:30 [INF] Executing endpoint 'UserService.API.Controllers.AuthController.Login (UserService.API)'
2026-03-31 14:33:46.092 +05:30 [INF] Route matched with {action = "Login", controller = "Auth"}. Executing controller action with signature System.Threading.Tasks.Task`1[Microsoft.AspNetCore.Mvc.IActionResult] Login(UserService.Application.DTOs.LoginDto) on controller UserService.API.Controllers.AuthController (UserService.API).
2026-03-31 14:33:46.883 +05:30 [INF] Executed DbCommand (135ms) [Parameters=[@normalizedEmail='?' (Size = 256)], CommandType='"Text"', CommandTimeout='30']
SELECT TOP(2) [a].[Id], [a].[AccessFailedCount], [a].[ConcurrencyStamp], [a].[CreatedAt], [a].[Email], [a].[EmailConfirmed], [a].[FirstName], [a].[IsActive], [a].[IsMfaEnabled], [a].[LastName], [a].[LockoutEnabled], [a].[LockoutEnd], [a].[NormalizedEmail], [a].[NormalizedUserName], [a].[PasswordHash], [a].[PhoneNumber], [a].[PhoneNumberConfirmed], [a].[ProfileImageUrl], [a].[RefreshToken], [a].[RefreshTokenExpiry], [a].[SecurityStamp], [a].[TwoFactorEnabled], [a].[UpdatedAt], [a].[UserName]
FROM [AspNetUsers] AS [a]
WHERE [a].[NormalizedEmail] = @normalizedEmail
2026-03-31 14:33:47.586 +05:30 [INF] Executed DbCommand (28ms) [Parameters=[@userId='?' (Size = 450)], CommandType='"Text"', CommandTimeout='30']
SELECT [a0].[Name]
FROM [AspNetUserRoles] AS [a]
INNER JOIN [AspNetRoles] AS [a0] ON [a].[RoleId] = [a0].[Id]
WHERE [a].[UserId] = @userId
2026-03-31 14:33:48.074 +05:30 [INF] Executed DbCommand (22ms) [Parameters=[@normalizedUserName='?' (Size = 256)], CommandType='"Text"', CommandTimeout='30']
SELECT TOP(1) [a].[Id], [a].[AccessFailedCount], [a].[ConcurrencyStamp], [a].[CreatedAt], [a].[Email], [a].[EmailConfirmed], [a].[FirstName], [a].[IsActive], [a].[IsMfaEnabled], [a].[LastName], [a].[LockoutEnabled], [a].[LockoutEnd], [a].[NormalizedEmail], [a].[NormalizedUserName], [a].[PasswordHash], [a].[PhoneNumber], [a].[PhoneNumberConfirmed], [a].[ProfileImageUrl], [a].[RefreshToken], [a].[RefreshTokenExpiry], [a].[SecurityStamp], [a].[TwoFactorEnabled], [a].[UpdatedAt], [a].[UserName]
FROM [AspNetUsers] AS [a]
WHERE [a].[NormalizedUserName] = @normalizedUserName
2026-03-31 14:33:48.153 +05:30 [INF] Executed DbCommand (17ms) [Parameters=[@normalizedEmail='?' (Size = 256)], CommandType='"Text"', CommandTimeout='30']
SELECT TOP(2) [a].[Id], [a].[AccessFailedCount], [a].[ConcurrencyStamp], [a].[CreatedAt], [a].[Email], [a].[EmailConfirmed], [a].[FirstName], [a].[IsActive], [a].[IsMfaEnabled], [a].[LastName], [a].[LockoutEnabled], [a].[LockoutEnd], [a].[NormalizedEmail], [a].[NormalizedUserName], [a].[PasswordHash], [a].[PhoneNumber], [a].[PhoneNumberConfirmed], [a].[ProfileImageUrl], [a].[RefreshToken], [a].[RefreshTokenExpiry], [a].[SecurityStamp], [a].[TwoFactorEnabled], [a].[UpdatedAt], [a].[UserName]
FROM [AspNetUsers] AS [a]
WHERE [a].[NormalizedEmail] = @normalizedEmail
2026-03-31 14:33:48.721 +05:30 [INF] Executed DbCommand (98ms) [Parameters=[@p23='?' (Size = 450), @p0='?' (DbType = Int32), @p1='?' (Size = 4000), @p24='?' (Size = 4000), @p2='?' (DbType = DateTime2), @p3='?' (Size = 256), @p4='?' (DbType = Boolean), @p5='?' (Size = 50), @p6='?' (DbType = Boolean), @p7='?' (DbType = Boolean), @p8='?' (Size = 50), @p9='?' (DbType = Boolean), @p10='?' (DbType = DateTimeOffset), @p11='?' (Size = 256), @p12='?' (Size = 256), @p13='?' (Size = 4000), @p14='?' (Size = 4000), @p15='?' (DbType = Boolean), @p16='?' (Size = 4000), @p17='?' (Size = 4000), @p18='?' (DbType = DateTime2), @p19='?' (Size = 4000), @p20='?' (DbType = Boolean), @p21='?' (DbType = DateTime2), @p22='?' (Size = 256)], CommandType='"Text"', CommandTimeout='30']
SET IMPLICIT_TRANSACTIONS OFF;
SET NOCOUNT ON;
UPDATE [AspNetUsers] SET [AccessFailedCount] = @p0, [ConcurrencyStamp] = @p1, [CreatedAt] = @p2, [Email] = @p3, [EmailConfirmed] = @p4, [FirstName] = @p5, [IsActive] = @p6, [IsMfaEnabled] = @p7, [LastName] = @p8, [LockoutEnabled] = @p9, [LockoutEnd] = @p10, [NormalizedEmail] = @p11, [NormalizedUserName] = @p12, [PasswordHash] = @p13, [PhoneNumber] = @p14, [PhoneNumberConfirmed] = @p15, [ProfileImageUrl] = @p16, [RefreshToken] = @p17, [RefreshTokenExpiry] = @p18, [SecurityStamp] = @p19, [TwoFactorEnabled] = @p20, [UpdatedAt] = @p21, [UserName] = @p22
OUTPUT 1
WHERE [Id] = @p23 AND [ConcurrencyStamp] = @p24;
2026-03-31 14:33:48.828 +05:30 [INF] Executing OkObjectResult, writing value of type '<>f__AnonymousType0`2[[System.Boolean, System.Private.CoreLib, Version=10.0.0.0, Culture=neutral, PublicKeyToken=7cec85d7bea7798e],[UserService.Application.DTOs.TokenResponseDto, UserService.Application, Version=1.0.0.0, Culture=neutral, PublicKeyToken=null]]'.
2026-03-31 14:33:48.881 +05:30 [INF] Executed action UserService.API.Controllers.AuthController.Login (UserService.API) in 2784.1136ms
2026-03-31 14:33:48.891 +05:30 [INF] Executed endpoint 'UserService.API.Controllers.AuthController.Login (UserService.API)'
2026-03-31 14:33:48.896 +05:30 [INF] HTTP POST /api/v1/auth/login responded 200 in 2905.3357 ms
2026-03-31 14:33:48.916 +05:30 [INF] Request finished HTTP/1.1 POST http://localhost:5010/api/v1/auth/login - 200 null application/json; charset=utf-8 2970.5338ms
2026-03-31 14:34:45.319 +05:30 [INF] Request starting HTTP/1.1 POST http://localhost:5010/api/v1/auth/send-otp - application/json 99
2026-03-31 14:34:45.332 +05:30 [INF] CORS policy execution successful.
2026-03-31 14:34:45.537 +05:30 [INF] Executing endpoint 'UserService.API.Controllers.AuthController.SendOtp (UserService.API)'
2026-03-31 14:34:45.561 +05:30 [INF] Route matched with {action = "SendOtp", controller = "Auth"}. Executing controller action with signature System.Threading.Tasks.Task`1[Microsoft.AspNetCore.Mvc.IActionResult] SendOtp(UserService.Application.DTOs.SendOtpDto) on controller UserService.API.Controllers.AuthController (UserService.API).
2026-03-31 14:34:45.726 +05:30 [INF] Executed DbCommand (13ms) [Parameters=[@p='?' (Size = 450)], CommandType='"Text"', CommandTimeout='30']
SELECT TOP(1) [a].[Id], [a].[AccessFailedCount], [a].[ConcurrencyStamp], [a].[CreatedAt], [a].[Email], [a].[EmailConfirmed], [a].[FirstName], [a].[IsActive], [a].[IsMfaEnabled], [a].[LastName], [a].[LockoutEnabled], [a].[LockoutEnd], [a].[NormalizedEmail], [a].[NormalizedUserName], [a].[PasswordHash], [a].[PhoneNumber], [a].[PhoneNumberConfirmed], [a].[ProfileImageUrl], [a].[RefreshToken], [a].[RefreshTokenExpiry], [a].[SecurityStamp], [a].[TwoFactorEnabled], [a].[UpdatedAt], [a].[UserName]
FROM [AspNetUsers] AS [a]
WHERE [a].[Id] = @p
2026-03-31 14:34:47.552 +05:30 [INF] Executing OkObjectResult, writing value of type '<>f__AnonymousType2`3[[System.Boolean, System.Private.CoreLib, Version=10.0.0.0, Culture=neutral, PublicKeyToken=7cec85d7bea7798e],[System.String, System.Private.CoreLib, Version=10.0.0.0, Culture=neutral, PublicKeyToken=7cec85d7bea7798e],[System.String, System.Private.CoreLib, Version=10.0.0.0, Culture=neutral, PublicKeyToken=7cec85d7bea7798e]]'.
2026-03-31 14:34:47.562 +05:30 [INF] Executed action UserService.API.Controllers.AuthController.SendOtp (UserService.API) in 1998.1449ms
2026-03-31 14:34:47.566 +05:30 [INF] Executed endpoint 'UserService.API.Controllers.AuthController.SendOtp (UserService.API)'
2026-03-31 14:34:47.568 +05:30 [INF] HTTP POST /api/v1/auth/send-otp responded 200 in 2233.1402 ms
2026-03-31 14:34:47.580 +05:30 [INF] Request finished HTTP/1.1 POST http://localhost:5010/api/v1/auth/send-otp - 200 null application/json; charset=utf-8 2261.1398ms
2026-03-31 14:35:33.345 +05:30 [INF] Request starting HTTP/1.1 POST http://localhost:5010/api/v1/auth/send-otp - application/json 99
2026-03-31 14:35:33.356 +05:30 [INF] CORS policy execution successful.
2026-03-31 14:35:33.362 +05:30 [INF] Executing endpoint 'UserService.API.Controllers.AuthController.SendOtp (UserService.API)'
2026-03-31 14:35:33.374 +05:30 [INF] Route matched with {action = "SendOtp", controller = "Auth"}. Executing controller action with signature System.Threading.Tasks.Task`1[Microsoft.AspNetCore.Mvc.IActionResult] SendOtp(UserService.Application.DTOs.SendOtpDto) on controller UserService.API.Controllers.AuthController (UserService.API).
2026-03-31 14:35:33.442 +05:30 [INF] Executed DbCommand (21ms) [Parameters=[@p='?' (Size = 450)], CommandType='"Text"', CommandTimeout='30']
SELECT TOP(1) [a].[Id], [a].[AccessFailedCount], [a].[ConcurrencyStamp], [a].[CreatedAt], [a].[Email], [a].[EmailConfirmed], [a].[FirstName], [a].[IsActive], [a].[IsMfaEnabled], [a].[LastName], [a].[LockoutEnabled], [a].[LockoutEnd], [a].[NormalizedEmail], [a].[NormalizedUserName], [a].[PasswordHash], [a].[PhoneNumber], [a].[PhoneNumberConfirmed], [a].[ProfileImageUrl], [a].[RefreshToken], [a].[RefreshTokenExpiry], [a].[SecurityStamp], [a].[TwoFactorEnabled], [a].[UpdatedAt], [a].[UserName]
FROM [AspNetUsers] AS [a]
WHERE [a].[Id] = @p
2026-03-31 14:35:33.900 +05:30 [INF] Executing OkObjectResult, writing value of type '<>f__AnonymousType2`3[[System.Boolean, System.Private.CoreLib, Version=10.0.0.0, Culture=neutral, PublicKeyToken=7cec85d7bea7798e],[System.String, System.Private.CoreLib, Version=10.0.0.0, Culture=neutral, PublicKeyToken=7cec85d7bea7798e],[System.String, System.Private.CoreLib, Version=10.0.0.0, Culture=neutral, PublicKeyToken=7cec85d7bea7798e]]'.
2026-03-31 14:35:33.906 +05:30 [INF] Executed action UserService.API.Controllers.AuthController.SendOtp (UserService.API) in 522.9809ms
2026-03-31 14:35:33.910 +05:30 [INF] Executed endpoint 'UserService.API.Controllers.AuthController.SendOtp (UserService.API)'
2026-03-31 14:35:33.912 +05:30 [INF] HTTP POST /api/v1/auth/send-otp responded 200 in 553.1632 ms
2026-03-31 14:35:33.915 +05:30 [INF] Request finished HTTP/1.1 POST http://localhost:5010/api/v1/auth/send-otp - 200 null application/json; charset=utf-8 570.6428ms
2026-03-31 14:35:51.693 +05:30 [INF] Request starting HTTP/1.1 POST http://localhost:5010/api/v1/auth/send-otp - application/json 94
2026-03-31 14:35:51.704 +05:30 [INF] CORS policy execution successful.
2026-03-31 14:35:51.733 +05:30 [INF] Executing endpoint 'UserService.API.Controllers.AuthController.SendOtp (UserService.API)'
2026-03-31 14:35:51.738 +05:30 [INF] Route matched with {action = "SendOtp", controller = "Auth"}. Executing controller action with signature System.Threading.Tasks.Task`1[Microsoft.AspNetCore.Mvc.IActionResult] SendOtp(UserService.Application.DTOs.SendOtpDto) on controller UserService.API.Controllers.AuthController (UserService.API).
2026-03-31 14:35:51.761 +05:30 [INF] Executed DbCommand (12ms) [Parameters=[@p='?' (Size = 450)], CommandType='"Text"', CommandTimeout='30']
SELECT TOP(1) [a].[Id], [a].[AccessFailedCount], [a].[ConcurrencyStamp], [a].[CreatedAt], [a].[Email], [a].[EmailConfirmed], [a].[FirstName], [a].[IsActive], [a].[IsMfaEnabled], [a].[LastName], [a].[LockoutEnabled], [a].[LockoutEnd], [a].[NormalizedEmail], [a].[NormalizedUserName], [a].[PasswordHash], [a].[PhoneNumber], [a].[PhoneNumberConfirmed], [a].[ProfileImageUrl], [a].[RefreshToken], [a].[RefreshTokenExpiry], [a].[SecurityStamp], [a].[TwoFactorEnabled], [a].[UpdatedAt], [a].[UserName]
FROM [AspNetUsers] AS [a]
WHERE [a].[Id] = @p
2026-03-31 14:35:53.561 +05:30 [INF] Executing BadRequestObjectResult, writing value of type '<>f__AnonymousType1`2[[System.Boolean, System.Private.CoreLib, Version=10.0.0.0, Culture=neutral, PublicKeyToken=7cec85d7bea7798e],[System.String, System.Private.CoreLib, Version=10.0.0.0, Culture=neutral, PublicKeyToken=7cec85d7bea7798e]]'.
2026-03-31 14:35:53.568 +05:30 [INF] Executed action UserService.API.Controllers.AuthController.SendOtp (UserService.API) in 1822.8026ms
2026-03-31 14:35:53.574 +05:30 [INF] Executed endpoint 'UserService.API.Controllers.AuthController.SendOtp (UserService.API)'
2026-03-31 14:35:53.578 +05:30 [INF] HTTP POST /api/v1/auth/send-otp responded 400 in 1870.6789 ms
2026-03-31 14:35:53.582 +05:30 [INF] Request finished HTTP/1.1 POST http://localhost:5010/api/v1/auth/send-otp - 400 null application/json; charset=utf-8 1888.9331ms
2026-03-31 14:36:14.170 +05:30 [INF] Request starting HTTP/1.1 POST http://localhost:5010/api/v1/auth/send-otp - application/json 96
2026-03-31 14:36:14.189 +05:30 [INF] CORS policy execution successful.
2026-03-31 14:36:14.193 +05:30 [INF] Executing endpoint 'UserService.API.Controllers.AuthController.SendOtp (UserService.API)'
2026-03-31 14:36:14.199 +05:30 [INF] Route matched with {action = "SendOtp", controller = "Auth"}. Executing controller action with signature System.Threading.Tasks.Task`1[Microsoft.AspNetCore.Mvc.IActionResult] SendOtp(UserService.Application.DTOs.SendOtpDto) on controller UserService.API.Controllers.AuthController (UserService.API).
2026-03-31 14:36:14.242 +05:30 [INF] Executed DbCommand (26ms) [Parameters=[@p='?' (Size = 450)], CommandType='"Text"', CommandTimeout='30']
SELECT TOP(1) [a].[Id], [a].[AccessFailedCount], [a].[ConcurrencyStamp], [a].[CreatedAt], [a].[Email], [a].[EmailConfirmed], [a].[FirstName], [a].[IsActive], [a].[IsMfaEnabled], [a].[LastName], [a].[LockoutEnabled], [a].[LockoutEnd], [a].[NormalizedEmail], [a].[NormalizedUserName], [a].[PasswordHash], [a].[PhoneNumber], [a].[PhoneNumberConfirmed], [a].[ProfileImageUrl], [a].[RefreshToken], [a].[RefreshTokenExpiry], [a].[SecurityStamp], [a].[TwoFactorEnabled], [a].[UpdatedAt], [a].[UserName]
FROM [AspNetUsers] AS [a]
WHERE [a].[Id] = @p
2026-03-31 14:36:21.010 +05:30 [INF] Executing OkObjectResult, writing value of type '<>f__AnonymousType2`3[[System.Boolean, System.Private.CoreLib, Version=10.0.0.0, Culture=neutral, PublicKeyToken=7cec85d7bea7798e],[System.String, System.Private.CoreLib, Version=10.0.0.0, Culture=neutral, PublicKeyToken=7cec85d7bea7798e],[System.String, System.Private.CoreLib, Version=10.0.0.0, Culture=neutral, PublicKeyToken=7cec85d7bea7798e]]'.
2026-03-31 14:36:21.015 +05:30 [INF] Executed action UserService.API.Controllers.AuthController.SendOtp (UserService.API) in 6803.3624ms
2026-03-31 14:36:21.018 +05:30 [INF] Executed endpoint 'UserService.API.Controllers.AuthController.SendOtp (UserService.API)'
2026-03-31 14:36:21.020 +05:30 [INF] HTTP POST /api/v1/auth/send-otp responded 200 in 6828.3317 ms
2026-03-31 14:36:21.025 +05:30 [INF] Request finished HTTP/1.1 POST http://localhost:5010/api/v1/auth/send-otp - 200 null application/json; charset=utf-8 6854.6367ms
2026-03-31 14:37:04.121 +05:30 [INF] Request starting HTTP/1.1 POST http://localhost:5010/api/v1/auth/send-otp - application/json 94
2026-03-31 14:37:04.150 +05:30 [INF] CORS policy execution successful.
2026-03-31 14:37:04.158 +05:30 [INF] Executing endpoint 'UserService.API.Controllers.AuthController.SendOtp (UserService.API)'
2026-03-31 14:37:04.165 +05:30 [INF] Route matched with {action = "SendOtp", controller = "Auth"}. Executing controller action with signature System.Threading.Tasks.Task`1[Microsoft.AspNetCore.Mvc.IActionResult] SendOtp(UserService.Application.DTOs.SendOtpDto) on controller UserService.API.Controllers.AuthController (UserService.API).
2026-03-31 14:37:04.203 +05:30 [INF] Executed DbCommand (16ms) [Parameters=[@p='?' (Size = 450)], CommandType='"Text"', CommandTimeout='30']
SELECT TOP(1) [a].[Id], [a].[AccessFailedCount], [a].[ConcurrencyStamp], [a].[CreatedAt], [a].[Email], [a].[EmailConfirmed], [a].[FirstName], [a].[IsActive], [a].[IsMfaEnabled], [a].[LastName], [a].[LockoutEnabled], [a].[LockoutEnd], [a].[NormalizedEmail], [a].[NormalizedUserName], [a].[PasswordHash], [a].[PhoneNumber], [a].[PhoneNumberConfirmed], [a].[ProfileImageUrl], [a].[RefreshToken], [a].[RefreshTokenExpiry], [a].[SecurityStamp], [a].[TwoFactorEnabled], [a].[UpdatedAt], [a].[UserName]
FROM [AspNetUsers] AS [a]
WHERE [a].[Id] = @p
2026-03-31 14:37:05.100 +05:30 [INF] Executing BadRequestObjectResult, writing value of type '<>f__AnonymousType1`2[[System.Boolean, System.Private.CoreLib, Version=10.0.0.0, Culture=neutral, PublicKeyToken=7cec85d7bea7798e],[System.String, System.Private.CoreLib, Version=10.0.0.0, Culture=neutral, PublicKeyToken=7cec85d7bea7798e]]'.
2026-03-31 14:37:05.105 +05:30 [INF] Executed action UserService.API.Controllers.AuthController.SendOtp (UserService.API) in 929.0019ms
2026-03-31 14:37:05.110 +05:30 [INF] Executed endpoint 'UserService.API.Controllers.AuthController.SendOtp (UserService.API)'
2026-03-31 14:37:05.114 +05:30 [INF] HTTP POST /api/v1/auth/send-otp responded 400 in 957.1164 ms
2026-03-31 14:37:05.118 +05:30 [INF] Request finished HTTP/1.1 POST http://localhost:5010/api/v1/auth/send-otp - 400 null application/json; charset=utf-8 996.9264ms
2026-03-31 14:37:11.832 +05:30 [INF] Request starting HTTP/1.1 POST http://localhost:5010/api/v1/auth/send-otp - application/json 94
2026-03-31 14:37:11.839 +05:30 [INF] CORS policy execution successful.
2026-03-31 14:37:11.842 +05:30 [INF] Executing endpoint 'UserService.API.Controllers.AuthController.SendOtp (UserService.API)'
2026-03-31 14:37:11.845 +05:30 [INF] Route matched with {action = "SendOtp", controller = "Auth"}. Executing controller action with signature System.Threading.Tasks.Task`1[Microsoft.AspNetCore.Mvc.IActionResult] SendOtp(UserService.Application.DTOs.SendOtpDto) on controller UserService.API.Controllers.AuthController (UserService.API).
2026-03-31 14:37:11.876 +05:30 [INF] Executed DbCommand (4ms) [Parameters=[@p='?' (Size = 450)], CommandType='"Text"', CommandTimeout='30']
SELECT TOP(1) [a].[Id], [a].[AccessFailedCount], [a].[ConcurrencyStamp], [a].[CreatedAt], [a].[Email], [a].[EmailConfirmed], [a].[FirstName], [a].[IsActive], [a].[IsMfaEnabled], [a].[LastName], [a].[LockoutEnabled], [a].[LockoutEnd], [a].[NormalizedEmail], [a].[NormalizedUserName], [a].[PasswordHash], [a].[PhoneNumber], [a].[PhoneNumberConfirmed], [a].[ProfileImageUrl], [a].[RefreshToken], [a].[RefreshTokenExpiry], [a].[SecurityStamp], [a].[TwoFactorEnabled], [a].[UpdatedAt], [a].[UserName]
FROM [AspNetUsers] AS [a]
WHERE [a].[Id] = @p
2026-03-31 14:37:12.712 +05:30 [INF] Executing BadRequestObjectResult, writing value of type '<>f__AnonymousType1`2[[System.Boolean, System.Private.CoreLib, Version=10.0.0.0, Culture=neutral, PublicKeyToken=7cec85d7bea7798e],[System.String, System.Private.CoreLib, Version=10.0.0.0, Culture=neutral, PublicKeyToken=7cec85d7bea7798e]]'.
2026-03-31 14:37:12.725 +05:30 [INF] Executed action UserService.API.Controllers.AuthController.SendOtp (UserService.API) in 864.5464ms
2026-03-31 14:37:12.732 +05:30 [INF] Executed endpoint 'UserService.API.Controllers.AuthController.SendOtp (UserService.API)'
2026-03-31 14:37:12.735 +05:30 [INF] HTTP POST /api/v1/auth/send-otp responded 400 in 893.8697 ms
2026-03-31 14:37:12.748 +05:30 [INF] Request finished HTTP/1.1 POST http://localhost:5010/api/v1/auth/send-otp - 400 null application/json; charset=utf-8 916.3573ms
2026-03-31 14:37:47.145 +05:30 [INF] Request starting HTTP/1.1 PUT http://localhost:5010/api/v1/users/profile - application/json 87
2026-03-31 14:37:47.157 +05:30 [INF] CORS policy execution successful.
2026-03-31 14:37:47.162 +05:30 [INF] Executing endpoint 'UserService.API.Controllers.UserController.UpdateProfile (UserService.API)'
2026-03-31 14:37:47.180 +05:30 [INF] Route matched with {action = "UpdateProfile", controller = "User"}. Executing controller action with signature System.Threading.Tasks.Task`1[Microsoft.AspNetCore.Mvc.IActionResult] UpdateProfile(UserService.Application.DTOs.UpdateProfileDto) on controller UserService.API.Controllers.UserController (UserService.API).
2026-03-31 14:37:47.226 +05:30 [INF] Executed DbCommand (16ms) [Parameters=[@p='?' (Size = 450)], CommandType='"Text"', CommandTimeout='30']
SELECT TOP(1) [a].[Id], [a].[AccessFailedCount], [a].[ConcurrencyStamp], [a].[CreatedAt], [a].[Email], [a].[EmailConfirmed], [a].[FirstName], [a].[IsActive], [a].[IsMfaEnabled], [a].[LastName], [a].[LockoutEnabled], [a].[LockoutEnd], [a].[NormalizedEmail], [a].[NormalizedUserName], [a].[PasswordHash], [a].[PhoneNumber], [a].[PhoneNumberConfirmed], [a].[ProfileImageUrl], [a].[RefreshToken], [a].[RefreshTokenExpiry], [a].[SecurityStamp], [a].[TwoFactorEnabled], [a].[UpdatedAt], [a].[UserName]
FROM [AspNetUsers] AS [a]
WHERE [a].[Id] = @p
2026-03-31 14:37:47.250 +05:30 [INF] Executed DbCommand (12ms) [Parameters=[@normalizedUserName='?' (Size = 256)], CommandType='"Text"', CommandTimeout='30']
SELECT TOP(1) [a].[Id], [a].[AccessFailedCount], [a].[ConcurrencyStamp], [a].[CreatedAt], [a].[Email], [a].[EmailConfirmed], [a].[FirstName], [a].[IsActive], [a].[IsMfaEnabled], [a].[LastName], [a].[LockoutEnabled], [a].[LockoutEnd], [a].[NormalizedEmail], [a].[NormalizedUserName], [a].[PasswordHash], [a].[PhoneNumber], [a].[PhoneNumberConfirmed], [a].[ProfileImageUrl], [a].[RefreshToken], [a].[RefreshTokenExpiry], [a].[SecurityStamp], [a].[TwoFactorEnabled], [a].[UpdatedAt], [a].[UserName]
FROM [AspNetUsers] AS [a]
WHERE [a].[NormalizedUserName] = @normalizedUserName
2026-03-31 14:37:47.267 +05:30 [INF] Executed DbCommand (10ms) [Parameters=[@normalizedEmail='?' (Size = 256)], CommandType='"Text"', CommandTimeout='30']
SELECT TOP(2) [a].[Id], [a].[AccessFailedCount], [a].[ConcurrencyStamp], [a].[CreatedAt], [a].[Email], [a].[EmailConfirmed], [a].[FirstName], [a].[IsActive], [a].[IsMfaEnabled], [a].[LastName], [a].[LockoutEnabled], [a].[LockoutEnd], [a].[NormalizedEmail], [a].[NormalizedUserName], [a].[PasswordHash], [a].[PhoneNumber], [a].[PhoneNumberConfirmed], [a].[ProfileImageUrl], [a].[RefreshToken], [a].[RefreshTokenExpiry], [a].[SecurityStamp], [a].[TwoFactorEnabled], [a].[UpdatedAt], [a].[UserName]
FROM [AspNetUsers] AS [a]
WHERE [a].[NormalizedEmail] = @normalizedEmail
2026-03-31 14:37:47.317 +05:30 [INF] Executed DbCommand (40ms) [Parameters=[@p23='?' (Size = 450), @p0='?' (DbType = Int32), @p1='?' (Size = 4000), @p24='?' (Size = 4000), @p2='?' (DbType = DateTime2), @p3='?' (Size = 256), @p4='?' (DbType = Boolean), @p5='?' (Size = 50), @p6='?' (DbType = Boolean), @p7='?' (DbType = Boolean), @p8='?' (Size = 50), @p9='?' (DbType = Boolean), @p10='?' (DbType = DateTimeOffset), @p11='?' (Size = 256), @p12='?' (Size = 256), @p13='?' (Size = 4000), @p14='?' (Size = 4000), @p15='?' (DbType = Boolean), @p16='?' (Size = 4000), @p17='?' (Size = 4000), @p18='?' (DbType = DateTime2), @p19='?' (Size = 4000), @p20='?' (DbType = Boolean), @p21='?' (DbType = DateTime2), @p22='?' (Size = 256)], CommandType='"Text"', CommandTimeout='30']
SET IMPLICIT_TRANSACTIONS OFF;
SET NOCOUNT ON;
UPDATE [AspNetUsers] SET [AccessFailedCount] = @p0, [ConcurrencyStamp] = @p1, [CreatedAt] = @p2, [Email] = @p3, [EmailConfirmed] = @p4, [FirstName] = @p5, [IsActive] = @p6, [IsMfaEnabled] = @p7, [LastName] = @p8, [LockoutEnabled] = @p9, [LockoutEnd] = @p10, [NormalizedEmail] = @p11, [NormalizedUserName] = @p12, [PasswordHash] = @p13, [PhoneNumber] = @p14, [PhoneNumberConfirmed] = @p15, [ProfileImageUrl] = @p16, [RefreshToken] = @p17, [RefreshTokenExpiry] = @p18, [SecurityStamp] = @p19, [TwoFactorEnabled] = @p20, [UpdatedAt] = @p21, [UserName] = @p22
OUTPUT 1
WHERE [Id] = @p23 AND [ConcurrencyStamp] = @p24;
2026-03-31 14:37:47.339 +05:30 [INF] Executed DbCommand (10ms) [Parameters=[@userId='?' (Size = 450)], CommandType='"Text"', CommandTimeout='30']
SELECT [a0].[Name]
FROM [AspNetUserRoles] AS [a]
INNER JOIN [AspNetRoles] AS [a0] ON [a].[RoleId] = [a0].[Id]
WHERE [a].[UserId] = @userId
2026-03-31 14:37:47.348 +05:30 [INF] Executing OkObjectResult, writing value of type '<>f__AnonymousType0`2[[System.Boolean, System.Private.CoreLib, Version=10.0.0.0, Culture=neutral, PublicKeyToken=7cec85d7bea7798e],[UserService.Application.DTOs.UserProfileDto, UserService.Application, Version=1.0.0.0, Culture=neutral, PublicKeyToken=null]]'.
2026-03-31 14:37:47.363 +05:30 [INF] Executed action UserService.API.Controllers.UserController.UpdateProfile (UserService.API) in 173.8018ms
2026-03-31 14:37:47.366 +05:30 [INF] Executed endpoint 'UserService.API.Controllers.UserController.UpdateProfile (UserService.API)'
2026-03-31 14:37:47.371 +05:30 [INF] HTTP PUT /api/v1/users/profile responded 200 in 211.0081 ms
2026-03-31 14:37:47.376 +05:30 [INF] Request finished HTTP/1.1 PUT http://localhost:5010/api/v1/users/profile - 200 null application/json; charset=utf-8 264.2599ms
2026-03-31 14:37:57.320 +05:30 [INF] Request starting HTTP/1.1 POST http://localhost:5010/api/v1/auth/login - application/json 69
2026-03-31 14:37:57.327 +05:30 [INF] CORS policy execution successful.
2026-03-31 14:37:57.337 +05:30 [INF] Executing endpoint 'UserService.API.Controllers.AuthController.Login (UserService.API)'
2026-03-31 14:37:57.345 +05:30 [INF] Route matched with {action = "Login", controller = "Auth"}. Executing controller action with signature System.Threading.Tasks.Task`1[Microsoft.AspNetCore.Mvc.IActionResult] Login(UserService.Application.DTOs.LoginDto) on controller UserService.API.Controllers.AuthController (UserService.API).
2026-03-31 14:37:57.375 +05:30 [INF] Executed DbCommand (5ms) [Parameters=[@normalizedEmail='?' (Size = 256)], CommandType='"Text"', CommandTimeout='30']
SELECT TOP(2) [a].[Id], [a].[AccessFailedCount], [a].[ConcurrencyStamp], [a].[CreatedAt], [a].[Email], [a].[EmailConfirmed], [a].[FirstName], [a].[IsActive], [a].[IsMfaEnabled], [a].[LastName], [a].[LockoutEnabled], [a].[LockoutEnd], [a].[NormalizedEmail], [a].[NormalizedUserName], [a].[PasswordHash], [a].[PhoneNumber], [a].[PhoneNumberConfirmed], [a].[ProfileImageUrl], [a].[RefreshToken], [a].[RefreshTokenExpiry], [a].[SecurityStamp], [a].[TwoFactorEnabled], [a].[UpdatedAt], [a].[UserName]
FROM [AspNetUsers] AS [a]
WHERE [a].[NormalizedEmail] = @normalizedEmail
2026-03-31 14:37:57.572 +05:30 [INF] Executed DbCommand (5ms) [Parameters=[@userId='?' (Size = 450)], CommandType='"Text"', CommandTimeout='30']
SELECT [a0].[Name]
FROM [AspNetUserRoles] AS [a]
INNER JOIN [AspNetRoles] AS [a0] ON [a].[RoleId] = [a0].[Id]
WHERE [a].[UserId] = @userId
2026-03-31 14:37:57.580 +05:30 [INF] Executed DbCommand (1ms) [Parameters=[@normalizedUserName='?' (Size = 256)], CommandType='"Text"', CommandTimeout='30']
SELECT TOP(1) [a].[Id], [a].[AccessFailedCount], [a].[ConcurrencyStamp], [a].[CreatedAt], [a].[Email], [a].[EmailConfirmed], [a].[FirstName], [a].[IsActive], [a].[IsMfaEnabled], [a].[LastName], [a].[LockoutEnabled], [a].[LockoutEnd], [a].[NormalizedEmail], [a].[NormalizedUserName], [a].[PasswordHash], [a].[PhoneNumber], [a].[PhoneNumberConfirmed], [a].[ProfileImageUrl], [a].[RefreshToken], [a].[RefreshTokenExpiry], [a].[SecurityStamp], [a].[TwoFactorEnabled], [a].[UpdatedAt], [a].[UserName]
FROM [AspNetUsers] AS [a]
WHERE [a].[NormalizedUserName] = @normalizedUserName
2026-03-31 14:37:57.590 +05:30 [INF] Executed DbCommand (3ms) [Parameters=[@normalizedEmail='?' (Size = 256)], CommandType='"Text"', CommandTimeout='30']
SELECT TOP(2) [a].[Id], [a].[AccessFailedCount], [a].[ConcurrencyStamp], [a].[CreatedAt], [a].[Email], [a].[EmailConfirmed], [a].[FirstName], [a].[IsActive], [a].[IsMfaEnabled], [a].[LastName], [a].[LockoutEnabled], [a].[LockoutEnd], [a].[NormalizedEmail], [a].[NormalizedUserName], [a].[PasswordHash], [a].[PhoneNumber], [a].[PhoneNumberConfirmed], [a].[ProfileImageUrl], [a].[RefreshToken], [a].[RefreshTokenExpiry], [a].[SecurityStamp], [a].[TwoFactorEnabled], [a].[UpdatedAt], [a].[UserName]
FROM [AspNetUsers] AS [a]
WHERE [a].[NormalizedEmail] = @normalizedEmail
2026-03-31 14:37:57.628 +05:30 [INF] Executed DbCommand (3ms) [Parameters=[@p23='?' (Size = 450), @p0='?' (DbType = Int32), @p1='?' (Size = 4000), @p24='?' (Size = 4000), @p2='?' (DbType = DateTime2), @p3='?' (Size = 256), @p4='?' (DbType = Boolean), @p5='?' (Size = 50), @p6='?' (DbType = Boolean), @p7='?' (DbType = Boolean), @p8='?' (Size = 50), @p9='?' (DbType = Boolean), @p10='?' (DbType = DateTimeOffset), @p11='?' (Size = 256), @p12='?' (Size = 256), @p13='?' (Size = 4000), @p14='?' (Size = 4000), @p15='?' (DbType = Boolean), @p16='?' (Size = 4000), @p17='?' (Size = 4000), @p18='?' (DbType = DateTime2), @p19='?' (Size = 4000), @p20='?' (DbType = Boolean), @p21='?' (DbType = DateTime2), @p22='?' (Size = 256)], CommandType='"Text"', CommandTimeout='30']
SET IMPLICIT_TRANSACTIONS OFF;
SET NOCOUNT ON;
UPDATE [AspNetUsers] SET [AccessFailedCount] = @p0, [ConcurrencyStamp] = @p1, [CreatedAt] = @p2, [Email] = @p3, [EmailConfirmed] = @p4, [FirstName] = @p5, [IsActive] = @p6, [IsMfaEnabled] = @p7, [LastName] = @p8, [LockoutEnabled] = @p9, [LockoutEnd] = @p10, [NormalizedEmail] = @p11, [NormalizedUserName] = @p12, [PasswordHash] = @p13, [PhoneNumber] = @p14, [PhoneNumberConfirmed] = @p15, [ProfileImageUrl] = @p16, [RefreshToken] = @p17, [RefreshTokenExpiry] = @p18, [SecurityStamp] = @p19, [TwoFactorEnabled] = @p20, [UpdatedAt] = @p21, [UserName] = @p22
OUTPUT 1
WHERE [Id] = @p23 AND [ConcurrencyStamp] = @p24;
2026-03-31 14:37:57.636 +05:30 [INF] Executing OkObjectResult, writing value of type '<>f__AnonymousType0`2[[System.Boolean, System.Private.CoreLib, Version=10.0.0.0, Culture=neutral, PublicKeyToken=7cec85d7bea7798e],[UserService.Application.DTOs.TokenResponseDto, UserService.Application, Version=1.0.0.0, Culture=neutral, PublicKeyToken=null]]'.
2026-03-31 14:37:57.640 +05:30 [INF] Executed action UserService.API.Controllers.AuthController.Login (UserService.API) in 281.4798ms
2026-03-31 14:37:57.644 +05:30 [INF] Executed endpoint 'UserService.API.Controllers.AuthController.Login (UserService.API)'
2026-03-31 14:37:57.647 +05:30 [INF] HTTP POST /api/v1/auth/login responded 200 in 313.3418 ms
2026-03-31 14:37:57.654 +05:30 [INF] Request finished HTTP/1.1 POST http://localhost:5010/api/v1/auth/login - 200 null application/json; charset=utf-8 334.0345ms
2026-03-31 14:38:33.523 +05:30 [INF] Request starting HTTP/1.1 POST http://localhost:5010/api/v1/auth/send-otp - application/json 94
2026-03-31 14:38:33.535 +05:30 [INF] CORS policy execution successful.
2026-03-31 14:38:33.544 +05:30 [INF] Executing endpoint 'UserService.API.Controllers.AuthController.SendOtp (UserService.API)'
2026-03-31 14:38:33.549 +05:30 [INF] Route matched with {action = "SendOtp", controller = "Auth"}. Executing controller action with signature System.Threading.Tasks.Task`1[Microsoft.AspNetCore.Mvc.IActionResult] SendOtp(UserService.Application.DTOs.SendOtpDto) on controller UserService.API.Controllers.AuthController (UserService.API).
2026-03-31 14:38:33.612 +05:30 [INF] Executed DbCommand (40ms) [Parameters=[@p='?' (Size = 450)], CommandType='"Text"', CommandTimeout='30']
SELECT TOP(1) [a].[Id], [a].[AccessFailedCount], [a].[ConcurrencyStamp], [a].[CreatedAt], [a].[Email], [a].[EmailConfirmed], [a].[FirstName], [a].[IsActive], [a].[IsMfaEnabled], [a].[LastName], [a].[LockoutEnabled], [a].[LockoutEnd], [a].[NormalizedEmail], [a].[NormalizedUserName], [a].[PasswordHash], [a].[PhoneNumber], [a].[PhoneNumberConfirmed], [a].[ProfileImageUrl], [a].[RefreshToken], [a].[RefreshTokenExpiry], [a].[SecurityStamp], [a].[TwoFactorEnabled], [a].[UpdatedAt], [a].[UserName]
FROM [AspNetUsers] AS [a]
WHERE [a].[Id] = @p
2026-03-31 14:38:34.714 +05:30 [INF] Executing OkObjectResult, writing value of type '<>f__AnonymousType2`3[[System.Boolean, System.Private.CoreLib, Version=10.0.0.0, Culture=neutral, PublicKeyToken=7cec85d7bea7798e],[System.String, System.Private.CoreLib, Version=10.0.0.0, Culture=neutral, PublicKeyToken=7cec85d7bea7798e],[System.String, System.Private.CoreLib, Version=10.0.0.0, Culture=neutral, PublicKeyToken=7cec85d7bea7798e]]'.
2026-03-31 14:38:34.722 +05:30 [INF] Executed action UserService.API.Controllers.AuthController.SendOtp (UserService.API) in 1165.7104ms
2026-03-31 14:38:34.726 +05:30 [INF] Executed endpoint 'UserService.API.Controllers.AuthController.SendOtp (UserService.API)'
2026-03-31 14:38:34.731 +05:30 [INF] HTTP POST /api/v1/auth/send-otp responded 200 in 1188.8644 ms
2026-03-31 14:38:34.741 +05:30 [INF] Request finished HTTP/1.1 POST http://localhost:5010/api/v1/auth/send-otp - 200 null application/json; charset=utf-8 1217.5844ms
2026-03-31 14:38:47.958 +05:30 [INF] Request starting HTTP/1.1 POST http://localhost:5010/api/v1/auth/send-otp - application/json 99
2026-03-31 14:38:47.968 +05:30 [INF] CORS policy execution successful.
2026-03-31 14:38:47.973 +05:30 [INF] Executing endpoint 'UserService.API.Controllers.AuthController.SendOtp (UserService.API)'
2026-03-31 14:38:47.978 +05:30 [INF] Route matched with {action = "SendOtp", controller = "Auth"}. Executing controller action with signature System.Threading.Tasks.Task`1[Microsoft.AspNetCore.Mvc.IActionResult] SendOtp(UserService.Application.DTOs.SendOtpDto) on controller UserService.API.Controllers.AuthController (UserService.API).
2026-03-31 14:38:48.001 +05:30 [INF] Executed DbCommand (10ms) [Parameters=[@p='?' (Size = 450)], CommandType='"Text"', CommandTimeout='30']
SELECT TOP(1) [a].[Id], [a].[AccessFailedCount], [a].[ConcurrencyStamp], [a].[CreatedAt], [a].[Email], [a].[EmailConfirmed], [a].[FirstName], [a].[IsActive], [a].[IsMfaEnabled], [a].[LastName], [a].[LockoutEnabled], [a].[LockoutEnd], [a].[NormalizedEmail], [a].[NormalizedUserName], [a].[PasswordHash], [a].[PhoneNumber], [a].[PhoneNumberConfirmed], [a].[ProfileImageUrl], [a].[RefreshToken], [a].[RefreshTokenExpiry], [a].[SecurityStamp], [a].[TwoFactorEnabled], [a].[UpdatedAt], [a].[UserName]
FROM [AspNetUsers] AS [a]
WHERE [a].[Id] = @p
2026-03-31 14:38:48.010 +05:30 [INF] Executing OkObjectResult, writing value of type '<>f__AnonymousType2`3[[System.Boolean, System.Private.CoreLib, Version=10.0.0.0, Culture=neutral, PublicKeyToken=7cec85d7bea7798e],[System.String, System.Private.CoreLib, Version=10.0.0.0, Culture=neutral, PublicKeyToken=7cec85d7bea7798e],[System.String, System.Private.CoreLib, Version=10.0.0.0, Culture=neutral, PublicKeyToken=7cec85d7bea7798e]]'.
2026-03-31 14:38:48.014 +05:30 [INF] Executed action UserService.API.Controllers.AuthController.SendOtp (UserService.API) in 27.7674ms
2026-03-31 14:38:48.018 +05:30 [INF] Executed endpoint 'UserService.API.Controllers.AuthController.SendOtp (UserService.API)'
2026-03-31 14:38:48.023 +05:30 [INF] HTTP POST /api/v1/auth/send-otp responded 200 in 51.6948 ms
2026-03-31 14:38:48.029 +05:30 [INF] Request finished HTTP/1.1 POST http://localhost:5010/api/v1/auth/send-otp - 200 null application/json; charset=utf-8 70.4257ms
2026-03-31 14:39:39.863 +05:30 [INF] Request starting HTTP/1.1 POST http://localhost:5010/api/v1/auth/send-otp - application/json 99
2026-03-31 14:39:39.873 +05:30 [INF] CORS policy execution successful.
2026-03-31 14:39:39.876 +05:30 [INF] Executing endpoint 'UserService.API.Controllers.AuthController.SendOtp (UserService.API)'
2026-03-31 14:39:39.879 +05:30 [INF] Route matched with {action = "SendOtp", controller = "Auth"}. Executing controller action with signature System.Threading.Tasks.Task`1[Microsoft.AspNetCore.Mvc.IActionResult] SendOtp(UserService.Application.DTOs.SendOtpDto) on controller UserService.API.Controllers.AuthController (UserService.API).
2026-03-31 14:39:39.922 +05:30 [INF] Executed DbCommand (31ms) [Parameters=[@p='?' (Size = 450)], CommandType='"Text"', CommandTimeout='30']
SELECT TOP(1) [a].[Id], [a].[AccessFailedCount], [a].[ConcurrencyStamp], [a].[CreatedAt], [a].[Email], [a].[EmailConfirmed], [a].[FirstName], [a].[IsActive], [a].[IsMfaEnabled], [a].[LastName], [a].[LockoutEnabled], [a].[LockoutEnd], [a].[NormalizedEmail], [a].[NormalizedUserName], [a].[PasswordHash], [a].[PhoneNumber], [a].[PhoneNumberConfirmed], [a].[ProfileImageUrl], [a].[RefreshToken], [a].[RefreshTokenExpiry], [a].[SecurityStamp], [a].[TwoFactorEnabled], [a].[UpdatedAt], [a].[UserName]
FROM [AspNetUsers] AS [a]
WHERE [a].[Id] = @p
2026-03-31 14:39:40.343 +05:30 [INF] Executing OkObjectResult, writing value of type '<>f__AnonymousType2`3[[System.Boolean, System.Private.CoreLib, Version=10.0.0.0, Culture=neutral, PublicKeyToken=7cec85d7bea7798e],[System.String, System.Private.CoreLib, Version=10.0.0.0, Culture=neutral, PublicKeyToken=7cec85d7bea7798e],[System.String, System.Private.CoreLib, Version=10.0.0.0, Culture=neutral, PublicKeyToken=7cec85d7bea7798e]]'.
2026-03-31 14:39:40.350 +05:30 [INF] Executed action UserService.API.Controllers.AuthController.SendOtp (UserService.API) in 466.188ms
2026-03-31 14:39:40.362 +05:30 [INF] Executed endpoint 'UserService.API.Controllers.AuthController.SendOtp (UserService.API)'
2026-03-31 14:39:40.365 +05:30 [INF] HTTP POST /api/v1/auth/send-otp responded 200 in 490.1748 ms
2026-03-31 14:39:40.373 +05:30 [INF] Request finished HTTP/1.1 POST http://localhost:5010/api/v1/auth/send-otp - 200 null application/json; charset=utf-8 509.373ms
2026-03-31 14:40:29.047 +05:30 [INF] Request starting HTTP/1.1 POST http://localhost:5010/api/v1/auth/verify-otp - application/json 97
2026-03-31 14:40:29.113 +05:30 [INF] CORS policy execution successful.
2026-03-31 14:40:29.118 +05:30 [INF] Executing endpoint 'UserService.API.Controllers.AuthController.VerifyOtp (UserService.API)'
2026-03-31 14:40:29.140 +05:30 [INF] Route matched with {action = "VerifyOtp", controller = "Auth"}. Executing controller action with signature System.Threading.Tasks.Task`1[Microsoft.AspNetCore.Mvc.IActionResult] VerifyOtp(UserService.Application.DTOs.VerifyOtpDto) on controller UserService.API.Controllers.AuthController (UserService.API).
2026-03-31 14:40:29.163 +05:30 [INF] Executing OkObjectResult, writing value of type '<>f__AnonymousType1`2[[System.Boolean, System.Private.CoreLib, Version=10.0.0.0, Culture=neutral, PublicKeyToken=7cec85d7bea7798e],[System.String, System.Private.CoreLib, Version=10.0.0.0, Culture=neutral, PublicKeyToken=7cec85d7bea7798e]]'.
2026-03-31 14:40:29.168 +05:30 [INF] Executed action UserService.API.Controllers.AuthController.VerifyOtp (UserService.API) in 18.2108ms
2026-03-31 14:40:29.172 +05:30 [INF] Executed endpoint 'UserService.API.Controllers.AuthController.VerifyOtp (UserService.API)'
2026-03-31 14:40:29.176 +05:30 [INF] HTTP POST /api/v1/auth/verify-otp responded 200 in 58.0683 ms
2026-03-31 14:40:29.181 +05:30 [INF] Request finished HTTP/1.1 POST http://localhost:5010/api/v1/auth/verify-otp - 200 null application/json; charset=utf-8 134.0474ms
2026-03-31 14:41:45.900 +05:30 [INF] Request starting HTTP/1.1 GET http://localhost:5010/swagger/index.html - null null
2026-03-31 14:41:45.946 +05:30 [INF] HTTP GET /swagger/index.html responded 304 in 8.6879 ms
2026-03-31 14:41:45.954 +05:30 [INF] Request finished HTTP/1.1 GET http://localhost:5010/swagger/index.html - 304 null null 53.2047ms
2026-03-31 14:41:46.029 +05:30 [INF] Request starting HTTP/1.1 GET http://localhost:5010/swagger/swagger-ui.css - null null
2026-03-31 14:41:46.032 +05:30 [INF] Request starting HTTP/1.1 GET http://localhost:5010/swagger/index.css - null null
2026-03-31 14:41:46.034 +05:30 [INF] Request starting HTTP/1.1 GET http://localhost:5010/swagger/swagger-ui-bundle.js - null null
2026-03-31 14:41:46.046 +05:30 [INF] HTTP GET /swagger/swagger-ui.css responded 304 in 1.7711 ms
2026-03-31 14:41:46.053 +05:30 [INF] HTTP GET /swagger/index.css responded 304 in 0.1359 ms
2026-03-31 14:41:46.061 +05:30 [INF] HTTP GET /swagger/swagger-ui-bundle.js responded 304 in 0.1433 ms
2026-03-31 14:41:46.067 +05:30 [INF] Request finished HTTP/1.1 GET http://localhost:5010/swagger/swagger-ui.css - 304 null null 37.3156ms
2026-03-31 14:41:46.086 +05:30 [INF] Request finished HTTP/1.1 GET http://localhost:5010/swagger/index.css - 304 null null 53.7928ms
2026-03-31 14:41:46.096 +05:30 [INF] Request finished HTTP/1.1 GET http://localhost:5010/swagger/swagger-ui-bundle.js - 304 null null 62.6432ms
2026-03-31 14:41:46.126 +05:30 [INF] Request starting HTTP/1.1 GET http://localhost:5010/swagger/index.js - null null
2026-03-31 14:41:46.134 +05:30 [INF] Request starting HTTP/1.1 GET http://localhost:5010/swagger/swagger-ui-standalone-preset.js - null null
2026-03-31 14:41:46.135 +05:30 [INF] Request starting HTTP/1.1 GET http://localhost:5010/_framework/aspnetcore-browser-refresh.js - null null
2026-03-31 14:41:46.148 +05:30 [INF] HTTP GET /swagger/index.js responded 304 in 0.7161 ms
2026-03-31 14:41:46.157 +05:30 [INF] HTTP GET /swagger/swagger-ui-standalone-preset.js responded 304 in 0.2633 ms
2026-03-31 14:41:46.165 +05:30 [INF] Request finished HTTP/1.1 GET http://localhost:5010/_framework/aspnetcore-browser-refresh.js - 200 14935 application/javascript; charset=utf-8 29.9059ms
2026-03-31 14:41:46.172 +05:30 [INF] Request finished HTTP/1.1 GET http://localhost:5010/swagger/index.js - 304 null null 45.752ms
2026-03-31 14:41:46.178 +05:30 [INF] Request finished HTTP/1.1 GET http://localhost:5010/swagger/swagger-ui-standalone-preset.js - 304 null null 43.8685ms
2026-03-31 14:41:46.218 +05:30 [INF] Request starting HTTP/1.1 GET http://localhost:5010/_vs/browserLink - null null
2026-03-31 14:41:46.264 +05:30 [INF] Request finished HTTP/1.1 GET http://localhost:5010/_vs/browserLink - 200 null text/javascript; charset=UTF-8 45.319ms
2026-03-31 14:41:46.478 +05:30 [INF] Request starting HTTP/1.1 GET http://localhost:5010/swagger/v1/swagger.json - null null
2026-03-31 14:41:46.559 +05:30 [INF] HTTP GET /swagger/v1/swagger.json responded 200 in 56.2448 ms
2026-03-31 14:41:46.572 +05:30 [INF] Request finished HTTP/1.1 GET http://localhost:5010/swagger/v1/swagger.json - 200 null application/json;charset=utf-8 94.2772ms
2026-03-31 15:11:07.297 +05:30 [INF] Executed DbCommand (326ms) [Parameters=[@normalizedName='?' (Size = 256)], CommandType='"Text"', CommandTimeout='30']
SELECT TOP(1) [a].[Id], [a].[ConcurrencyStamp], [a].[Name], [a].[NormalizedName]
FROM [AspNetRoles] AS [a]
WHERE [a].[NormalizedName] = @normalizedName
2026-03-31 15:11:07.818 +05:30 [INF] Executed DbCommand (19ms) [Parameters=[@normalizedName='?' (Size = 256)], CommandType='"Text"', CommandTimeout='30']
SELECT TOP(1) [a].[Id], [a].[ConcurrencyStamp], [a].[Name], [a].[NormalizedName]
FROM [AspNetRoles] AS [a]
WHERE [a].[NormalizedName] = @normalizedName
2026-03-31 15:11:07.835 +05:30 [INF] Executed DbCommand (5ms) [Parameters=[@normalizedName='?' (Size = 256)], CommandType='"Text"', CommandTimeout='30']
SELECT TOP(1) [a].[Id], [a].[ConcurrencyStamp], [a].[Name], [a].[NormalizedName]
FROM [AspNetRoles] AS [a]
WHERE [a].[NormalizedName] = @normalizedName
2026-03-31 15:11:08.527 +05:30 [INF] Executed DbCommand (14ms) [Parameters=[], CommandType='"Text"', CommandTimeout='30']
SELECT 1
2026-03-31 15:11:08.557 +05:30 [INF] Acquiring an exclusive lock for migration application. See https://aka.ms/efcore-docs-migrations-lock for more information if this takes too long.
2026-03-31 15:11:08.638 +05:30 [INF] Executed DbCommand (67ms) [Parameters=[], CommandType='"Text"', CommandTimeout='30']
DECLARE @result int;
EXEC @result = sp_getapplock @Resource = '__EFMigrationsLock', @LockOwner = 'Session', @LockMode = 'Exclusive';
SELECT @result
2026-03-31 15:11:08.921 +05:30 [INF] Executed DbCommand (14ms) [Parameters=[], CommandType='"Text"', CommandTimeout='30']
IF OBJECT_ID(N'[__EFMigrationsHistory]') IS NULL
BEGIN
    CREATE TABLE [__EFMigrationsHistory] (
        [MigrationId] nvarchar(150) NOT NULL,
        [ProductVersion] nvarchar(32) NOT NULL,
        CONSTRAINT [PK___EFMigrationsHistory] PRIMARY KEY ([MigrationId])
    );
END;
2026-03-31 15:11:08.955 +05:30 [INF] Executed DbCommand (2ms) [Parameters=[], CommandType='"Text"', CommandTimeout='30']
SELECT 1
2026-03-31 15:11:08.964 +05:30 [INF] Executed DbCommand (2ms) [Parameters=[], CommandType='"Text"', CommandTimeout='30']
SELECT OBJECT_ID(N'[__EFMigrationsHistory]');
2026-03-31 15:11:09.000 +05:30 [INF] Executed DbCommand (19ms) [Parameters=[], CommandType='"Text"', CommandTimeout='30']
SELECT [MigrationId], [ProductVersion]
FROM [__EFMigrationsHistory]
ORDER BY [MigrationId];
2026-03-31 15:11:09.038 +05:30 [INF] No migrations were applied. The database is already up to date.
2026-03-31 15:11:09.063 +05:30 [INF] Executed DbCommand (10ms) [Parameters=[], CommandType='"Text"', CommandTimeout='30']
DECLARE @result int;
EXEC @result = sp_releaseapplock @Resource = '__EFMigrationsLock', @LockOwner = 'Session';
SELECT @result
2026-03-31 15:11:09.840 +05:30 [INF] User profile is available. Using 'C:\Users\Satvik\AppData\Local\ASP.NET\DataProtection-Keys' as key repository and Windows DPAPI to encrypt keys at rest.
2026-03-31 15:11:10.349 +05:30 [WRN] The WebRootPath was not found: C:\Users\Satvik\Desktop\capg\MicroservicesAssesment\Services\UserService\UserService.API\wwwroot. Static files may be unavailable.
2026-03-31 15:11:10.626 +05:30 [INF] Now listening on: http://localhost:5010
2026-03-31 15:11:11.901 +05:30 [INF] Application started. Press Ctrl+C to shut down.
2026-03-31 15:11:12.015 +05:30 [INF] Hosting environment: Development
2026-03-31 15:11:12.038 +05:30 [INF] Content root path: C:\Users\Satvik\Desktop\capg\MicroservicesAssesment\Services\UserService\UserService.API
2026-03-31 15:11:12.052 +05:30 [INF] Request starting HTTP/1.1 GET http://localhost:5010/ - null null
2026-03-31 15:11:13.071 +05:30 [INF] HTTP GET / responded 404 in 380.5704 ms
2026-03-31 15:11:13.141 +05:30 [INF] Request finished HTTP/1.1 GET http://localhost:5010/ - 404 null null 1137.8963ms
2026-03-31 15:11:13.190 +05:30 [INF] Request reached the end of the middleware pipeline without being handled by application code. Request path: GET http://localhost:5010/, Response status code: 404
2026-03-31 15:11:16.302 +05:30 [INF] Request starting HTTP/1.1 GET http://localhost:5010/swagger/index.html - null null
2026-03-31 15:11:16.539 +05:30 [INF] HTTP GET /swagger/index.html responded 304 in 205.4687 ms
2026-03-31 15:11:16.552 +05:30 [INF] Request finished HTTP/1.1 GET http://localhost:5010/swagger/index.html - 304 null null 249.3584ms
2026-03-31 15:11:16.589 +05:30 [INF] Request starting HTTP/1.1 GET http://localhost:5010/swagger/index.css - null null
2026-03-31 15:11:16.589 +05:30 [INF] Request starting HTTP/1.1 GET http://localhost:5010/swagger/swagger-ui-bundle.js - null null
2026-03-31 15:11:16.591 +05:30 [INF] Request starting HTTP/1.1 GET http://localhost:5010/swagger/swagger-ui.css - null null
2026-03-31 15:11:16.639 +05:30 [INF] HTTP GET /swagger/index.css responded 304 in 31.6395 ms
2026-03-31 15:11:16.670 +05:30 [INF] HTTP GET /swagger/swagger-ui-bundle.js responded 304 in 22.6544 ms
2026-03-31 15:11:16.678 +05:30 [INF] HTTP GET /swagger/swagger-ui.css responded 304 in 6.9128 ms
2026-03-31 15:11:16.680 +05:30 [INF] Request finished HTTP/1.1 GET http://localhost:5010/swagger/index.css - 304 null null 91.4865ms
2026-03-31 15:11:16.688 +05:30 [INF] Request finished HTTP/1.1 GET http://localhost:5010/swagger/swagger-ui-bundle.js - 304 null null 98.2532ms
2026-03-31 15:11:16.706 +05:30 [INF] Request finished HTTP/1.1 GET http://localhost:5010/swagger/swagger-ui.css - 304 null null 115.5171ms
2026-03-31 15:11:16.717 +05:30 [INF] Request starting HTTP/1.1 GET http://localhost:5010/swagger/swagger-ui-standalone-preset.js - null null
2026-03-31 15:11:16.725 +05:30 [INF] Request starting HTTP/1.1 GET http://localhost:5010/_framework/aspnetcore-browser-refresh.js - null null
2026-03-31 15:11:16.734 +05:30 [INF] Request starting HTTP/1.1 GET http://localhost:5010/swagger/index.js - null null
2026-03-31 15:11:16.751 +05:30 [INF] HTTP GET /swagger/swagger-ui-standalone-preset.js responded 304 in 3.4990 ms
2026-03-31 15:11:16.763 +05:30 [INF] HTTP GET /swagger/index.js responded 304 in 1.1258 ms
2026-03-31 15:11:16.766 +05:30 [INF] Request finished HTTP/1.1 GET http://localhost:5010/_framework/aspnetcore-browser-refresh.js - 200 14935 application/javascript; charset=utf-8 40.688ms
2026-03-31 15:11:16.770 +05:30 [INF] Request finished HTTP/1.1 GET http://localhost:5010/swagger/swagger-ui-standalone-preset.js - 304 null null 53.3142ms
2026-03-31 15:11:16.775 +05:30 [INF] Request finished HTTP/1.1 GET http://localhost:5010/swagger/index.js - 304 null null 41.2501ms
2026-03-31 15:11:16.820 +05:30 [INF] Request starting HTTP/1.1 GET http://localhost:5010/_vs/browserLink - null null
2026-03-31 15:11:16.949 +05:30 [INF] Request finished HTTP/1.1 GET http://localhost:5010/_vs/browserLink - 200 null text/javascript; charset=UTF-8 129.0204ms
2026-03-31 15:11:17.301 +05:30 [INF] Request starting HTTP/1.1 GET http://localhost:5010/swagger/v1/swagger.json - null null
2026-03-31 15:11:17.358 +05:30 [INF] HTTP GET /swagger/v1/swagger.json responded 200 in 42.3139 ms
2026-03-31 15:11:17.368 +05:30 [INF] Request finished HTTP/1.1 GET http://localhost:5010/swagger/v1/swagger.json - 200 null application/json;charset=utf-8 66.8866ms
2026-03-31 15:23:48.683 +05:30 [INF] Executed DbCommand (506ms) [Parameters=[@normalizedName='?' (Size = 256)], CommandType='"Text"', CommandTimeout='30']
SELECT TOP(1) [a].[Id], [a].[ConcurrencyStamp], [a].[Name], [a].[NormalizedName]
FROM [AspNetRoles] AS [a]
WHERE [a].[NormalizedName] = @normalizedName
2026-03-31 15:23:49.193 +05:30 [INF] Executed DbCommand (9ms) [Parameters=[@normalizedName='?' (Size = 256)], CommandType='"Text"', CommandTimeout='30']
SELECT TOP(1) [a].[Id], [a].[ConcurrencyStamp], [a].[Name], [a].[NormalizedName]
FROM [AspNetRoles] AS [a]
WHERE [a].[NormalizedName] = @normalizedName
2026-03-31 15:23:49.207 +05:30 [INF] Executed DbCommand (2ms) [Parameters=[@normalizedName='?' (Size = 256)], CommandType='"Text"', CommandTimeout='30']
SELECT TOP(1) [a].[Id], [a].[ConcurrencyStamp], [a].[Name], [a].[NormalizedName]
FROM [AspNetRoles] AS [a]
WHERE [a].[NormalizedName] = @normalizedName
2026-03-31 15:23:49.849 +05:30 [INF] Executed DbCommand (18ms) [Parameters=[], CommandType='"Text"', CommandTimeout='30']
SELECT 1
2026-03-31 15:23:49.873 +05:30 [INF] Acquiring an exclusive lock for migration application. See https://aka.ms/efcore-docs-migrations-lock for more information if this takes too long.
2026-03-31 15:23:49.988 +05:30 [INF] Executed DbCommand (102ms) [Parameters=[], CommandType='"Text"', CommandTimeout='30']
DECLARE @result int;
EXEC @result = sp_getapplock @Resource = '__EFMigrationsLock', @LockOwner = 'Session', @LockMode = 'Exclusive';
SELECT @result
2026-03-31 15:23:50.247 +05:30 [INF] Executed DbCommand (32ms) [Parameters=[], CommandType='"Text"', CommandTimeout='30']
IF OBJECT_ID(N'[__EFMigrationsHistory]') IS NULL
BEGIN
    CREATE TABLE [__EFMigrationsHistory] (
        [MigrationId] nvarchar(150) NOT NULL,
        [ProductVersion] nvarchar(32) NOT NULL,
        CONSTRAINT [PK___EFMigrationsHistory] PRIMARY KEY ([MigrationId])
    );
END;
2026-03-31 15:23:50.319 +05:30 [INF] Executed DbCommand (2ms) [Parameters=[], CommandType='"Text"', CommandTimeout='30']
SELECT 1
2026-03-31 15:23:50.335 +05:30 [INF] Executed DbCommand (3ms) [Parameters=[], CommandType='"Text"', CommandTimeout='30']
SELECT OBJECT_ID(N'[__EFMigrationsHistory]');
2026-03-31 15:23:50.369 +05:30 [INF] Executed DbCommand (16ms) [Parameters=[], CommandType='"Text"', CommandTimeout='30']
SELECT [MigrationId], [ProductVersion]
FROM [__EFMigrationsHistory]
ORDER BY [MigrationId];
2026-03-31 15:23:50.406 +05:30 [INF] No migrations were applied. The database is already up to date.
2026-03-31 15:23:50.420 +05:30 [INF] Executed DbCommand (8ms) [Parameters=[], CommandType='"Text"', CommandTimeout='30']
DECLARE @result int;
EXEC @result = sp_releaseapplock @Resource = '__EFMigrationsLock', @LockOwner = 'Session';
SELECT @result
2026-03-31 15:23:50.956 +05:30 [INF] User profile is available. Using 'C:\Users\Satvik\AppData\Local\ASP.NET\DataProtection-Keys' as key repository and Windows DPAPI to encrypt keys at rest.
2026-03-31 15:23:51.323 +05:30 [WRN] The WebRootPath was not found: C:\Users\Satvik\Desktop\capg\MicroservicesAssesment\Services\UserService\UserService.API\wwwroot. Static files may be unavailable.
2026-03-31 15:23:51.647 +05:30 [INF] Now listening on: http://localhost:5010
2026-03-31 15:23:53.134 +05:30 [INF] Request starting HTTP/1.1 GET http://localhost:5010/ - null null
2026-03-31 15:23:53.185 +05:30 [INF] Application started. Press Ctrl+C to shut down.
2026-03-31 15:23:53.211 +05:30 [INF] Hosting environment: Development
2026-03-31 15:23:53.231 +05:30 [INF] Content root path: C:\Users\Satvik\Desktop\capg\MicroservicesAssesment\Services\UserService\UserService.API
2026-03-31 15:23:54.443 +05:30 [INF] HTTP GET / responded 404 in 405.8110 ms
2026-03-31 15:23:54.537 +05:30 [INF] Request finished HTTP/1.1 GET http://localhost:5010/ - 404 null null 1471.1941ms
2026-03-31 15:23:54.560 +05:30 [INF] Request reached the end of the middleware pipeline without being handled by application code. Request path: GET http://localhost:5010/, Response status code: 404
2026-03-31 15:24:05.251 +05:30 [INF] Request starting HTTP/1.1 GET http://localhost:5010/swagger/index.html - null null
2026-03-31 15:24:05.498 +05:30 [INF] HTTP GET /swagger/index.html responded 304 in 213.5681 ms
2026-03-31 15:24:05.510 +05:30 [INF] Request finished HTTP/1.1 GET http://localhost:5010/swagger/index.html - 304 null null 259.6187ms
2026-03-31 15:24:05.569 +05:30 [INF] Request starting HTTP/1.1 GET http://localhost:5010/swagger/index.css - null null
2026-03-31 15:24:05.569 +05:30 [INF] Request starting HTTP/1.1 GET http://localhost:5010/swagger/swagger-ui.css - null null
2026-03-31 15:24:05.572 +05:30 [INF] Request starting HTTP/1.1 GET http://localhost:5010/swagger/swagger-ui-bundle.js - null null
2026-03-31 15:24:05.653 +05:30 [INF] HTTP GET /swagger/swagger-ui.css responded 304 in 46.7913 ms
2026-03-31 15:24:05.653 +05:30 [INF] HTTP GET /swagger/index.css responded 304 in 59.3458 ms
2026-03-31 15:24:05.670 +05:30 [INF] Request finished HTTP/1.1 GET http://localhost:5010/swagger/swagger-ui.css - 304 null null 100.3391ms
2026-03-31 15:24:05.672 +05:30 [INF] HTTP GET /swagger/swagger-ui-bundle.js responded 304 in 50.1266 ms
2026-03-31 15:24:05.689 +05:30 [INF] Request finished HTTP/1.1 GET http://localhost:5010/swagger/index.css - 304 null null 120.6328ms
2026-03-31 15:24:05.720 +05:30 [INF] Request starting HTTP/1.1 GET http://localhost:5010/swagger/swagger-ui-standalone-preset.js - null null
2026-03-31 15:24:05.730 +05:30 [INF] Request finished HTTP/1.1 GET http://localhost:5010/swagger/swagger-ui-bundle.js - 304 null null 157.5381ms
2026-03-31 15:24:05.744 +05:30 [INF] Request starting HTTP/1.1 GET http://localhost:5010/swagger/index.js - null null
2026-03-31 15:24:05.822 +05:30 [INF] HTTP GET /swagger/swagger-ui-standalone-preset.js responded 304 in 63.4741 ms
2026-03-31 15:24:05.835 +05:30 [INF] Request starting HTTP/1.1 GET http://localhost:5010/_framework/aspnetcore-browser-refresh.js - null null
2026-03-31 15:24:05.848 +05:30 [INF] HTTP GET /swagger/index.js responded 304 in 3.5935 ms
2026-03-31 15:24:05.853 +05:30 [INF] Request finished HTTP/1.1 GET http://localhost:5010/swagger/swagger-ui-standalone-preset.js - 304 null null 133.1914ms
2026-03-31 15:24:05.884 +05:30 [INF] Request finished HTTP/1.1 GET http://localhost:5010/swagger/index.js - 304 null null 139.6405ms
2026-03-31 15:24:05.884 +05:30 [INF] Request finished HTTP/1.1 GET http://localhost:5010/_framework/aspnetcore-browser-refresh.js - 200 14935 application/javascript; charset=utf-8 49.2553ms
2026-03-31 15:24:05.905 +05:30 [INF] Request starting HTTP/1.1 GET http://localhost:5010/_vs/browserLink - null null
2026-03-31 15:24:06.096 +05:30 [INF] Request finished HTTP/1.1 GET http://localhost:5010/_vs/browserLink - 200 null text/javascript; charset=UTF-8 192.0161ms
2026-03-31 15:24:06.836 +05:30 [INF] Request starting HTTP/1.1 GET http://localhost:5010/swagger/v1/swagger.json - null null
2026-03-31 15:24:06.904 +05:30 [INF] HTTP GET /swagger/v1/swagger.json responded 200 in 53.6507 ms
2026-03-31 15:24:06.911 +05:30 [INF] Request finished HTTP/1.1 GET http://localhost:5010/swagger/v1/swagger.json - 200 null application/json;charset=utf-8 74.939ms
2026-03-31 15:26:24.111 +05:30 [INF] Request starting HTTP/1.1 POST http://localhost:5010/api/v1/auth/login - application/json 69
2026-03-31 15:26:24.142 +05:30 [INF] CORS policy execution successful.
2026-03-31 15:26:24.157 +05:30 [INF] Executing endpoint 'UserService.API.Controllers.AuthController.Login (UserService.API)'
2026-03-31 15:26:24.273 +05:30 [INF] Route matched with {action = "Login", controller = "Auth"}. Executing controller action with signature System.Threading.Tasks.Task`1[Microsoft.AspNetCore.Mvc.IActionResult] Login(UserService.Application.DTOs.LoginDto) on controller UserService.API.Controllers.AuthController (UserService.API).
2026-03-31 15:26:24.702 +05:30 [INF] Executed DbCommand (40ms) [Parameters=[@normalizedEmail='?' (Size = 256)], CommandType='"Text"', CommandTimeout='30']
SELECT TOP(2) [a].[Id], [a].[AccessFailedCount], [a].[ConcurrencyStamp], [a].[CreatedAt], [a].[Email], [a].[EmailConfirmed], [a].[FirstName], [a].[IsActive], [a].[IsMfaEnabled], [a].[LastName], [a].[LockoutEnabled], [a].[LockoutEnd], [a].[NormalizedEmail], [a].[NormalizedUserName], [a].[PasswordHash], [a].[PhoneNumber], [a].[PhoneNumberConfirmed], [a].[ProfileImageUrl], [a].[RefreshToken], [a].[RefreshTokenExpiry], [a].[SecurityStamp], [a].[TwoFactorEnabled], [a].[UpdatedAt], [a].[UserName]
FROM [AspNetUsers] AS [a]
WHERE [a].[NormalizedEmail] = @normalizedEmail
2026-03-31 15:26:25.425 +05:30 [INF] Executed DbCommand (58ms) [Parameters=[@userId='?' (Size = 450)], CommandType='"Text"', CommandTimeout='30']
SELECT [a0].[Name]
FROM [AspNetUserRoles] AS [a]
INNER JOIN [AspNetRoles] AS [a0] ON [a].[RoleId] = [a0].[Id]
WHERE [a].[UserId] = @userId
2026-03-31 15:26:25.606 +05:30 [INF] Executed DbCommand (21ms) [Parameters=[@normalizedUserName='?' (Size = 256)], CommandType='"Text"', CommandTimeout='30']
SELECT TOP(1) [a].[Id], [a].[AccessFailedCount], [a].[ConcurrencyStamp], [a].[CreatedAt], [a].[Email], [a].[EmailConfirmed], [a].[FirstName], [a].[IsActive], [a].[IsMfaEnabled], [a].[LastName], [a].[LockoutEnabled], [a].[LockoutEnd], [a].[NormalizedEmail], [a].[NormalizedUserName], [a].[PasswordHash], [a].[PhoneNumber], [a].[PhoneNumberConfirmed], [a].[ProfileImageUrl], [a].[RefreshToken], [a].[RefreshTokenExpiry], [a].[SecurityStamp], [a].[TwoFactorEnabled], [a].[UpdatedAt], [a].[UserName]
FROM [AspNetUsers] AS [a]
WHERE [a].[NormalizedUserName] = @normalizedUserName
2026-03-31 15:26:25.672 +05:30 [INF] Executed DbCommand (17ms) [Parameters=[@normalizedEmail='?' (Size = 256)], CommandType='"Text"', CommandTimeout='30']
SELECT TOP(2) [a].[Id], [a].[AccessFailedCount], [a].[ConcurrencyStamp], [a].[CreatedAt], [a].[Email], [a].[EmailConfirmed], [a].[FirstName], [a].[IsActive], [a].[IsMfaEnabled], [a].[LastName], [a].[LockoutEnabled], [a].[LockoutEnd], [a].[NormalizedEmail], [a].[NormalizedUserName], [a].[PasswordHash], [a].[PhoneNumber], [a].[PhoneNumberConfirmed], [a].[ProfileImageUrl], [a].[RefreshToken], [a].[RefreshTokenExpiry], [a].[SecurityStamp], [a].[TwoFactorEnabled], [a].[UpdatedAt], [a].[UserName]
FROM [AspNetUsers] AS [a]
WHERE [a].[NormalizedEmail] = @normalizedEmail
2026-03-31 15:26:26.157 +05:30 [INF] Executed DbCommand (78ms) [Parameters=[@p23='?' (Size = 450), @p0='?' (DbType = Int32), @p1='?' (Size = 4000), @p24='?' (Size = 4000), @p2='?' (DbType = DateTime2), @p3='?' (Size = 256), @p4='?' (DbType = Boolean), @p5='?' (Size = 50), @p6='?' (DbType = Boolean), @p7='?' (DbType = Boolean), @p8='?' (Size = 50), @p9='?' (DbType = Boolean), @p10='?' (DbType = DateTimeOffset), @p11='?' (Size = 256), @p12='?' (Size = 256), @p13='?' (Size = 4000), @p14='?' (Size = 4000), @p15='?' (DbType = Boolean), @p16='?' (Size = 4000), @p17='?' (Size = 4000), @p18='?' (DbType = DateTime2), @p19='?' (Size = 4000), @p20='?' (DbType = Boolean), @p21='?' (DbType = DateTime2), @p22='?' (Size = 256)], CommandType='"Text"', CommandTimeout='30']
SET IMPLICIT_TRANSACTIONS OFF;
SET NOCOUNT ON;
UPDATE [AspNetUsers] SET [AccessFailedCount] = @p0, [ConcurrencyStamp] = @p1, [CreatedAt] = @p2, [Email] = @p3, [EmailConfirmed] = @p4, [FirstName] = @p5, [IsActive] = @p6, [IsMfaEnabled] = @p7, [LastName] = @p8, [LockoutEnabled] = @p9, [LockoutEnd] = @p10, [NormalizedEmail] = @p11, [NormalizedUserName] = @p12, [PasswordHash] = @p13, [PhoneNumber] = @p14, [PhoneNumberConfirmed] = @p15, [ProfileImageUrl] = @p16, [RefreshToken] = @p17, [RefreshTokenExpiry] = @p18, [SecurityStamp] = @p19, [TwoFactorEnabled] = @p20, [UpdatedAt] = @p21, [UserName] = @p22
OUTPUT 1
WHERE [Id] = @p23 AND [ConcurrencyStamp] = @p24;
2026-03-31 15:26:26.239 +05:30 [INF] Executing OkObjectResult, writing value of type '<>f__AnonymousType0`2[[System.Boolean, System.Private.CoreLib, Version=10.0.0.0, Culture=neutral, PublicKeyToken=7cec85d7bea7798e],[UserService.Application.DTOs.TokenResponseDto, UserService.Application, Version=1.0.0.0, Culture=neutral, PublicKeyToken=null]]'.
2026-03-31 15:26:26.324 +05:30 [INF] Executed action UserService.API.Controllers.AuthController.Login (UserService.API) in 2028.309ms
2026-03-31 15:26:26.332 +05:30 [INF] Executed endpoint 'UserService.API.Controllers.AuthController.Login (UserService.API)'
2026-03-31 15:26:26.344 +05:30 [INF] HTTP POST /api/v1/auth/login responded 200 in 2191.9765 ms
2026-03-31 15:26:26.368 +05:30 [INF] Request finished HTTP/1.1 POST http://localhost:5010/api/v1/auth/login - 200 null application/json; charset=utf-8 2258.1493ms
2026-03-31 15:28:12.405 +05:30 [INF] Executed DbCommand (328ms) [Parameters=[@normalizedName='?' (Size = 256)], CommandType='"Text"', CommandTimeout='30']
SELECT TOP(1) [a].[Id], [a].[ConcurrencyStamp], [a].[Name], [a].[NormalizedName]
FROM [AspNetRoles] AS [a]
WHERE [a].[NormalizedName] = @normalizedName
2026-03-31 15:28:13.868 +05:30 [INF] Executed DbCommand (423ms) [Parameters=[@normalizedName='?' (Size = 256)], CommandType='"Text"', CommandTimeout='30']
SELECT TOP(1) [a].[Id], [a].[ConcurrencyStamp], [a].[Name], [a].[NormalizedName]
FROM [AspNetRoles] AS [a]
WHERE [a].[NormalizedName] = @normalizedName
2026-03-31 15:28:14.497 +05:30 [INF] Executed DbCommand (39ms) [Parameters=[@normalizedName='?' (Size = 256)], CommandType='"Text"', CommandTimeout='30']
SELECT TOP(1) [a].[Id], [a].[ConcurrencyStamp], [a].[Name], [a].[NormalizedName]
FROM [AspNetRoles] AS [a]
WHERE [a].[NormalizedName] = @normalizedName
2026-03-31 15:28:15.524 +05:30 [INF] Executed DbCommand (20ms) [Parameters=[], CommandType='"Text"', CommandTimeout='30']
SELECT 1
2026-03-31 15:28:15.581 +05:30 [INF] Acquiring an exclusive lock for migration application. See https://aka.ms/efcore-docs-migrations-lock for more information if this takes too long.
2026-03-31 15:28:16.014 +05:30 [INF] Executed DbCommand (355ms) [Parameters=[], CommandType='"Text"', CommandTimeout='30']
DECLARE @result int;
EXEC @result = sp_getapplock @Resource = '__EFMigrationsLock', @LockOwner = 'Session', @LockMode = 'Exclusive';
SELECT @result
2026-03-31 15:28:16.502 +05:30 [INF] Executed DbCommand (48ms) [Parameters=[], CommandType='"Text"', CommandTimeout='30']
IF OBJECT_ID(N'[__EFMigrationsHistory]') IS NULL
BEGIN
    CREATE TABLE [__EFMigrationsHistory] (
        [MigrationId] nvarchar(150) NOT NULL,
        [ProductVersion] nvarchar(32) NOT NULL,
        CONSTRAINT [PK___EFMigrationsHistory] PRIMARY KEY ([MigrationId])
    );
END;
2026-03-31 15:28:16.673 +05:30 [INF] Executed DbCommand (7ms) [Parameters=[], CommandType='"Text"', CommandTimeout='30']
SELECT 1
2026-03-31 15:28:16.896 +05:30 [INF] Executed DbCommand (23ms) [Parameters=[], CommandType='"Text"', CommandTimeout='30']
SELECT OBJECT_ID(N'[__EFMigrationsHistory]');
2026-03-31 15:28:17.216 +05:30 [INF] Executed DbCommand (81ms) [Parameters=[], CommandType='"Text"', CommandTimeout='30']
SELECT [MigrationId], [ProductVersion]
FROM [__EFMigrationsHistory]
ORDER BY [MigrationId];
2026-03-31 15:28:17.355 +05:30 [INF] No migrations were applied. The database is already up to date.
2026-03-31 15:28:17.558 +05:30 [INF] Executed DbCommand (52ms) [Parameters=[], CommandType='"Text"', CommandTimeout='30']
DECLARE @result int;
EXEC @result = sp_releaseapplock @Resource = '__EFMigrationsLock', @LockOwner = 'Session';
SELECT @result
2026-03-31 15:28:19.298 +05:30 [INF] User profile is available. Using 'C:\Users\Satvik\AppData\Local\ASP.NET\DataProtection-Keys' as key repository and Windows DPAPI to encrypt keys at rest.
2026-03-31 15:28:20.107 +05:30 [WRN] The WebRootPath was not found: C:\Users\Satvik\Desktop\capg\MicroservicesAssesment\Services\UserService\UserService.API\wwwroot. Static files may be unavailable.
2026-03-31 15:28:20.608 +05:30 [INF] Now listening on: http://localhost:5010
2026-03-31 15:28:21.729 +05:30 [INF] Request starting HTTP/1.1 GET http://localhost:5010/ - null null
2026-03-31 15:28:21.995 +05:30 [INF] Application started. Press Ctrl+C to shut down.
2026-03-31 15:28:22.712 +05:30 [INF] Hosting environment: Development
2026-03-31 15:28:22.957 +05:30 [INF] Content root path: C:\Users\Satvik\Desktop\capg\MicroservicesAssesment\Services\UserService\UserService.API
2026-03-31 15:28:24.719 +05:30 [INF] HTTP GET / responded 404 in 725.5270 ms
2026-03-31 15:28:25.652 +05:30 [INF] Request finished HTTP/1.1 GET http://localhost:5010/ - 404 null null 3923.6128ms
2026-03-31 15:28:27.031 +05:30 [INF] Request reached the end of the middleware pipeline without being handled by application code. Request path: GET http://localhost:5010/, Response status code: 404
2026-03-31 15:30:02.828 +05:30 [INF] Request starting HTTP/1.1 GET http://localhost:5010/swagger/index.html - null null
2026-03-31 15:30:03.175 +05:30 [INF] HTTP GET /swagger/index.html responded 304 in 229.7736 ms
2026-03-31 15:30:03.235 +05:30 [INF] Request finished HTTP/1.1 GET http://localhost:5010/swagger/index.html - 304 null null 367.4222ms
2026-03-31 15:30:03.239 +05:30 [INF] Request starting HTTP/1.1 GET http://localhost:5010/swagger/swagger-ui-bundle.js - null null
2026-03-31 15:30:03.239 +05:30 [INF] Request starting HTTP/1.1 GET http://localhost:5010/swagger/index.css - null null
2026-03-31 15:30:03.263 +05:30 [INF] Request starting HTTP/1.1 GET http://localhost:5010/swagger/swagger-ui.css - null null
2026-03-31 15:30:03.336 +05:30 [INF] HTTP GET /swagger/swagger-ui.css responded 304 in 12.3029 ms
2026-03-31 15:30:03.336 +05:30 [INF] HTTP GET /swagger/index.css responded 304 in 49.3268 ms
2026-03-31 15:30:03.352 +05:30 [INF] Request finished HTTP/1.1 GET http://localhost:5010/swagger/index.css - 304 null null 112.7571ms
2026-03-31 15:30:03.354 +05:30 [INF] HTTP GET /swagger/swagger-ui-bundle.js responded 304 in 75.3987 ms
2026-03-31 15:30:03.342 +05:30 [INF] Request finished HTTP/1.1 GET http://localhost:5010/swagger/swagger-ui.css - 304 null null 78.8968ms
2026-03-31 15:30:03.395 +05:30 [INF] Request starting HTTP/1.1 GET http://localhost:5010/swagger/index.js - null null
2026-03-31 15:30:03.401 +05:30 [INF] Request finished HTTP/1.1 GET http://localhost:5010/swagger/swagger-ui-bundle.js - 304 null null 161.5226ms
2026-03-31 15:30:03.419 +05:30 [INF] Request starting HTTP/1.1 GET http://localhost:5010/swagger/swagger-ui-standalone-preset.js - null null
2026-03-31 15:30:03.434 +05:30 [INF] HTTP GET /swagger/index.js responded 304 in 2.3357 ms
2026-03-31 15:30:03.445 +05:30 [INF] Request starting HTTP/1.1 GET http://localhost:5010/_framework/aspnetcore-browser-refresh.js - null null
2026-03-31 15:30:03.463 +05:30 [INF] HTTP GET /swagger/swagger-ui-standalone-preset.js responded 304 in 7.0563 ms
2026-03-31 15:30:03.464 +05:30 [INF] Request finished HTTP/1.1 GET http://localhost:5010/swagger/index.js - 304 null null 68.8892ms
2026-03-31 15:30:03.490 +05:30 [INF] Request finished HTTP/1.1 GET http://localhost:5010/swagger/swagger-ui-standalone-preset.js - 304 null null 71.0651ms
2026-03-31 15:30:03.492 +05:30 [INF] Request finished HTTP/1.1 GET http://localhost:5010/_framework/aspnetcore-browser-refresh.js - 200 14935 application/javascript; charset=utf-8 46.8235ms
2026-03-31 15:30:03.560 +05:30 [INF] Request starting HTTP/1.1 GET http://localhost:5010/_vs/browserLink - null null
2026-03-31 15:30:03.681 +05:30 [INF] Request finished HTTP/1.1 GET http://localhost:5010/_vs/browserLink - 200 null text/javascript; charset=UTF-8 120.8942ms
2026-03-31 15:30:03.891 +05:30 [INF] Request starting HTTP/1.1 GET http://localhost:5010/swagger/v1/swagger.json - null null
2026-03-31 15:30:04.021 +05:30 [INF] HTTP GET /swagger/v1/swagger.json responded 200 in 116.4246 ms
2026-03-31 15:30:04.031 +05:30 [INF] Request finished HTTP/1.1 GET http://localhost:5010/swagger/v1/swagger.json - 200 null application/json;charset=utf-8 139.7428ms
2026-03-31 15:41:24.838 +05:30 [INF] Executed DbCommand (455ms) [Parameters=[@normalizedName='?' (Size = 256)], CommandType='"Text"', CommandTimeout='30']
SELECT TOP(1) [a].[Id], [a].[ConcurrencyStamp], [a].[Name], [a].[NormalizedName]
FROM [AspNetRoles] AS [a]
WHERE [a].[NormalizedName] = @normalizedName
2026-03-31 15:41:25.427 +05:30 [INF] Executed DbCommand (114ms) [Parameters=[@normalizedName='?' (Size = 256)], CommandType='"Text"', CommandTimeout='30']
SELECT TOP(1) [a].[Id], [a].[ConcurrencyStamp], [a].[Name], [a].[NormalizedName]
FROM [AspNetRoles] AS [a]
WHERE [a].[NormalizedName] = @normalizedName
2026-03-31 15:41:25.442 +05:30 [INF] Executed DbCommand (3ms) [Parameters=[@normalizedName='?' (Size = 256)], CommandType='"Text"', CommandTimeout='30']
SELECT TOP(1) [a].[Id], [a].[ConcurrencyStamp], [a].[Name], [a].[NormalizedName]
FROM [AspNetRoles] AS [a]
WHERE [a].[NormalizedName] = @normalizedName
2026-03-31 15:41:26.198 +05:30 [INF] Executed DbCommand (18ms) [Parameters=[], CommandType='"Text"', CommandTimeout='30']
SELECT 1
2026-03-31 15:41:26.221 +05:30 [INF] Acquiring an exclusive lock for migration application. See https://aka.ms/efcore-docs-migrations-lock for more information if this takes too long.
2026-03-31 15:41:26.321 +05:30 [INF] Executed DbCommand (88ms) [Parameters=[], CommandType='"Text"', CommandTimeout='30']
DECLARE @result int;
EXEC @result = sp_getapplock @Resource = '__EFMigrationsLock', @LockOwner = 'Session', @LockMode = 'Exclusive';
SELECT @result
2026-03-31 15:41:26.580 +05:30 [INF] Executed DbCommand (17ms) [Parameters=[], CommandType='"Text"', CommandTimeout='30']
IF OBJECT_ID(N'[__EFMigrationsHistory]') IS NULL
BEGIN
    CREATE TABLE [__EFMigrationsHistory] (
        [MigrationId] nvarchar(150) NOT NULL,
        [ProductVersion] nvarchar(32) NOT NULL,
        CONSTRAINT [PK___EFMigrationsHistory] PRIMARY KEY ([MigrationId])
    );
END;
2026-03-31 15:41:26.613 +05:30 [INF] Executed DbCommand (1ms) [Parameters=[], CommandType='"Text"', CommandTimeout='30']
SELECT 1
2026-03-31 15:41:26.624 +05:30 [INF] Executed DbCommand (3ms) [Parameters=[], CommandType='"Text"', CommandTimeout='30']
SELECT OBJECT_ID(N'[__EFMigrationsHistory]');
2026-03-31 15:41:26.649 +05:30 [INF] Executed DbCommand (13ms) [Parameters=[], CommandType='"Text"', CommandTimeout='30']
SELECT [MigrationId], [ProductVersion]
FROM [__EFMigrationsHistory]
ORDER BY [MigrationId];
2026-03-31 15:41:26.671 +05:30 [INF] No migrations were applied. The database is already up to date.
2026-03-31 15:41:26.685 +05:30 [INF] Executed DbCommand (10ms) [Parameters=[], CommandType='"Text"', CommandTimeout='30']
DECLARE @result int;
EXEC @result = sp_releaseapplock @Resource = '__EFMigrationsLock', @LockOwner = 'Session';
SELECT @result
2026-03-31 15:41:27.300 +05:30 [INF] User profile is available. Using 'C:\Users\Satvik\AppData\Local\ASP.NET\DataProtection-Keys' as key repository and Windows DPAPI to encrypt keys at rest.
2026-03-31 15:41:27.719 +05:30 [WRN] The WebRootPath was not found: C:\Users\Satvik\Desktop\capg\MicroservicesAssesment\Services\UserService\UserService.API\wwwroot. Static files may be unavailable.
2026-03-31 15:41:27.996 +05:30 [INF] Now listening on: http://localhost:5010
2026-03-31 15:41:28.880 +05:30 [INF] Application started. Press Ctrl+C to shut down.
2026-03-31 15:41:28.885 +05:30 [INF] Hosting environment: Development
2026-03-31 15:41:28.893 +05:30 [INF] Content root path: C:\Users\Satvik\Desktop\capg\MicroservicesAssesment\Services\UserService\UserService.API
2026-03-31 15:41:29.203 +05:30 [INF] Request starting HTTP/1.1 GET http://localhost:5010/ - null null
2026-03-31 15:41:30.113 +05:30 [INF] HTTP GET / responded 404 in 305.7798 ms
2026-03-31 15:41:30.177 +05:30 [INF] Request finished HTTP/1.1 GET http://localhost:5010/ - 404 null null 1001.4961ms
2026-03-31 15:41:30.196 +05:30 [INF] Request reached the end of the middleware pipeline without being handled by application code. Request path: GET http://localhost:5010/, Response status code: 404
2026-03-31 15:41:34.685 +05:30 [INF] Request starting HTTP/1.1 GET http://localhost:5010/swagger/index.html - null null
2026-03-31 15:41:34.917 +05:30 [INF] HTTP GET /swagger/index.html responded 304 in 206.0811 ms
2026-03-31 15:41:34.927 +05:30 [INF] Request finished HTTP/1.1 GET http://localhost:5010/swagger/index.html - 304 null null 243.0658ms
2026-03-31 15:41:35.005 +05:30 [INF] Request starting HTTP/1.1 GET http://localhost:5010/swagger/swagger-ui.css - null null
2026-03-31 15:41:35.006 +05:30 [INF] Request starting HTTP/1.1 GET http://localhost:5010/swagger/index.css - null null
2026-03-31 15:41:35.042 +05:30 [INF] Request starting HTTP/1.1 GET http://localhost:5010/swagger/swagger-ui-bundle.js - null null
2026-03-31 15:41:35.080 +05:30 [INF] HTTP GET /swagger/index.css responded 304 in 26.9008 ms
2026-03-31 15:41:35.080 +05:30 [INF] HTTP GET /swagger/swagger-ui.css responded 304 in 30.3266 ms
2026-03-31 15:41:35.091 +05:30 [INF] Request finished HTTP/1.1 GET http://localhost:5010/swagger/index.css - 304 null null 84.8975ms
2026-03-31 15:41:35.092 +05:30 [INF] HTTP GET /swagger/swagger-ui-bundle.js responded 304 in 29.1717 ms
2026-03-31 15:41:35.101 +05:30 [INF] Request finished HTTP/1.1 GET http://localhost:5010/swagger/swagger-ui.css - 304 null null 95.4212ms
2026-03-31 15:41:35.144 +05:30 [INF] Request starting HTTP/1.1 GET http://localhost:5010/swagger/swagger-ui-standalone-preset.js - null null
2026-03-31 15:41:35.148 +05:30 [INF] Request finished HTTP/1.1 GET http://localhost:5010/swagger/swagger-ui-bundle.js - 304 null null 106.692ms
2026-03-31 15:41:35.173 +05:30 [INF] Request starting HTTP/1.1 GET http://localhost:5010/swagger/index.js - null null
2026-03-31 15:41:35.195 +05:30 [INF] HTTP GET /swagger/swagger-ui-standalone-preset.js responded 304 in 11.3380 ms
2026-03-31 15:41:35.233 +05:30 [INF] Request starting HTTP/1.1 GET http://localhost:5010/_framework/aspnetcore-browser-refresh.js - null null
2026-03-31 15:41:35.245 +05:30 [INF] HTTP GET /swagger/index.js responded 304 in 1.5424 ms
2026-03-31 15:41:35.248 +05:30 [INF] Request finished HTTP/1.1 GET http://localhost:5010/swagger/swagger-ui-standalone-preset.js - 304 null null 104.0479ms
2026-03-31 15:41:35.259 +05:30 [INF] Request finished HTTP/1.1 GET http://localhost:5010/swagger/index.js - 304 null null 85.7851ms
2026-03-31 15:41:35.264 +05:30 [INF] Request finished HTTP/1.1 GET http://localhost:5010/_framework/aspnetcore-browser-refresh.js - 200 14935 application/javascript; charset=utf-8 31.4547ms
2026-03-31 15:41:35.275 +05:30 [INF] Request starting HTTP/1.1 GET http://localhost:5010/_vs/browserLink - null null
2026-03-31 15:41:35.409 +05:30 [INF] Request finished HTTP/1.1 GET http://localhost:5010/_vs/browserLink - 200 null text/javascript; charset=UTF-8 133.5151ms
2026-03-31 15:41:35.997 +05:30 [INF] Request starting HTTP/1.1 GET http://localhost:5010/swagger/v1/swagger.json - null null
2026-03-31 15:41:36.051 +05:30 [INF] HTTP GET /swagger/v1/swagger.json responded 200 in 42.1094 ms
2026-03-31 15:41:36.062 +05:30 [INF] Request finished HTTP/1.1 GET http://localhost:5010/swagger/v1/swagger.json - 200 null application/json;charset=utf-8 65.475ms
2026-03-31 15:42:01.000 +05:30 [INF] Request starting HTTP/1.1 POST http://localhost:5010/api/v1/auth/login - application/json 57
2026-03-31 15:42:01.052 +05:30 [INF] CORS policy execution successful.
2026-03-31 15:42:01.088 +05:30 [INF] Executing endpoint 'UserService.API.Controllers.AuthController.Login (UserService.API)'
2026-03-31 15:42:01.188 +05:30 [INF] Route matched with {action = "Login", controller = "Auth"}. Executing controller action with signature System.Threading.Tasks.Task`1[Microsoft.AspNetCore.Mvc.IActionResult] Login(UserService.Application.DTOs.LoginDto) on controller UserService.API.Controllers.AuthController (UserService.API).
2026-03-31 15:42:01.617 +05:30 [INF] Executed DbCommand (65ms) [Parameters=[@normalizedEmail='?' (Size = 256)], CommandType='"Text"', CommandTimeout='30']
SELECT TOP(2) [a].[Id], [a].[AccessFailedCount], [a].[ConcurrencyStamp], [a].[CreatedAt], [a].[Email], [a].[EmailConfirmed], [a].[FirstName], [a].[IsActive], [a].[IsMfaEnabled], [a].[LastName], [a].[LockoutEnabled], [a].[LockoutEnd], [a].[NormalizedEmail], [a].[NormalizedUserName], [a].[PasswordHash], [a].[PhoneNumber], [a].[PhoneNumberConfirmed], [a].[ProfileImageUrl], [a].[RefreshToken], [a].[RefreshTokenExpiry], [a].[SecurityStamp], [a].[TwoFactorEnabled], [a].[UpdatedAt], [a].[UserName]
FROM [AspNetUsers] AS [a]
WHERE [a].[NormalizedEmail] = @normalizedEmail
2026-03-31 15:42:02.642 +05:30 [INF] Executing UnauthorizedObjectResult, writing value of type '<>f__AnonymousType1`2[[System.Boolean, System.Private.CoreLib, Version=10.0.0.0, Culture=neutral, PublicKeyToken=7cec85d7bea7798e],[System.String, System.Private.CoreLib, Version=10.0.0.0, Culture=neutral, PublicKeyToken=7cec85d7bea7798e]]'.
2026-03-31 15:42:02.690 +05:30 [INF] Executed action UserService.API.Controllers.AuthController.Login (UserService.API) in 1478.8291ms
2026-03-31 15:42:02.695 +05:30 [INF] Executed endpoint 'UserService.API.Controllers.AuthController.Login (UserService.API)'
2026-03-31 15:42:02.704 +05:30 [INF] HTTP POST /api/v1/auth/login responded 401 in 1641.0331 ms
2026-03-31 15:42:02.721 +05:30 [INF] Request finished HTTP/1.1 POST http://localhost:5010/api/v1/auth/login - 401 null application/json; charset=utf-8 1720.731ms
2026-03-31 15:51:06.637 +05:30 [INF] Request starting HTTP/1.1 GET http://localhost:5010/api/v1/oauth/google - null null
2026-03-31 15:51:06.828 +05:30 [INF] Executing endpoint 'UserService.API.Controllers.OAuthController.GoogleLogin (UserService.API)'
2026-03-31 15:51:06.942 +05:30 [INF] Route matched with {action = "GoogleLogin", controller = "OAuth"}. Executing controller action with signature Microsoft.AspNetCore.Mvc.IActionResult GoogleLogin() on controller UserService.API.Controllers.OAuthController (UserService.API).
2026-03-31 15:51:07.287 +05:30 [INF] Executing ChallengeResult with authentication schemes (["Google"]).
2026-03-31 15:51:07.421 +05:30 [INF] AuthenticationScheme: Google was challenged.
2026-03-31 15:51:07.430 +05:30 [INF] Executed action UserService.API.Controllers.OAuthController.GoogleLogin (UserService.API) in 475.2542ms
2026-03-31 15:51:07.435 +05:30 [INF] Executed endpoint 'UserService.API.Controllers.OAuthController.GoogleLogin (UserService.API)'
2026-03-31 15:51:07.440 +05:30 [INF] HTTP GET /api/v1/oauth/google responded 302 in 690.9586 ms
2026-03-31 15:51:07.462 +05:30 [INF] Request finished HTTP/1.1 GET http://localhost:5010/api/v1/oauth/google - 302 0 null 837.8085ms
2026-03-31 16:08:37.063 +05:30 [INF] Executed DbCommand (207ms) [Parameters=[@normalizedName='?' (Size = 256)], CommandType='"Text"', CommandTimeout='30']
SELECT TOP(1) [a].[Id], [a].[ConcurrencyStamp], [a].[Name], [a].[NormalizedName]
FROM [AspNetRoles] AS [a]
WHERE [a].[NormalizedName] = @normalizedName
2026-03-31 16:08:37.447 +05:30 [INF] Executed DbCommand (75ms) [Parameters=[@normalizedName='?' (Size = 256)], CommandType='"Text"', CommandTimeout='30']
SELECT TOP(1) [a].[Id], [a].[ConcurrencyStamp], [a].[Name], [a].[NormalizedName]
FROM [AspNetRoles] AS [a]
WHERE [a].[NormalizedName] = @normalizedName
2026-03-31 16:08:37.457 +05:30 [INF] Executed DbCommand (1ms) [Parameters=[@normalizedName='?' (Size = 256)], CommandType='"Text"', CommandTimeout='30']
SELECT TOP(1) [a].[Id], [a].[ConcurrencyStamp], [a].[Name], [a].[NormalizedName]
FROM [AspNetRoles] AS [a]
WHERE [a].[NormalizedName] = @normalizedName
2026-03-31 16:08:37.886 +05:30 [INF] Executed DbCommand (9ms) [Parameters=[], CommandType='"Text"', CommandTimeout='30']
SELECT 1
2026-03-31 16:08:37.898 +05:30 [INF] Acquiring an exclusive lock for migration application. See https://aka.ms/efcore-docs-migrations-lock for more information if this takes too long.
2026-03-31 16:08:37.960 +05:30 [INF] Executed DbCommand (55ms) [Parameters=[], CommandType='"Text"', CommandTimeout='30']
DECLARE @result int;
EXEC @result = sp_getapplock @Resource = '__EFMigrationsLock', @LockOwner = 'Session', @LockMode = 'Exclusive';
SELECT @result
2026-03-31 16:08:38.150 +05:30 [INF] Executed DbCommand (19ms) [Parameters=[], CommandType='"Text"', CommandTimeout='30']
IF OBJECT_ID(N'[__EFMigrationsHistory]') IS NULL
BEGIN
    CREATE TABLE [__EFMigrationsHistory] (
        [MigrationId] nvarchar(150) NOT NULL,
        [ProductVersion] nvarchar(32) NOT NULL,
        CONSTRAINT [PK___EFMigrationsHistory] PRIMARY KEY ([MigrationId])
    );
END;
2026-03-31 16:08:38.175 +05:30 [INF] Executed DbCommand (1ms) [Parameters=[], CommandType='"Text"', CommandTimeout='30']
SELECT 1
2026-03-31 16:08:38.185 +05:30 [INF] Executed DbCommand (1ms) [Parameters=[], CommandType='"Text"', CommandTimeout='30']
SELECT OBJECT_ID(N'[__EFMigrationsHistory]');
2026-03-31 16:08:38.202 +05:30 [INF] Executed DbCommand (10ms) [Parameters=[], CommandType='"Text"', CommandTimeout='30']
SELECT [MigrationId], [ProductVersion]
FROM [__EFMigrationsHistory]
ORDER BY [MigrationId];
2026-03-31 16:08:38.221 +05:30 [INF] No migrations were applied. The database is already up to date.
2026-03-31 16:08:38.231 +05:30 [INF] Executed DbCommand (6ms) [Parameters=[], CommandType='"Text"', CommandTimeout='30']
DECLARE @result int;
EXEC @result = sp_releaseapplock @Resource = '__EFMigrationsLock', @LockOwner = 'Session';
SELECT @result
2026-03-31 16:08:38.652 +05:30 [INF] User profile is available. Using 'C:\Users\Satvik\AppData\Local\ASP.NET\DataProtection-Keys' as key repository and Windows DPAPI to encrypt keys at rest.
2026-03-31 16:08:38.926 +05:30 [WRN] The WebRootPath was not found: C:\Users\Satvik\Desktop\capg\MicroservicesAssesment\Services\UserService\UserService.API\wwwroot. Static files may be unavailable.
2026-03-31 16:08:39.131 +05:30 [INF] Now listening on: http://localhost:5010
2026-03-31 16:08:39.807 +05:30 [INF] Application started. Press Ctrl+C to shut down.
2026-03-31 16:08:39.810 +05:30 [INF] Hosting environment: Development
2026-03-31 16:08:39.813 +05:30 [INF] Content root path: C:\Users\Satvik\Desktop\capg\MicroservicesAssesment\Services\UserService\UserService.API
2026-03-31 16:08:39.974 +05:30 [INF] Request starting HTTP/1.1 GET http://localhost:5010/ - null null
2026-03-31 16:08:40.907 +05:30 [INF] HTTP GET / responded 404 in 504.0130 ms
2026-03-31 16:08:41.200 +05:30 [INF] Request finished HTTP/1.1 GET http://localhost:5010/ - 404 null null 1248.9203ms
2026-03-31 16:08:41.688 +05:30 [INF] Request reached the end of the middleware pipeline without being handled by application code. Request path: GET http://localhost:5010/, Response status code: 404
2026-03-31 16:08:47.090 +05:30 [INF] Request starting HTTP/1.1 GET http://localhost:5010/swagger/index.html - null null
2026-03-31 16:08:47.221 +05:30 [INF] HTTP GET /swagger/index.html responded 304 in 110.4149 ms
2026-03-31 16:08:47.228 +05:30 [INF] Request finished HTTP/1.1 GET http://localhost:5010/swagger/index.html - 304 null null 138.4038ms
2026-03-31 16:08:47.280 +05:30 [INF] Request starting HTTP/1.1 GET http://localhost:5010/swagger/index.css - null null
2026-03-31 16:08:47.281 +05:30 [INF] Request starting HTTP/1.1 GET http://localhost:5010/swagger/swagger-ui-bundle.js - null null
2026-03-31 16:08:47.281 +05:30 [INF] Request starting HTTP/1.1 GET http://localhost:5010/swagger/swagger-ui.css - null null
2026-03-31 16:08:47.309 +05:30 [INF] HTTP GET /swagger/index.css responded 304 in 22.0254 ms
2026-03-31 16:08:47.309 +05:30 [INF] HTTP GET /swagger/swagger-ui.css responded 304 in 11.5032 ms
2026-03-31 16:08:47.315 +05:30 [INF] Request finished HTTP/1.1 GET http://localhost:5010/swagger/index.css - 304 null null 34.7466ms
2026-03-31 16:08:47.320 +05:30 [INF] HTTP GET /swagger/swagger-ui-bundle.js responded 304 in 28.1409 ms
2026-03-31 16:08:47.325 +05:30 [INF] Request finished HTTP/1.1 GET http://localhost:5010/swagger/swagger-ui.css - 304 null null 44.6071ms
2026-03-31 16:08:47.331 +05:30 [INF] Request starting HTTP/1.1 GET http://localhost:5010/swagger/swagger-ui-standalone-preset.js - null null
2026-03-31 16:08:47.334 +05:30 [INF] Request finished HTTP/1.1 GET http://localhost:5010/swagger/swagger-ui-bundle.js - 304 null null 53.1715ms
2026-03-31 16:08:47.347 +05:30 [INF] Request starting HTTP/1.1 GET http://localhost:5010/swagger/index.js - null null
2026-03-31 16:08:47.370 +05:30 [INF] HTTP GET /swagger/swagger-ui-standalone-preset.js responded 304 in 18.3049 ms
2026-03-31 16:08:47.373 +05:30 [INF] Request starting HTTP/1.1 GET http://localhost:5010/_framework/aspnetcore-browser-refresh.js - null null
2026-03-31 16:08:47.379 +05:30 [INF] HTTP GET /swagger/index.js responded 304 in 0.5112 ms
2026-03-31 16:08:47.381 +05:30 [INF] Request finished HTTP/1.1 GET http://localhost:5010/swagger/swagger-ui-standalone-preset.js - 304 null null 50.37ms
2026-03-31 16:08:47.395 +05:30 [INF] Request finished HTTP/1.1 GET http://localhost:5010/swagger/index.js - 304 null null 47.636ms
2026-03-31 16:08:47.395 +05:30 [INF] Request finished HTTP/1.1 GET http://localhost:5010/_framework/aspnetcore-browser-refresh.js - 200 14935 application/javascript; charset=utf-8 21.9259ms
2026-03-31 16:08:47.406 +05:30 [INF] Request starting HTTP/1.1 GET http://localhost:5010/_vs/browserLink - null null
2026-03-31 16:08:47.494 +05:30 [INF] Request finished HTTP/1.1 GET http://localhost:5010/_vs/browserLink - 200 null text/javascript; charset=UTF-8 87.4672ms
2026-03-31 16:08:49.763 +05:30 [INF] Request starting HTTP/1.1 GET http://localhost:5010/swagger/v1/swagger.json - null null
2026-03-31 16:08:49.940 +05:30 [INF] HTTP GET /swagger/v1/swagger.json responded 200 in 31.5559 ms
2026-03-31 16:08:49.946 +05:30 [INF] Request finished HTTP/1.1 GET http://localhost:5010/swagger/v1/swagger.json - 200 null application/json;charset=utf-8 183.2714ms
2026-03-31 16:09:13.867 +05:30 [INF] Request starting HTTP/1.1 POST http://localhost:5010/api/v1/auth/login - application/json 69
2026-03-31 16:09:13.895 +05:30 [INF] CORS policy execution successful.
2026-03-31 16:09:13.955 +05:30 [INF] Executing endpoint 'UserService.API.Controllers.AuthController.Login (UserService.API)'
2026-03-31 16:09:14.046 +05:30 [INF] Route matched with {action = "Login", controller = "Auth"}. Executing controller action with signature System.Threading.Tasks.Task`1[Microsoft.AspNetCore.Mvc.IActionResult] Login(UserService.Application.DTOs.LoginDto) on controller UserService.API.Controllers.AuthController (UserService.API).
2026-03-31 16:09:14.649 +05:30 [INF] Executed DbCommand (262ms) [Parameters=[@normalizedEmail='?' (Size = 256)], CommandType='"Text"', CommandTimeout='30']
SELECT TOP(2) [a].[Id], [a].[AccessFailedCount], [a].[ConcurrencyStamp], [a].[CreatedAt], [a].[Email], [a].[EmailConfirmed], [a].[FirstName], [a].[IsActive], [a].[IsMfaEnabled], [a].[LastName], [a].[LockoutEnabled], [a].[LockoutEnd], [a].[NormalizedEmail], [a].[NormalizedUserName], [a].[PasswordHash], [a].[PhoneNumber], [a].[PhoneNumberConfirmed], [a].[ProfileImageUrl], [a].[RefreshToken], [a].[RefreshTokenExpiry], [a].[SecurityStamp], [a].[TwoFactorEnabled], [a].[UpdatedAt], [a].[UserName]
FROM [AspNetUsers] AS [a]
WHERE [a].[NormalizedEmail] = @normalizedEmail
2026-03-31 16:09:15.255 +05:30 [INF] Executed DbCommand (201ms) [Parameters=[@userId='?' (Size = 450)], CommandType='"Text"', CommandTimeout='30']
SELECT [a0].[Name]
FROM [AspNetUserRoles] AS [a]
INNER JOIN [AspNetRoles] AS [a0] ON [a].[RoleId] = [a0].[Id]
WHERE [a].[UserId] = @userId
2026-03-31 16:09:15.386 +05:30 [INF] Executed DbCommand (21ms) [Parameters=[@normalizedUserName='?' (Size = 256)], CommandType='"Text"', CommandTimeout='30']
SELECT TOP(1) [a].[Id], [a].[AccessFailedCount], [a].[ConcurrencyStamp], [a].[CreatedAt], [a].[Email], [a].[EmailConfirmed], [a].[FirstName], [a].[IsActive], [a].[IsMfaEnabled], [a].[LastName], [a].[LockoutEnabled], [a].[LockoutEnd], [a].[NormalizedEmail], [a].[NormalizedUserName], [a].[PasswordHash], [a].[PhoneNumber], [a].[PhoneNumberConfirmed], [a].[ProfileImageUrl], [a].[RefreshToken], [a].[RefreshTokenExpiry], [a].[SecurityStamp], [a].[TwoFactorEnabled], [a].[UpdatedAt], [a].[UserName]
FROM [AspNetUsers] AS [a]
WHERE [a].[NormalizedUserName] = @normalizedUserName
2026-03-31 16:09:15.435 +05:30 [INF] Executed DbCommand (12ms) [Parameters=[@normalizedEmail='?' (Size = 256)], CommandType='"Text"', CommandTimeout='30']
SELECT TOP(2) [a].[Id], [a].[AccessFailedCount], [a].[ConcurrencyStamp], [a].[CreatedAt], [a].[Email], [a].[EmailConfirmed], [a].[FirstName], [a].[IsActive], [a].[IsMfaEnabled], [a].[LastName], [a].[LockoutEnabled], [a].[LockoutEnd], [a].[NormalizedEmail], [a].[NormalizedUserName], [a].[PasswordHash], [a].[PhoneNumber], [a].[PhoneNumberConfirmed], [a].[ProfileImageUrl], [a].[RefreshToken], [a].[RefreshTokenExpiry], [a].[SecurityStamp], [a].[TwoFactorEnabled], [a].[UpdatedAt], [a].[UserName]
FROM [AspNetUsers] AS [a]
WHERE [a].[NormalizedEmail] = @normalizedEmail
2026-03-31 16:09:15.854 +05:30 [INF] Executed DbCommand (119ms) [Parameters=[@p23='?' (Size = 450), @p0='?' (DbType = Int32), @p1='?' (Size = 4000), @p24='?' (Size = 4000), @p2='?' (DbType = DateTime2), @p3='?' (Size = 256), @p4='?' (DbType = Boolean), @p5='?' (Size = 50), @p6='?' (DbType = Boolean), @p7='?' (DbType = Boolean), @p8='?' (Size = 50), @p9='?' (DbType = Boolean), @p10='?' (DbType = DateTimeOffset), @p11='?' (Size = 256), @p12='?' (Size = 256), @p13='?' (Size = 4000), @p14='?' (Size = 4000), @p15='?' (DbType = Boolean), @p16='?' (Size = 4000), @p17='?' (Size = 4000), @p18='?' (DbType = DateTime2), @p19='?' (Size = 4000), @p20='?' (DbType = Boolean), @p21='?' (DbType = DateTime2), @p22='?' (Size = 256)], CommandType='"Text"', CommandTimeout='30']
SET IMPLICIT_TRANSACTIONS OFF;
SET NOCOUNT ON;
UPDATE [AspNetUsers] SET [AccessFailedCount] = @p0, [ConcurrencyStamp] = @p1, [CreatedAt] = @p2, [Email] = @p3, [EmailConfirmed] = @p4, [FirstName] = @p5, [IsActive] = @p6, [IsMfaEnabled] = @p7, [LastName] = @p8, [LockoutEnabled] = @p9, [LockoutEnd] = @p10, [NormalizedEmail] = @p11, [NormalizedUserName] = @p12, [PasswordHash] = @p13, [PhoneNumber] = @p14, [PhoneNumberConfirmed] = @p15, [ProfileImageUrl] = @p16, [RefreshToken] = @p17, [RefreshTokenExpiry] = @p18, [SecurityStamp] = @p19, [TwoFactorEnabled] = @p20, [UpdatedAt] = @p21, [UserName] = @p22
OUTPUT 1
WHERE [Id] = @p23 AND [ConcurrencyStamp] = @p24;
2026-03-31 16:09:15.962 +05:30 [INF] Executing OkObjectResult, writing value of type '<>f__AnonymousType0`2[[System.Boolean, System.Private.CoreLib, Version=10.0.0.0, Culture=neutral, PublicKeyToken=7cec85d7bea7798e],[UserService.Application.DTOs.TokenResponseDto, UserService.Application, Version=1.0.0.0, Culture=neutral, PublicKeyToken=null]]'.
2026-03-31 16:09:16.000 +05:30 [INF] Executed action UserService.API.Controllers.AuthController.Login (UserService.API) in 1927.5497ms
2026-03-31 16:09:16.010 +05:30 [INF] Executed endpoint 'UserService.API.Controllers.AuthController.Login (UserService.API)'
2026-03-31 16:09:16.017 +05:30 [INF] HTTP POST /api/v1/auth/login responded 200 in 2065.6145 ms
2026-03-31 16:09:16.044 +05:30 [INF] Request finished HTTP/1.1 POST http://localhost:5010/api/v1/auth/login - 200 null application/json; charset=utf-8 2176.9224ms
2026-03-31 16:09:44.379 +05:30 [INF] Request starting HTTP/1.1 POST http://localhost:5010/api/v1/auth/send-otp - application/json 99
2026-03-31 16:09:44.435 +05:30 [INF] CORS policy execution successful.
2026-03-31 16:09:44.548 +05:30 [INF] Authorization failed. These requirements were not met:
DenyAnonymousAuthorizationRequirement: Requires an authenticated user.
2026-03-31 16:09:44.601 +05:30 [INF] AuthenticationScheme: Bearer was challenged.
2026-03-31 16:09:44.613 +05:30 [INF] HTTP POST /api/v1/auth/send-otp responded 401 in 119.8135 ms
2026-03-31 16:09:44.620 +05:30 [INF] Request finished HTTP/1.1 POST http://localhost:5010/api/v1/auth/send-otp - 401 0 null 241.2635ms
2026-03-31 16:10:12.269 +05:30 [INF] Request starting HTTP/1.1 POST http://localhost:5010/api/v1/auth/send-otp - application/json 99
2026-03-31 16:10:12.288 +05:30 [INF] CORS policy execution successful.
2026-03-31 16:10:12.491 +05:30 [INF] Executing endpoint 'UserService.API.Controllers.AuthController.SendOtp (UserService.API)'
2026-03-31 16:10:12.548 +05:30 [INF] Route matched with {action = "SendOtp", controller = "Auth"}. Executing controller action with signature System.Threading.Tasks.Task`1[Microsoft.AspNetCore.Mvc.IActionResult] SendOtp(UserService.Application.DTOs.SendOtpDto) on controller UserService.API.Controllers.AuthController (UserService.API).
2026-03-31 16:10:12.699 +05:30 [INF] Executed DbCommand (16ms) [Parameters=[@p='?' (Size = 450)], CommandType='"Text"', CommandTimeout='30']
SELECT TOP(1) [a].[Id], [a].[AccessFailedCount], [a].[ConcurrencyStamp], [a].[CreatedAt], [a].[Email], [a].[EmailConfirmed], [a].[FirstName], [a].[IsActive], [a].[IsMfaEnabled], [a].[LastName], [a].[LockoutEnabled], [a].[LockoutEnd], [a].[NormalizedEmail], [a].[NormalizedUserName], [a].[PasswordHash], [a].[PhoneNumber], [a].[PhoneNumberConfirmed], [a].[ProfileImageUrl], [a].[RefreshToken], [a].[RefreshTokenExpiry], [a].[SecurityStamp], [a].[TwoFactorEnabled], [a].[UpdatedAt], [a].[UserName]
FROM [AspNetUsers] AS [a]
WHERE [a].[Id] = @p
2026-03-31 16:10:14.668 +05:30 [INF] Executing OkObjectResult, writing value of type '<>f__AnonymousType2`3[[System.Boolean, System.Private.CoreLib, Version=10.0.0.0, Culture=neutral, PublicKeyToken=7cec85d7bea7798e],[System.String, System.Private.CoreLib, Version=10.0.0.0, Culture=neutral, PublicKeyToken=7cec85d7bea7798e],[System.String, System.Private.CoreLib, Version=10.0.0.0, Culture=neutral, PublicKeyToken=7cec85d7bea7798e]]'.
2026-03-31 16:10:14.700 +05:30 [INF] Executed action UserService.API.Controllers.AuthController.SendOtp (UserService.API) in 2147.5879ms
2026-03-31 16:10:14.715 +05:30 [INF] Executed endpoint 'UserService.API.Controllers.AuthController.SendOtp (UserService.API)'
2026-03-31 16:10:14.719 +05:30 [INF] HTTP POST /api/v1/auth/send-otp responded 200 in 2426.3700 ms
2026-03-31 16:10:14.729 +05:30 [INF] Request finished HTTP/1.1 POST http://localhost:5010/api/v1/auth/send-otp - 200 null application/json; charset=utf-8 2459.4492ms
2026-03-31 16:11:12.161 +05:30 [INF] Request starting HTTP/1.1 POST http://localhost:5010/api/v1/auth/verify-otp - application/json 97
2026-03-31 16:11:12.242 +05:30 [INF] CORS policy execution successful.
2026-03-31 16:11:12.248 +05:30 [INF] Executing endpoint 'UserService.API.Controllers.AuthController.VerifyOtp (UserService.API)'
2026-03-31 16:11:12.283 +05:30 [INF] Route matched with {action = "VerifyOtp", controller = "Auth"}. Executing controller action with signature System.Threading.Tasks.Task`1[Microsoft.AspNetCore.Mvc.IActionResult] VerifyOtp(UserService.Application.DTOs.VerifyOtpDto) on controller UserService.API.Controllers.AuthController (UserService.API).
2026-03-31 16:11:12.333 +05:30 [INF] Executing OkObjectResult, writing value of type '<>f__AnonymousType1`2[[System.Boolean, System.Private.CoreLib, Version=10.0.0.0, Culture=neutral, PublicKeyToken=7cec85d7bea7798e],[System.String, System.Private.CoreLib, Version=10.0.0.0, Culture=neutral, PublicKeyToken=7cec85d7bea7798e]]'.
2026-03-31 16:11:12.342 +05:30 [INF] Executed action UserService.API.Controllers.AuthController.VerifyOtp (UserService.API) in 54.6006ms
2026-03-31 16:11:12.353 +05:30 [INF] Executed endpoint 'UserService.API.Controllers.AuthController.VerifyOtp (UserService.API)'
2026-03-31 16:11:12.355 +05:30 [INF] HTTP POST /api/v1/auth/verify-otp responded 200 in 111.7074 ms
2026-03-31 16:11:12.364 +05:30 [INF] Request finished HTTP/1.1 POST http://localhost:5010/api/v1/auth/verify-otp - 200 null application/json; charset=utf-8 202.9284ms
2026-03-31 16:12:05.426 +05:30 [INF] Executed DbCommand (1,274ms) [Parameters=[@normalizedName='?' (Size = 256)], CommandType='"Text"', CommandTimeout='30']
SELECT TOP(1) [a].[Id], [a].[ConcurrencyStamp], [a].[Name], [a].[NormalizedName]
FROM [AspNetRoles] AS [a]
WHERE [a].[NormalizedName] = @normalizedName
2026-03-31 16:12:07.638 +05:30 [INF] Executed DbCommand (128ms) [Parameters=[@normalizedName='?' (Size = 256)], CommandType='"Text"', CommandTimeout='30']
SELECT TOP(1) [a].[Id], [a].[ConcurrencyStamp], [a].[Name], [a].[NormalizedName]
FROM [AspNetRoles] AS [a]
WHERE [a].[NormalizedName] = @normalizedName
2026-03-31 16:12:08.278 +05:30 [INF] Executed DbCommand (26ms) [Parameters=[@normalizedName='?' (Size = 256)], CommandType='"Text"', CommandTimeout='30']
SELECT TOP(1) [a].[Id], [a].[ConcurrencyStamp], [a].[Name], [a].[NormalizedName]
FROM [AspNetRoles] AS [a]
WHERE [a].[NormalizedName] = @normalizedName
2026-03-31 16:12:12.744 +05:30 [INF] Executed DbCommand (35ms) [Parameters=[], CommandType='"Text"', CommandTimeout='30']
SELECT 1
2026-03-31 16:12:13.301 +05:30 [INF] Acquiring an exclusive lock for migration application. See https://aka.ms/efcore-docs-migrations-lock for more information if this takes too long.
2026-03-31 16:12:13.594 +05:30 [INF] Executed DbCommand (113ms) [Parameters=[], CommandType='"Text"', CommandTimeout='30']
DECLARE @result int;
EXEC @result = sp_getapplock @Resource = '__EFMigrationsLock', @LockOwner = 'Session', @LockMode = 'Exclusive';
SELECT @result
2026-03-31 16:12:15.246 +05:30 [INF] Executed DbCommand (31ms) [Parameters=[], CommandType='"Text"', CommandTimeout='30']
IF OBJECT_ID(N'[__EFMigrationsHistory]') IS NULL
BEGIN
    CREATE TABLE [__EFMigrationsHistory] (
        [MigrationId] nvarchar(150) NOT NULL,
        [ProductVersion] nvarchar(32) NOT NULL,
        CONSTRAINT [PK___EFMigrationsHistory] PRIMARY KEY ([MigrationId])
    );
END;
2026-03-31 16:12:15.553 +05:30 [INF] Executed DbCommand (17ms) [Parameters=[], CommandType='"Text"', CommandTimeout='30']
SELECT 1
2026-03-31 16:12:16.145 +05:30 [INF] Executed DbCommand (28ms) [Parameters=[], CommandType='"Text"', CommandTimeout='30']
SELECT OBJECT_ID(N'[__EFMigrationsHistory]');
2026-03-31 16:12:16.410 +05:30 [INF] Executed DbCommand (69ms) [Parameters=[], CommandType='"Text"', CommandTimeout='30']
SELECT [MigrationId], [ProductVersion]
FROM [__EFMigrationsHistory]
ORDER BY [MigrationId];
2026-03-31 16:12:16.881 +05:30 [INF] No migrations were applied. The database is already up to date.
2026-03-31 16:12:17.143 +05:30 [INF] Executed DbCommand (27ms) [Parameters=[], CommandType='"Text"', CommandTimeout='30']
DECLARE @result int;
EXEC @result = sp_releaseapplock @Resource = '__EFMigrationsLock', @LockOwner = 'Session';
SELECT @result
2026-03-31 16:12:18.796 +05:30 [INF] User profile is available. Using 'C:\Users\Satvik\AppData\Local\ASP.NET\DataProtection-Keys' as key repository and Windows DPAPI to encrypt keys at rest.
2026-03-31 16:12:19.442 +05:30 [WRN] The WebRootPath was not found: C:\Users\Satvik\Desktop\capg\MicroservicesAssesment\Services\UserService\UserService.API\wwwroot. Static files may be unavailable.
2026-03-31 16:12:20.065 +05:30 [INF] Now listening on: http://localhost:5010
2026-03-31 16:12:20.687 +05:30 [INF] Request starting HTTP/1.1 GET http://localhost:5010/ - null null
2026-03-31 16:12:21.201 +05:30 [INF] Application started. Press Ctrl+C to shut down.
2026-03-31 16:12:21.373 +05:30 [INF] Hosting environment: Development
2026-03-31 16:12:21.519 +05:30 [INF] Content root path: C:\Users\Satvik\Desktop\capg\MicroservicesAssesment\Services\UserService\UserService.API
2026-03-31 16:12:22.345 +05:30 [INF] HTTP GET / responded 404 in 378.7718 ms
2026-03-31 16:12:22.582 +05:30 [INF] Request finished HTTP/1.1 GET http://localhost:5010/ - 404 null null 1905.5812ms
2026-03-31 16:12:23.038 +05:30 [INF] Request reached the end of the middleware pipeline without being handled by application code. Request path: GET http://localhost:5010/, Response status code: 404
2026-03-31 16:12:32.120 +05:30 [INF] Request starting HTTP/1.1 GET http://localhost:5010/swagger/index.html - null null
2026-03-31 16:12:32.282 +05:30 [INF] HTTP GET /swagger/index.html responded 304 in 137.1740 ms
2026-03-31 16:12:32.302 +05:30 [INF] Request finished HTTP/1.1 GET http://localhost:5010/swagger/index.html - 304 null null 181.593ms
2026-03-31 16:12:32.348 +05:30 [INF] Request starting HTTP/1.1 GET http://localhost:5010/swagger/swagger-ui.css - null null
2026-03-31 16:12:32.358 +05:30 [INF] Request starting HTTP/1.1 GET http://localhost:5010/swagger/index.css - null null
2026-03-31 16:12:32.366 +05:30 [INF] Request starting HTTP/1.1 GET http://localhost:5010/_framework/aspnetcore-browser-refresh.js - null null
2026-03-31 16:12:32.359 +05:30 [INF] Request starting HTTP/1.1 GET http://localhost:5010/swagger/swagger-ui-bundle.js - null null
2026-03-31 16:12:32.366 +05:30 [INF] Request starting HTTP/1.1 GET http://localhost:5010/swagger/index.js - null null
2026-03-31 16:12:32.388 +05:30 [INF] Request finished HTTP/1.1 GET http://localhost:5010/_framework/aspnetcore-browser-refresh.js - 200 14935 application/javascript; charset=utf-8 21.8699ms
2026-03-31 16:12:32.398 +05:30 [INF] HTTP GET /swagger/index.css responded 304 in 24.3773 ms
2026-03-31 16:12:32.398 +05:30 [INF] HTTP GET /swagger/swagger-ui.css responded 304 in 40.1610 ms
2026-03-31 16:12:32.365 +05:30 [INF] Request starting HTTP/1.1 GET http://localhost:5010/swagger/swagger-ui-standalone-preset.js - null null
2026-03-31 16:12:32.404 +05:30 [INF] HTTP GET /swagger/index.js responded 304 in 0.8890 ms
2026-03-31 16:12:32.433 +05:30 [INF] HTTP GET /swagger/swagger-ui-standalone-preset.js responded 304 in 7.4781 ms
2026-03-31 16:12:32.415 +05:30 [INF] Request finished HTTP/1.1 GET http://localhost:5010/swagger/index.css - 304 null null 56.864ms
2026-03-31 16:12:32.411 +05:30 [INF] HTTP GET /swagger/swagger-ui-bundle.js responded 304 in 23.6678 ms
2026-03-31 16:12:32.419 +05:30 [INF] Request finished HTTP/1.1 GET http://localhost:5010/swagger/swagger-ui.css - 304 null null 70.8374ms
2026-03-31 16:12:32.412 +05:30 [INF] Request starting HTTP/1.1 GET http://localhost:5010/_vs/browserLink - null null
2026-03-31 16:12:32.433 +05:30 [INF] Request finished HTTP/1.1 GET http://localhost:5010/swagger/index.js - 304 null null 67.7489ms
2026-03-31 16:12:32.438 +05:30 [INF] Request finished HTTP/1.1 GET http://localhost:5010/swagger/swagger-ui-standalone-preset.js - 304 null null 72.8114ms
2026-03-31 16:12:32.455 +05:30 [INF] Request finished HTTP/1.1 GET http://localhost:5010/swagger/swagger-ui-bundle.js - 304 null null 95.6188ms
2026-03-31 16:12:32.576 +05:30 [INF] Request finished HTTP/1.1 GET http://localhost:5010/_vs/browserLink - 200 null text/javascript; charset=UTF-8 163.3483ms
2026-03-31 16:12:32.641 +05:30 [INF] Request starting HTTP/1.1 GET http://localhost:5010/swagger/v1/swagger.json - null null
2026-03-31 16:12:32.683 +05:30 [INF] HTTP GET /swagger/v1/swagger.json responded 200 in 33.1081 ms
2026-03-31 16:12:32.688 +05:30 [INF] Request finished HTTP/1.1 GET http://localhost:5010/swagger/v1/swagger.json - 200 null application/json;charset=utf-8 46.8673ms
2026-03-31 16:21:25.388 +05:30 [INF] Request starting HTTP/1.1 GET http://localhost:5010/api/v1/oauth/google - null null
2026-03-31 16:21:25.677 +05:30 [INF] Executing endpoint 'UserService.API.Controllers.OAuthController.GoogleLogin (UserService.API)'
2026-03-31 16:21:25.846 +05:30 [INF] Route matched with {action = "GoogleLogin", controller = "OAuth"}. Executing controller action with signature Microsoft.AspNetCore.Mvc.IActionResult GoogleLogin() on controller UserService.API.Controllers.OAuthController (UserService.API).
2026-03-31 16:21:26.079 +05:30 [INF] Executing ChallengeResult with authentication schemes (["Google"]).
2026-03-31 16:21:26.187 +05:30 [INF] AuthenticationScheme: Google was challenged.
2026-03-31 16:21:26.203 +05:30 [INF] Executed action UserService.API.Controllers.OAuthController.GoogleLogin (UserService.API) in 338.588ms
2026-03-31 16:21:26.208 +05:30 [INF] Executed endpoint 'UserService.API.Controllers.OAuthController.GoogleLogin (UserService.API)'
2026-03-31 16:21:26.215 +05:30 [INF] HTTP GET /api/v1/oauth/google responded 302 in 578.3272 ms
2026-03-31 16:21:26.246 +05:30 [INF] Request finished HTTP/1.1 GET http://localhost:5010/api/v1/oauth/google - 302 null null 862.3067ms
2026-03-31 16:21:33.887 +05:30 [INF] Request starting HTTP/1.1 GET http://localhost:5010/swagger/index.html - null null
2026-03-31 16:21:33.949 +05:30 [INF] HTTP GET /swagger/index.html responded 304 in 13.1680 ms
2026-03-31 16:21:33.952 +05:30 [INF] Request finished HTTP/1.1 GET http://localhost:5010/swagger/index.html - 304 null null 64.9421ms
2026-03-31 16:21:33.996 +05:30 [INF] Request starting HTTP/1.1 GET http://localhost:5010/_framework/aspnetcore-browser-refresh.js - null null
2026-03-31 16:21:34.027 +05:30 [INF] Request starting HTTP/1.1 GET http://localhost:5010/swagger/swagger-ui-bundle.js - null null
2026-03-31 16:21:34.086 +05:30 [INF] Request finished HTTP/1.1 GET http://localhost:5010/_framework/aspnetcore-browser-refresh.js - 200 14935 application/javascript; charset=utf-8 89.3939ms
2026-03-31 16:21:34.027 +05:30 [INF] Request starting HTTP/1.1 GET http://localhost:5010/swagger/index.css - null null
2026-03-31 16:21:34.081 +05:30 [INF] Request starting HTTP/1.1 GET http://localhost:5010/swagger/swagger-ui.css - null null
2026-03-31 16:21:34.029 +05:30 [INF] Request starting HTTP/1.1 GET http://localhost:5010/swagger/swagger-ui-standalone-preset.js - null null
2026-03-31 16:21:34.077 +05:30 [INF] Request starting HTTP/1.1 GET http://localhost:5010/swagger/index.js - null null
2026-03-31 16:21:34.114 +05:30 [INF] HTTP GET /swagger/swagger-ui-bundle.js responded 304 in 1.0826 ms
2026-03-31 16:21:34.120 +05:30 [INF] Request starting HTTP/1.1 GET http://localhost:5010/_vs/browserLink - null null
2026-03-31 16:21:34.126 +05:30 [INF] HTTP GET /swagger/index.css responded 304 in 0.2135 ms
2026-03-31 16:21:34.131 +05:30 [INF] HTTP GET /swagger/swagger-ui.css responded 304 in 0.1270 ms
2026-03-31 16:21:34.147 +05:30 [INF] Request finished HTTP/1.1 GET http://localhost:5010/swagger/swagger-ui-bundle.js - 304 null null 119.8632ms
2026-03-31 16:21:34.156 +05:30 [INF] Request finished HTTP/1.1 GET http://localhost:5010/swagger/index.css - 304 null null 128.427ms
2026-03-31 16:21:34.136 +05:30 [INF] HTTP GET /swagger/swagger-ui-standalone-preset.js responded 304 in 0.1556 ms
2026-03-31 16:21:34.145 +05:30 [INF] HTTP GET /swagger/index.js responded 304 in 1.3058 ms
2026-03-31 16:21:34.168 +05:30 [INF] Request finished HTTP/1.1 GET http://localhost:5010/swagger/swagger-ui.css - 304 null null 87.6927ms
2026-03-31 16:21:34.189 +05:30 [INF] Request finished HTTP/1.1 GET http://localhost:5010/swagger/swagger-ui-standalone-preset.js - 304 null null 159.8145ms
2026-03-31 16:21:34.194 +05:30 [INF] Request finished HTTP/1.1 GET http://localhost:5010/swagger/index.js - 304 null null 116.9187ms
2026-03-31 16:21:34.196 +05:30 [INF] Request finished HTTP/1.1 GET http://localhost:5010/_vs/browserLink - 200 null text/javascript; charset=UTF-8 76.2379ms
2026-03-31 16:21:34.295 +05:30 [INF] Request starting HTTP/1.1 GET http://localhost:5010/swagger/v1/swagger.json - null null
2026-03-31 16:21:34.374 +05:30 [INF] HTTP GET /swagger/v1/swagger.json responded 200 in 71.7279 ms
2026-03-31 16:21:34.382 +05:30 [INF] Request finished HTTP/1.1 GET http://localhost:5010/swagger/v1/swagger.json - 200 null application/json;charset=utf-8 86.9869ms
2026-03-31 16:23:13.588 +05:30 [INF] Request starting HTTP/1.1 POST http://localhost:5010/api/v1/auth/register - application/json 192
2026-03-31 16:23:13.619 +05:30 [INF] CORS policy execution successful.
2026-03-31 16:23:13.637 +05:30 [INF] Executing endpoint 'UserService.API.Controllers.AuthController.Register (UserService.API)'
2026-03-31 16:23:13.691 +05:30 [INF] Route matched with {action = "Register", controller = "Auth"}. Executing controller action with signature System.Threading.Tasks.Task`1[Microsoft.AspNetCore.Mvc.IActionResult] Register(UserService.Application.DTOs.RegisterDto) on controller UserService.API.Controllers.AuthController (UserService.API).
2026-03-31 16:23:15.603 +05:30 [INF] Executed DbCommand (122ms) [Parameters=[@normalizedEmail='?' (Size = 256)], CommandType='"Text"', CommandTimeout='30']
SELECT TOP(2) [a].[Id], [a].[AccessFailedCount], [a].[ConcurrencyStamp], [a].[CreatedAt], [a].[Email], [a].[EmailConfirmed], [a].[FirstName], [a].[IsActive], [a].[IsMfaEnabled], [a].[LastName], [a].[LockoutEnabled], [a].[LockoutEnd], [a].[NormalizedEmail], [a].[NormalizedUserName], [a].[PasswordHash], [a].[PhoneNumber], [a].[PhoneNumberConfirmed], [a].[ProfileImageUrl], [a].[RefreshToken], [a].[RefreshTokenExpiry], [a].[SecurityStamp], [a].[TwoFactorEnabled], [a].[UpdatedAt], [a].[UserName]
FROM [AspNetUsers] AS [a]
WHERE [a].[NormalizedEmail] = @normalizedEmail
2026-03-31 16:23:15.940 +05:30 [INF] Executed DbCommand (89ms) [Parameters=[@normalizedUserName='?' (Size = 256)], CommandType='"Text"', CommandTimeout='30']
SELECT TOP(1) [a].[Id], [a].[AccessFailedCount], [a].[ConcurrencyStamp], [a].[CreatedAt], [a].[Email], [a].[EmailConfirmed], [a].[FirstName], [a].[IsActive], [a].[IsMfaEnabled], [a].[LastName], [a].[LockoutEnabled], [a].[LockoutEnd], [a].[NormalizedEmail], [a].[NormalizedUserName], [a].[PasswordHash], [a].[PhoneNumber], [a].[PhoneNumberConfirmed], [a].[ProfileImageUrl], [a].[RefreshToken], [a].[RefreshTokenExpiry], [a].[SecurityStamp], [a].[TwoFactorEnabled], [a].[UpdatedAt], [a].[UserName]
FROM [AspNetUsers] AS [a]
WHERE [a].[NormalizedUserName] = @normalizedUserName
2026-03-31 16:23:17.136 +05:30 [INF] Executed DbCommand (23ms) [Parameters=[@normalizedEmail='?' (Size = 256)], CommandType='"Text"', CommandTimeout='30']
SELECT TOP(2) [a].[Id], [a].[AccessFailedCount], [a].[ConcurrencyStamp], [a].[CreatedAt], [a].[Email], [a].[EmailConfirmed], [a].[FirstName], [a].[IsActive], [a].[IsMfaEnabled], [a].[LastName], [a].[LockoutEnabled], [a].[LockoutEnd], [a].[NormalizedEmail], [a].[NormalizedUserName], [a].[PasswordHash], [a].[PhoneNumber], [a].[PhoneNumberConfirmed], [a].[ProfileImageUrl], [a].[RefreshToken], [a].[RefreshTokenExpiry], [a].[SecurityStamp], [a].[TwoFactorEnabled], [a].[UpdatedAt], [a].[UserName]
FROM [AspNetUsers] AS [a]
WHERE [a].[NormalizedEmail] = @normalizedEmail
2026-03-31 16:23:18.314 +05:30 [INF] Executed DbCommand (162ms) [Parameters=[@p0='?' (Size = 450), @p1='?' (DbType = Int32), @p2='?' (Size = 4000), @p3='?' (DbType = DateTime2), @p4='?' (Size = 256), @p5='?' (DbType = Boolean), @p6='?' (Size = 50), @p7='?' (DbType = Boolean), @p8='?' (DbType = Boolean), @p9='?' (Size = 50), @p10='?' (DbType = Boolean), @p11='?' (DbType = DateTimeOffset), @p12='?' (Size = 256), @p13='?' (Size = 256), @p14='?' (Size = 4000), @p15='?' (Size = 4000), @p16='?' (DbType = Boolean), @p17='?' (Size = 4000), @p18='?' (Size = 4000), @p19='?' (DbType = DateTime2), @p20='?' (Size = 4000), @p21='?' (DbType = Boolean), @p22='?' (DbType = DateTime2), @p23='?' (Size = 256)], CommandType='"Text"', CommandTimeout='30']
SET IMPLICIT_TRANSACTIONS OFF;
SET NOCOUNT ON;
INSERT INTO [AspNetUsers] ([Id], [AccessFailedCount], [ConcurrencyStamp], [CreatedAt], [Email], [EmailConfirmed], [FirstName], [IsActive], [IsMfaEnabled], [LastName], [LockoutEnabled], [LockoutEnd], [NormalizedEmail], [NormalizedUserName], [PasswordHash], [PhoneNumber], [PhoneNumberConfirmed], [ProfileImageUrl], [RefreshToken], [RefreshTokenExpiry], [SecurityStamp], [TwoFactorEnabled], [UpdatedAt], [UserName])
VALUES (@p0, @p1, @p2, @p3, @p4, @p5, @p6, @p7, @p8, @p9, @p10, @p11, @p12, @p13, @p14, @p15, @p16, @p17, @p18, @p19, @p20, @p21, @p22, @p23);
2026-03-31 16:23:18.477 +05:30 [INF] Executed DbCommand (71ms) [Parameters=[@normalizedRoleName='?' (Size = 256)], CommandType='"Text"', CommandTimeout='30']
SELECT TOP(2) [a].[Id], [a].[ConcurrencyStamp], [a].[Name], [a].[NormalizedName]
FROM [AspNetRoles] AS [a]
WHERE [a].[NormalizedName] = @normalizedRoleName
2026-03-31 16:23:18.681 +05:30 [INF] Executed DbCommand (11ms) [Parameters=[@p='?' (Size = 450), @p1='?' (Size = 450)], CommandType='"Text"', CommandTimeout='30']
SELECT TOP(1) [a].[UserId], [a].[RoleId]
FROM [AspNetUserRoles] AS [a]
WHERE [a].[UserId] = @p AND [a].[RoleId] = @p1
2026-03-31 16:23:18.707 +05:30 [INF] Executed DbCommand (12ms) [Parameters=[@normalizedRoleName='?' (Size = 256)], CommandType='"Text"', CommandTimeout='30']
SELECT TOP(2) [a].[Id], [a].[ConcurrencyStamp], [a].[Name], [a].[NormalizedName]
FROM [AspNetRoles] AS [a]
WHERE [a].[NormalizedName] = @normalizedRoleName
2026-03-31 16:23:18.802 +05:30 [INF] Executed DbCommand (16ms) [Parameters=[@normalizedUserName='?' (Size = 256)], CommandType='"Text"', CommandTimeout='30']
SELECT TOP(1) [a].[Id], [a].[AccessFailedCount], [a].[ConcurrencyStamp], [a].[CreatedAt], [a].[Email], [a].[EmailConfirmed], [a].[FirstName], [a].[IsActive], [a].[IsMfaEnabled], [a].[LastName], [a].[LockoutEnabled], [a].[LockoutEnd], [a].[NormalizedEmail], [a].[NormalizedUserName], [a].[PasswordHash], [a].[PhoneNumber], [a].[PhoneNumberConfirmed], [a].[ProfileImageUrl], [a].[RefreshToken], [a].[RefreshTokenExpiry], [a].[SecurityStamp], [a].[TwoFactorEnabled], [a].[UpdatedAt], [a].[UserName]
FROM [AspNetUsers] AS [a]
WHERE [a].[NormalizedUserName] = @normalizedUserName
2026-03-31 16:23:18.842 +05:30 [INF] Executed DbCommand (22ms) [Parameters=[@normalizedEmail='?' (Size = 256)], CommandType='"Text"', CommandTimeout='30']
SELECT TOP(2) [a].[Id], [a].[AccessFailedCount], [a].[ConcurrencyStamp], [a].[CreatedAt], [a].[Email], [a].[EmailConfirmed], [a].[FirstName], [a].[IsActive], [a].[IsMfaEnabled], [a].[LastName], [a].[LockoutEnabled], [a].[LockoutEnd], [a].[NormalizedEmail], [a].[NormalizedUserName], [a].[PasswordHash], [a].[PhoneNumber], [a].[PhoneNumberConfirmed], [a].[ProfileImageUrl], [a].[RefreshToken], [a].[RefreshTokenExpiry], [a].[SecurityStamp], [a].[TwoFactorEnabled], [a].[UpdatedAt], [a].[UserName]
FROM [AspNetUsers] AS [a]
WHERE [a].[NormalizedEmail] = @normalizedEmail
2026-03-31 16:23:19.121 +05:30 [INF] Executed DbCommand (117ms) [Parameters=[@p0='?' (Size = 450), @p1='?' (Size = 450), @p25='?' (Size = 450), @p2='?' (DbType = Int32), @p3='?' (Size = 4000), @p26='?' (Size = 4000), @p4='?' (DbType = DateTime2), @p5='?' (Size = 256), @p6='?' (DbType = Boolean), @p7='?' (Size = 50), @p8='?' (DbType = Boolean), @p9='?' (DbType = Boolean), @p10='?' (Size = 50), @p11='?' (DbType = Boolean), @p12='?' (DbType = DateTimeOffset), @p13='?' (Size = 256), @p14='?' (Size = 256), @p15='?' (Size = 4000), @p16='?' (Size = 4000), @p17='?' (DbType = Boolean), @p18='?' (Size = 4000), @p19='?' (Size = 4000), @p20='?' (DbType = DateTime2), @p21='?' (Size = 4000), @p22='?' (DbType = Boolean), @p23='?' (DbType = DateTime2), @p24='?' (Size = 256)], CommandType='"Text"', CommandTimeout='30']
SET NOCOUNT ON;
INSERT INTO [AspNetUserRoles] ([RoleId], [UserId])
VALUES (@p0, @p1);
UPDATE [AspNetUsers] SET [AccessFailedCount] = @p2, [ConcurrencyStamp] = @p3, [CreatedAt] = @p4, [Email] = @p5, [EmailConfirmed] = @p6, [FirstName] = @p7, [IsActive] = @p8, [IsMfaEnabled] = @p9, [LastName] = @p10, [LockoutEnabled] = @p11, [LockoutEnd] = @p12, [NormalizedEmail] = @p13, [NormalizedUserName] = @p14, [PasswordHash] = @p15, [PhoneNumber] = @p16, [PhoneNumberConfirmed] = @p17, [ProfileImageUrl] = @p18, [RefreshToken] = @p19, [RefreshTokenExpiry] = @p20, [SecurityStamp] = @p21, [TwoFactorEnabled] = @p22, [UpdatedAt] = @p23, [UserName] = @p24
OUTPUT 1
WHERE [Id] = @p25 AND [ConcurrencyStamp] = @p26;
2026-03-31 16:23:19.515 +05:30 [INF] Executed DbCommand (46ms) [Parameters=[@userId='?' (Size = 450)], CommandType='"Text"', CommandTimeout='30']
SELECT [a0].[Name]
FROM [AspNetUserRoles] AS [a]
INNER JOIN [AspNetRoles] AS [a0] ON [a].[RoleId] = [a0].[Id]
WHERE [a].[UserId] = @userId
2026-03-31 16:23:19.785 +05:30 [INF] Executed DbCommand (22ms) [Parameters=[@normalizedUserName='?' (Size = 256)], CommandType='"Text"', CommandTimeout='30']
SELECT TOP(1) [a].[Id], [a].[AccessFailedCount], [a].[ConcurrencyStamp], [a].[CreatedAt], [a].[Email], [a].[EmailConfirmed], [a].[FirstName], [a].[IsActive], [a].[IsMfaEnabled], [a].[LastName], [a].[LockoutEnabled], [a].[LockoutEnd], [a].[NormalizedEmail], [a].[NormalizedUserName], [a].[PasswordHash], [a].[PhoneNumber], [a].[PhoneNumberConfirmed], [a].[ProfileImageUrl], [a].[RefreshToken], [a].[RefreshTokenExpiry], [a].[SecurityStamp], [a].[TwoFactorEnabled], [a].[UpdatedAt], [a].[UserName]
FROM [AspNetUsers] AS [a]
WHERE [a].[NormalizedUserName] = @normalizedUserName
2026-03-31 16:23:19.853 +05:30 [INF] Executed DbCommand (15ms) [Parameters=[@normalizedEmail='?' (Size = 256)], CommandType='"Text"', CommandTimeout='30']
SELECT TOP(2) [a].[Id], [a].[AccessFailedCount], [a].[ConcurrencyStamp], [a].[CreatedAt], [a].[Email], [a].[EmailConfirmed], [a].[FirstName], [a].[IsActive], [a].[IsMfaEnabled], [a].[LastName], [a].[LockoutEnabled], [a].[LockoutEnd], [a].[NormalizedEmail], [a].[NormalizedUserName], [a].[PasswordHash], [a].[PhoneNumber], [a].[PhoneNumberConfirmed], [a].[ProfileImageUrl], [a].[RefreshToken], [a].[RefreshTokenExpiry], [a].[SecurityStamp], [a].[TwoFactorEnabled], [a].[UpdatedAt], [a].[UserName]
FROM [AspNetUsers] AS [a]
WHERE [a].[NormalizedEmail] = @normalizedEmail
2026-03-31 16:23:19.948 +05:30 [INF] Executed DbCommand (18ms) [Parameters=[@p23='?' (Size = 450), @p0='?' (DbType = Int32), @p1='?' (Size = 4000), @p24='?' (Size = 4000), @p2='?' (DbType = DateTime2), @p3='?' (Size = 256), @p4='?' (DbType = Boolean), @p5='?' (Size = 50), @p6='?' (DbType = Boolean), @p7='?' (DbType = Boolean), @p8='?' (Size = 50), @p9='?' (DbType = Boolean), @p10='?' (DbType = DateTimeOffset), @p11='?' (Size = 256), @p12='?' (Size = 256), @p13='?' (Size = 4000), @p14='?' (Size = 4000), @p15='?' (DbType = Boolean), @p16='?' (Size = 4000), @p17='?' (Size = 4000), @p18='?' (DbType = DateTime2), @p19='?' (Size = 4000), @p20='?' (DbType = Boolean), @p21='?' (DbType = DateTime2), @p22='?' (Size = 256)], CommandType='"Text"', CommandTimeout='30']
SET IMPLICIT_TRANSACTIONS OFF;
SET NOCOUNT ON;
UPDATE [AspNetUsers] SET [AccessFailedCount] = @p0, [ConcurrencyStamp] = @p1, [CreatedAt] = @p2, [Email] = @p3, [EmailConfirmed] = @p4, [FirstName] = @p5, [IsActive] = @p6, [IsMfaEnabled] = @p7, [LastName] = @p8, [LockoutEnabled] = @p9, [LockoutEnd] = @p10, [NormalizedEmail] = @p11, [NormalizedUserName] = @p12, [PasswordHash] = @p13, [PhoneNumber] = @p14, [PhoneNumberConfirmed] = @p15, [ProfileImageUrl] = @p16, [RefreshToken] = @p17, [RefreshTokenExpiry] = @p18, [SecurityStamp] = @p19, [TwoFactorEnabled] = @p20, [UpdatedAt] = @p21, [UserName] = @p22
OUTPUT 1
WHERE [Id] = @p23 AND [ConcurrencyStamp] = @p24;
2026-03-31 16:23:19.985 +05:30 [INF] Executing OkObjectResult, writing value of type '<>f__AnonymousType0`2[[System.Boolean, System.Private.CoreLib, Version=10.0.0.0, Culture=neutral, PublicKeyToken=7cec85d7bea7798e],[UserService.Application.DTOs.TokenResponseDto, UserService.Application, Version=1.0.0.0, Culture=neutral, PublicKeyToken=null]]'.
2026-03-31 16:23:20.029 +05:30 [INF] Executed action UserService.API.Controllers.AuthController.Register (UserService.API) in 6331.6035ms
2026-03-31 16:23:20.037 +05:30 [INF] Executed endpoint 'UserService.API.Controllers.AuthController.Register (UserService.API)'
2026-03-31 16:23:20.047 +05:30 [INF] HTTP POST /api/v1/auth/register responded 200 in 6422.5977 ms
2026-03-31 16:23:20.062 +05:30 [INF] Request finished HTTP/1.1 POST http://localhost:5010/api/v1/auth/register - 200 null application/json; charset=utf-8 6473.9122ms
2026-03-31 16:24:02.821 +05:30 [INF] Request starting HTTP/1.1 POST http://localhost:5010/api/v1/auth/login - application/json 57
2026-03-31 16:24:02.930 +05:30 [INF] CORS policy execution successful.
2026-03-31 16:24:02.933 +05:30 [INF] Executing endpoint 'UserService.API.Controllers.AuthController.Login (UserService.API)'
2026-03-31 16:24:02.957 +05:30 [INF] Route matched with {action = "Login", controller = "Auth"}. Executing controller action with signature System.Threading.Tasks.Task`1[Microsoft.AspNetCore.Mvc.IActionResult] Login(UserService.Application.DTOs.LoginDto) on controller UserService.API.Controllers.AuthController (UserService.API).
2026-03-31 16:24:03.064 +05:30 [INF] Executed DbCommand (11ms) [Parameters=[@normalizedEmail='?' (Size = 256)], CommandType='"Text"', CommandTimeout='30']
SELECT TOP(2) [a].[Id], [a].[AccessFailedCount], [a].[ConcurrencyStamp], [a].[CreatedAt], [a].[Email], [a].[EmailConfirmed], [a].[FirstName], [a].[IsActive], [a].[IsMfaEnabled], [a].[LastName], [a].[LockoutEnabled], [a].[LockoutEnd], [a].[NormalizedEmail], [a].[NormalizedUserName], [a].[PasswordHash], [a].[PhoneNumber], [a].[PhoneNumberConfirmed], [a].[ProfileImageUrl], [a].[RefreshToken], [a].[RefreshTokenExpiry], [a].[SecurityStamp], [a].[TwoFactorEnabled], [a].[UpdatedAt], [a].[UserName]
FROM [AspNetUsers] AS [a]
WHERE [a].[NormalizedEmail] = @normalizedEmail
2026-03-31 16:24:03.253 +05:30 [INF] Executed DbCommand (8ms) [Parameters=[@userId='?' (Size = 450)], CommandType='"Text"', CommandTimeout='30']
SELECT [a0].[Name]
FROM [AspNetUserRoles] AS [a]
INNER JOIN [AspNetRoles] AS [a0] ON [a].[RoleId] = [a0].[Id]
WHERE [a].[UserId] = @userId
2026-03-31 16:24:03.372 +05:30 [INF] Executed DbCommand (8ms) [Parameters=[@normalizedUserName='?' (Size = 256)], CommandType='"Text"', CommandTimeout='30']
SELECT TOP(1) [a].[Id], [a].[AccessFailedCount], [a].[ConcurrencyStamp], [a].[CreatedAt], [a].[Email], [a].[EmailConfirmed], [a].[FirstName], [a].[IsActive], [a].[IsMfaEnabled], [a].[LastName], [a].[LockoutEnabled], [a].[LockoutEnd], [a].[NormalizedEmail], [a].[NormalizedUserName], [a].[PasswordHash], [a].[PhoneNumber], [a].[PhoneNumberConfirmed], [a].[ProfileImageUrl], [a].[RefreshToken], [a].[RefreshTokenExpiry], [a].[SecurityStamp], [a].[TwoFactorEnabled], [a].[UpdatedAt], [a].[UserName]
FROM [AspNetUsers] AS [a]
WHERE [a].[NormalizedUserName] = @normalizedUserName
2026-03-31 16:24:03.385 +05:30 [INF] Executed DbCommand (6ms) [Parameters=[@normalizedEmail='?' (Size = 256)], CommandType='"Text"', CommandTimeout='30']
SELECT TOP(2) [a].[Id], [a].[AccessFailedCount], [a].[ConcurrencyStamp], [a].[CreatedAt], [a].[Email], [a].[EmailConfirmed], [a].[FirstName], [a].[IsActive], [a].[IsMfaEnabled], [a].[LastName], [a].[LockoutEnabled], [a].[LockoutEnd], [a].[NormalizedEmail], [a].[NormalizedUserName], [a].[PasswordHash], [a].[PhoneNumber], [a].[PhoneNumberConfirmed], [a].[ProfileImageUrl], [a].[RefreshToken], [a].[RefreshTokenExpiry], [a].[SecurityStamp], [a].[TwoFactorEnabled], [a].[UpdatedAt], [a].[UserName]
FROM [AspNetUsers] AS [a]
WHERE [a].[NormalizedEmail] = @normalizedEmail
2026-03-31 16:24:03.414 +05:30 [INF] Executed DbCommand (24ms) [Parameters=[@p23='?' (Size = 450), @p0='?' (DbType = Int32), @p1='?' (Size = 4000), @p24='?' (Size = 4000), @p2='?' (DbType = DateTime2), @p3='?' (Size = 256), @p4='?' (DbType = Boolean), @p5='?' (Size = 50), @p6='?' (DbType = Boolean), @p7='?' (DbType = Boolean), @p8='?' (Size = 50), @p9='?' (DbType = Boolean), @p10='?' (DbType = DateTimeOffset), @p11='?' (Size = 256), @p12='?' (Size = 256), @p13='?' (Size = 4000), @p14='?' (Size = 4000), @p15='?' (DbType = Boolean), @p16='?' (Size = 4000), @p17='?' (Size = 4000), @p18='?' (DbType = DateTime2), @p19='?' (Size = 4000), @p20='?' (DbType = Boolean), @p21='?' (DbType = DateTime2), @p22='?' (Size = 256)], CommandType='"Text"', CommandTimeout='30']
SET IMPLICIT_TRANSACTIONS OFF;
SET NOCOUNT ON;
UPDATE [AspNetUsers] SET [AccessFailedCount] = @p0, [ConcurrencyStamp] = @p1, [CreatedAt] = @p2, [Email] = @p3, [EmailConfirmed] = @p4, [FirstName] = @p5, [IsActive] = @p6, [IsMfaEnabled] = @p7, [LastName] = @p8, [LockoutEnabled] = @p9, [LockoutEnd] = @p10, [NormalizedEmail] = @p11, [NormalizedUserName] = @p12, [PasswordHash] = @p13, [PhoneNumber] = @p14, [PhoneNumberConfirmed] = @p15, [ProfileImageUrl] = @p16, [RefreshToken] = @p17, [RefreshTokenExpiry] = @p18, [SecurityStamp] = @p19, [TwoFactorEnabled] = @p20, [UpdatedAt] = @p21, [UserName] = @p22
OUTPUT 1
WHERE [Id] = @p23 AND [ConcurrencyStamp] = @p24;
2026-03-31 16:24:03.428 +05:30 [INF] Executing OkObjectResult, writing value of type '<>f__AnonymousType0`2[[System.Boolean, System.Private.CoreLib, Version=10.0.0.0, Culture=neutral, PublicKeyToken=7cec85d7bea7798e],[UserService.Application.DTOs.TokenResponseDto, UserService.Application, Version=1.0.0.0, Culture=neutral, PublicKeyToken=null]]'.
2026-03-31 16:24:03.430 +05:30 [INF] Executed action UserService.API.Controllers.AuthController.Login (UserService.API) in 451.9532ms
2026-03-31 16:24:03.435 +05:30 [INF] Executed endpoint 'UserService.API.Controllers.AuthController.Login (UserService.API)'
2026-03-31 16:24:03.437 +05:30 [INF] HTTP POST /api/v1/auth/login responded 200 in 504.7279 ms
2026-03-31 16:24:03.440 +05:30 [INF] Request finished HTTP/1.1 POST http://localhost:5010/api/v1/auth/login - 200 null application/json; charset=utf-8 619.1754ms
2026-03-31 16:31:01.031 +05:30 [INF] Executed DbCommand (1,214ms) [Parameters=[@normalizedName='?' (Size = 256)], CommandType='"Text"', CommandTimeout='30']
SELECT TOP(1) [a].[Id], [a].[ConcurrencyStamp], [a].[Name], [a].[NormalizedName]
FROM [AspNetRoles] AS [a]
WHERE [a].[NormalizedName] = @normalizedName
2026-03-31 16:31:01.981 +05:30 [INF] Executed DbCommand (63ms) [Parameters=[@normalizedName='?' (Size = 256)], CommandType='"Text"', CommandTimeout='30']
SELECT TOP(1) [a].[Id], [a].[ConcurrencyStamp], [a].[Name], [a].[NormalizedName]
FROM [AspNetRoles] AS [a]
WHERE [a].[NormalizedName] = @normalizedName
2026-03-31 16:31:02.350 +05:30 [INF] Executed DbCommand (82ms) [Parameters=[@normalizedName='?' (Size = 256)], CommandType='"Text"', CommandTimeout='30']
SELECT TOP(1) [a].[Id], [a].[ConcurrencyStamp], [a].[Name], [a].[NormalizedName]
FROM [AspNetRoles] AS [a]
WHERE [a].[NormalizedName] = @normalizedName
2026-03-31 16:31:04.106 +05:30 [INF] Executed DbCommand (28ms) [Parameters=[], CommandType='"Text"', CommandTimeout='30']
SELECT 1
2026-03-31 16:31:04.391 +05:30 [INF] Acquiring an exclusive lock for migration application. See https://aka.ms/efcore-docs-migrations-lock for more information if this takes too long.
2026-03-31 16:31:04.553 +05:30 [INF] Executed DbCommand (37ms) [Parameters=[], CommandType='"Text"', CommandTimeout='30']
DECLARE @result int;
EXEC @result = sp_getapplock @Resource = '__EFMigrationsLock', @LockOwner = 'Session', @LockMode = 'Exclusive';
SELECT @result
2026-03-31 16:31:06.717 +05:30 [INF] Executed DbCommand (31ms) [Parameters=[], CommandType='"Text"', CommandTimeout='30']
IF OBJECT_ID(N'[__EFMigrationsHistory]') IS NULL
BEGIN
    CREATE TABLE [__EFMigrationsHistory] (
        [MigrationId] nvarchar(150) NOT NULL,
        [ProductVersion] nvarchar(32) NOT NULL,
        CONSTRAINT [PK___EFMigrationsHistory] PRIMARY KEY ([MigrationId])
    );
END;
2026-03-31 16:31:07.174 +05:30 [INF] Executed DbCommand (23ms) [Parameters=[], CommandType='"Text"', CommandTimeout='30']
SELECT 1
2026-03-31 16:31:07.471 +05:30 [INF] Executed DbCommand (22ms) [Parameters=[], CommandType='"Text"', CommandTimeout='30']
SELECT OBJECT_ID(N'[__EFMigrationsHistory]');
2026-03-31 16:31:08.024 +05:30 [INF] Executed DbCommand (78ms) [Parameters=[], CommandType='"Text"', CommandTimeout='30']
SELECT [MigrationId], [ProductVersion]
FROM [__EFMigrationsHistory]
ORDER BY [MigrationId];
2026-03-31 16:31:08.215 +05:30 [INF] No migrations were applied. The database is already up to date.
2026-03-31 16:31:08.522 +05:30 [INF] Executed DbCommand (22ms) [Parameters=[], CommandType='"Text"', CommandTimeout='30']
DECLARE @result int;
EXEC @result = sp_releaseapplock @Resource = '__EFMigrationsLock', @LockOwner = 'Session';
SELECT @result
2026-03-31 16:31:10.252 +05:30 [INF] User profile is available. Using 'C:\Users\Satvik\AppData\Local\ASP.NET\DataProtection-Keys' as key repository and Windows DPAPI to encrypt keys at rest.
2026-03-31 16:31:11.221 +05:30 [WRN] The WebRootPath was not found: C:\Users\Satvik\Desktop\capg\MicroservicesAssesment\Services\UserService\UserService.API\wwwroot. Static files may be unavailable.
2026-03-31 16:31:11.571 +05:30 [INF] Now listening on: http://localhost:5010
2026-03-31 16:31:12.684 +05:30 [INF] Request starting HTTP/1.1 GET http://localhost:5010/ - null null
2026-03-31 16:31:13.430 +05:30 [INF] Request starting HTTP/1.1 GET http://localhost:5010/swagger/index.html - null null
2026-03-31 16:31:13.527 +05:30 [INF] Application started. Press Ctrl+C to shut down.
2026-03-31 16:31:14.040 +05:30 [INF] Hosting environment: Development
2026-03-31 16:31:14.208 +05:30 [INF] Content root path: C:\Users\Satvik\Desktop\capg\MicroservicesAssesment\Services\UserService\UserService.API
2026-03-31 16:31:14.854 +05:30 [INF] HTTP GET / responded 404 in 632.2491 ms
2026-03-31 16:31:14.966 +05:30 [INF] HTTP GET /swagger/index.html responded 304 in 757.4556 ms
2026-03-31 16:31:15.137 +05:30 [INF] Request finished HTTP/1.1 GET http://localhost:5010/ - 404 null null 2465.6467ms
2026-03-31 16:31:15.193 +05:30 [INF] Request finished HTTP/1.1 GET http://localhost:5010/swagger/index.html - 304 null null 1762.471ms
2026-03-31 16:31:15.241 +05:30 [INF] Request starting HTTP/1.1 GET http://localhost:5010/swagger/swagger-ui-bundle.js - null null
2026-03-31 16:31:15.379 +05:30 [INF] Request reached the end of the middleware pipeline without being handled by application code. Request path: GET http://localhost:5010/, Response status code: 404
2026-03-31 16:31:15.648 +05:30 [INF] Request starting HTTP/1.1 GET http://localhost:5010/swagger/swagger-ui.css - null null
2026-03-31 16:31:15.785 +05:30 [INF] HTTP GET /swagger/swagger-ui-bundle.js responded 304 in 77.3022 ms
2026-03-31 16:31:15.821 +05:30 [INF] Request starting HTTP/1.1 GET http://localhost:5010/swagger/index.css - null null
2026-03-31 16:31:16.041 +05:30 [INF] HTTP GET /swagger/swagger-ui.css responded 304 in 6.0770 ms
2026-03-31 16:31:16.106 +05:30 [INF] Request finished HTTP/1.1 GET http://localhost:5010/swagger/swagger-ui-bundle.js - 304 null null 864.7846ms
2026-03-31 16:31:16.216 +05:30 [INF] HTTP GET /swagger/index.css responded 304 in 10.1278 ms
2026-03-31 16:31:16.248 +05:30 [INF] Request finished HTTP/1.1 GET http://localhost:5010/swagger/swagger-ui.css - 304 null null 599.6977ms
2026-03-31 16:31:16.267 +05:30 [INF] Request starting HTTP/1.1 GET http://localhost:5010/swagger/swagger-ui-standalone-preset.js - null null
2026-03-31 16:31:16.274 +05:30 [INF] Request finished HTTP/1.1 GET http://localhost:5010/swagger/index.css - 304 null null 452.3624ms
2026-03-31 16:31:16.299 +05:30 [INF] Request starting HTTP/1.1 GET http://localhost:5010/swagger/index.js - null null
2026-03-31 16:31:16.382 +05:30 [INF] HTTP GET /swagger/swagger-ui-standalone-preset.js responded 304 in 5.9620 ms
2026-03-31 16:31:16.620 +05:30 [INF] Request starting HTTP/1.1 GET http://localhost:5010/_framework/aspnetcore-browser-refresh.js - null null
2026-03-31 16:31:16.759 +05:30 [INF] HTTP GET /swagger/index.js responded 304 in 2.4280 ms
2026-03-31 16:31:16.870 +05:30 [INF] Request finished HTTP/1.1 GET http://localhost:5010/swagger/swagger-ui-standalone-preset.js - 304 null null 602.6079ms
2026-03-31 16:31:17.012 +05:30 [INF] Request finished HTTP/1.1 GET http://localhost:5010/_framework/aspnetcore-browser-refresh.js - 200 14935 application/javascript; charset=utf-8 391.9615ms
2026-03-31 16:31:17.055 +05:30 [INF] Request finished HTTP/1.1 GET http://localhost:5010/swagger/index.js - 304 null null 755.9947ms
2026-03-31 16:31:17.098 +05:30 [INF] Request starting HTTP/1.1 GET http://localhost:5010/_vs/browserLink - null null
2026-03-31 16:31:17.251 +05:30 [INF] Request finished HTTP/1.1 GET http://localhost:5010/_vs/browserLink - 200 null text/javascript; charset=UTF-8 153.4323ms
2026-03-31 16:31:21.642 +05:30 [INF] Request starting HTTP/1.1 GET http://localhost:5010/swagger/v1/swagger.json - null null
2026-03-31 16:31:21.715 +05:30 [INF] HTTP GET /swagger/v1/swagger.json responded 200 in 62.9322 ms
2026-03-31 16:31:21.723 +05:30 [INF] Request finished HTTP/1.1 GET http://localhost:5010/swagger/v1/swagger.json - 200 null application/json;charset=utf-8 81.5873ms
2026-03-31 16:31:21.776 +05:30 [INF] Request starting HTTP/1.1 GET http://localhost:5010/swagger/favicon-32x32.png - null null
2026-03-31 16:31:21.786 +05:30 [INF] HTTP GET /swagger/favicon-32x32.png responded 304 in 0.5688 ms
2026-03-31 16:31:21.794 +05:30 [INF] Request finished HTTP/1.1 GET http://localhost:5010/swagger/favicon-32x32.png - 304 null null 17.7669ms
2026-03-31 16:31:42.582 +05:30 [INF] Request starting HTTP/1.1 GET http://localhost:5010/swagger/index.html - null null
2026-03-31 16:31:42.604 +05:30 [INF] HTTP GET /swagger/index.html responded 304 in 0.7138 ms
2026-03-31 16:31:42.611 +05:30 [INF] Request finished HTTP/1.1 GET http://localhost:5010/swagger/index.html - 304 null null 35.4749ms
2026-03-31 16:31:42.694 +05:30 [INF] Request starting HTTP/1.1 GET http://localhost:5010/swagger/swagger-ui.css - null null
2026-03-31 16:31:42.697 +05:30 [INF] Request starting HTTP/1.1 GET http://localhost:5010/swagger/swagger-ui-bundle.js - null null
2026-03-31 16:31:42.696 +05:30 [INF] Request starting HTTP/1.1 GET http://localhost:5010/swagger/index.css - null null
2026-03-31 16:31:42.718 +05:30 [INF] HTTP GET /swagger/swagger-ui.css responded 304 in 0.1721 ms
2026-03-31 16:31:42.728 +05:30 [INF] HTTP GET /swagger/swagger-ui-bundle.js responded 304 in 0.4130 ms
2026-03-31 16:31:42.745 +05:30 [INF] Request finished HTTP/1.1 GET http://localhost:5010/swagger/swagger-ui.css - 304 null null 51.047ms
2026-03-31 16:31:42.739 +05:30 [INF] HTTP GET /swagger/index.css responded 304 in 0.2534 ms
2026-03-31 16:31:42.785 +05:30 [INF] Request finished HTTP/1.1 GET http://localhost:5010/swagger/swagger-ui-bundle.js - 304 null null 88.26ms
2026-03-31 16:31:42.797 +05:30 [INF] Request starting HTTP/1.1 GET http://localhost:5010/swagger/swagger-ui-standalone-preset.js - null null
2026-03-31 16:31:42.803 +05:30 [INF] Request finished HTTP/1.1 GET http://localhost:5010/swagger/index.css - 304 null null 106.7107ms
2026-03-31 16:31:42.821 +05:30 [INF] Request starting HTTP/1.1 GET http://localhost:5010/_framework/aspnetcore-browser-refresh.js - null null
2026-03-31 16:31:42.829 +05:30 [INF] HTTP GET /swagger/swagger-ui-standalone-preset.js responded 304 in 0.1353 ms
2026-03-31 16:31:42.837 +05:30 [INF] Request starting HTTP/1.1 GET http://localhost:5010/swagger/index.js - null null
2026-03-31 16:31:42.845 +05:30 [INF] Request finished HTTP/1.1 GET http://localhost:5010/_framework/aspnetcore-browser-refresh.js - 200 14935 application/javascript; charset=utf-8 24.1752ms
2026-03-31 16:31:42.852 +05:30 [INF] Request finished HTTP/1.1 GET http://localhost:5010/swagger/swagger-ui-standalone-preset.js - 304 null null 54.7431ms
2026-03-31 16:31:42.862 +05:30 [INF] HTTP GET /swagger/index.js responded 304 in 0.9881 ms
2026-03-31 16:31:42.894 +05:30 [INF] Request finished HTTP/1.1 GET http://localhost:5010/swagger/index.js - 304 null null 57.2289ms
2026-03-31 16:31:42.907 +05:30 [INF] Request starting HTTP/1.1 GET http://localhost:5010/_vs/browserLink - null null
2026-03-31 16:31:42.964 +05:30 [INF] Request finished HTTP/1.1 GET http://localhost:5010/_vs/browserLink - 200 null text/javascript; charset=UTF-8 57.2105ms
2026-03-31 16:31:43.143 +05:30 [INF] Request starting HTTP/1.1 GET http://localhost:5010/swagger/v1/swagger.json - null null
2026-03-31 16:31:43.175 +05:30 [INF] HTTP GET /swagger/v1/swagger.json responded 200 in 21.8071 ms
2026-03-31 16:31:43.184 +05:30 [INF] Request finished HTTP/1.1 GET http://localhost:5010/swagger/v1/swagger.json - 200 null application/json;charset=utf-8 40.8484ms
2026-03-31 16:33:31.922 +05:30 [INF] Request starting HTTP/1.1 POST http://localhost:5010/api/v1/auth/login - application/json 69
2026-03-31 16:33:32.011 +05:30 [INF] CORS policy execution successful.
2026-03-31 16:33:32.048 +05:30 [INF] Executing endpoint 'UserService.API.Controllers.AuthController.Login (UserService.API)'
2026-03-31 16:33:32.154 +05:30 [INF] Route matched with {action = "Login", controller = "Auth"}. Executing controller action with signature System.Threading.Tasks.Task`1[Microsoft.AspNetCore.Mvc.IActionResult] Login(UserService.Application.DTOs.LoginDto) on controller UserService.API.Controllers.AuthController (UserService.API).
2026-03-31 16:33:32.600 +05:30 [INF] Executed DbCommand (51ms) [Parameters=[@normalizedEmail='?' (Size = 256)], CommandType='"Text"', CommandTimeout='30']
SELECT TOP(2) [a].[Id], [a].[AccessFailedCount], [a].[ConcurrencyStamp], [a].[CreatedAt], [a].[Email], [a].[EmailConfirmed], [a].[FirstName], [a].[IsActive], [a].[IsMfaEnabled], [a].[LastName], [a].[LockoutEnabled], [a].[LockoutEnd], [a].[NormalizedEmail], [a].[NormalizedUserName], [a].[PasswordHash], [a].[PhoneNumber], [a].[PhoneNumberConfirmed], [a].[ProfileImageUrl], [a].[RefreshToken], [a].[RefreshTokenExpiry], [a].[SecurityStamp], [a].[TwoFactorEnabled], [a].[UpdatedAt], [a].[UserName]
FROM [AspNetUsers] AS [a]
WHERE [a].[NormalizedEmail] = @normalizedEmail
2026-03-31 16:33:33.202 +05:30 [INF] Executed DbCommand (22ms) [Parameters=[@userId='?' (Size = 450)], CommandType='"Text"', CommandTimeout='30']
SELECT [a0].[Name]
FROM [AspNetUserRoles] AS [a]
INNER JOIN [AspNetRoles] AS [a0] ON [a].[RoleId] = [a0].[Id]
WHERE [a].[UserId] = @userId
2026-03-31 16:33:33.355 +05:30 [INF] Executed DbCommand (10ms) [Parameters=[@normalizedUserName='?' (Size = 256)], CommandType='"Text"', CommandTimeout='30']
SELECT TOP(1) [a].[Id], [a].[AccessFailedCount], [a].[ConcurrencyStamp], [a].[CreatedAt], [a].[Email], [a].[EmailConfirmed], [a].[FirstName], [a].[IsActive], [a].[IsMfaEnabled], [a].[LastName], [a].[LockoutEnabled], [a].[LockoutEnd], [a].[NormalizedEmail], [a].[NormalizedUserName], [a].[PasswordHash], [a].[PhoneNumber], [a].[PhoneNumberConfirmed], [a].[ProfileImageUrl], [a].[RefreshToken], [a].[RefreshTokenExpiry], [a].[SecurityStamp], [a].[TwoFactorEnabled], [a].[UpdatedAt], [a].[UserName]
FROM [AspNetUsers] AS [a]
WHERE [a].[NormalizedUserName] = @normalizedUserName
2026-03-31 16:33:33.383 +05:30 [INF] Executed DbCommand (7ms) [Parameters=[@normalizedEmail='?' (Size = 256)], CommandType='"Text"', CommandTimeout='30']
SELECT TOP(2) [a].[Id], [a].[AccessFailedCount], [a].[ConcurrencyStamp], [a].[CreatedAt], [a].[Email], [a].[EmailConfirmed], [a].[FirstName], [a].[IsActive], [a].[IsMfaEnabled], [a].[LastName], [a].[LockoutEnabled], [a].[LockoutEnd], [a].[NormalizedEmail], [a].[NormalizedUserName], [a].[PasswordHash], [a].[PhoneNumber], [a].[PhoneNumberConfirmed], [a].[ProfileImageUrl], [a].[RefreshToken], [a].[RefreshTokenExpiry], [a].[SecurityStamp], [a].[TwoFactorEnabled], [a].[UpdatedAt], [a].[UserName]
FROM [AspNetUsers] AS [a]
WHERE [a].[NormalizedEmail] = @normalizedEmail
2026-03-31 16:33:33.829 +05:30 [INF] Executed DbCommand (66ms) [Parameters=[@p23='?' (Size = 450), @p0='?' (DbType = Int32), @p1='?' (Size = 4000), @p24='?' (Size = 4000), @p2='?' (DbType = DateTime2), @p3='?' (Size = 256), @p4='?' (DbType = Boolean), @p5='?' (Size = 50), @p6='?' (DbType = Boolean), @p7='?' (DbType = Boolean), @p8='?' (Size = 50), @p9='?' (DbType = Boolean), @p10='?' (DbType = DateTimeOffset), @p11='?' (Size = 256), @p12='?' (Size = 256), @p13='?' (Size = 4000), @p14='?' (Size = 4000), @p15='?' (DbType = Boolean), @p16='?' (Size = 4000), @p17='?' (Size = 4000), @p18='?' (DbType = DateTime2), @p19='?' (Size = 4000), @p20='?' (DbType = Boolean), @p21='?' (DbType = DateTime2), @p22='?' (Size = 256)], CommandType='"Text"', CommandTimeout='30']
SET IMPLICIT_TRANSACTIONS OFF;
SET NOCOUNT ON;
UPDATE [AspNetUsers] SET [AccessFailedCount] = @p0, [ConcurrencyStamp] = @p1, [CreatedAt] = @p2, [Email] = @p3, [EmailConfirmed] = @p4, [FirstName] = @p5, [IsActive] = @p6, [IsMfaEnabled] = @p7, [LastName] = @p8, [LockoutEnabled] = @p9, [LockoutEnd] = @p10, [NormalizedEmail] = @p11, [NormalizedUserName] = @p12, [PasswordHash] = @p13, [PhoneNumber] = @p14, [PhoneNumberConfirmed] = @p15, [ProfileImageUrl] = @p16, [RefreshToken] = @p17, [RefreshTokenExpiry] = @p18, [SecurityStamp] = @p19, [TwoFactorEnabled] = @p20, [UpdatedAt] = @p21, [UserName] = @p22
OUTPUT 1
WHERE [Id] = @p23 AND [ConcurrencyStamp] = @p24;
2026-03-31 16:33:33.898 +05:30 [INF] Executing OkObjectResult, writing value of type '<>f__AnonymousType0`2[[System.Boolean, System.Private.CoreLib, Version=10.0.0.0, Culture=neutral, PublicKeyToken=7cec85d7bea7798e],[UserService.Application.DTOs.TokenResponseDto, UserService.Application, Version=1.0.0.0, Culture=neutral, PublicKeyToken=null]]'.
2026-03-31 16:33:33.948 +05:30 [INF] Executed action UserService.API.Controllers.AuthController.Login (UserService.API) in 1775.1853ms
2026-03-31 16:33:33.957 +05:30 [INF] Executed endpoint 'UserService.API.Controllers.AuthController.Login (UserService.API)'
2026-03-31 16:33:33.971 +05:30 [INF] HTTP POST /api/v1/auth/login responded 200 in 1949.3424 ms
2026-03-31 16:33:33.992 +05:30 [INF] Request finished HTTP/1.1 POST http://localhost:5010/api/v1/auth/login - 200 null application/json; charset=utf-8 2070.3007ms
2026-03-31 16:35:22.434 +05:30 [INF] Request starting HTTP/1.1 POST http://localhost:5010/api/v1/auth/send-otp - application/json 96
2026-03-31 16:35:22.447 +05:30 [INF] CORS policy execution successful.
2026-03-31 16:35:22.653 +05:30 [INF] Executing endpoint 'UserService.API.Controllers.AuthController.SendOtp (UserService.API)'
2026-03-31 16:35:22.680 +05:30 [INF] Route matched with {action = "SendOtp", controller = "Auth"}. Executing controller action with signature System.Threading.Tasks.Task`1[Microsoft.AspNetCore.Mvc.IActionResult] SendOtp(UserService.Application.DTOs.SendOtpDto) on controller UserService.API.Controllers.AuthController (UserService.API).
2026-03-31 16:35:22.840 +05:30 [INF] Executed DbCommand (19ms) [Parameters=[@p='?' (Size = 450)], CommandType='"Text"', CommandTimeout='30']
SELECT TOP(1) [a].[Id], [a].[AccessFailedCount], [a].[ConcurrencyStamp], [a].[CreatedAt], [a].[Email], [a].[EmailConfirmed], [a].[FirstName], [a].[IsActive], [a].[IsMfaEnabled], [a].[LastName], [a].[LockoutEnabled], [a].[LockoutEnd], [a].[NormalizedEmail], [a].[NormalizedUserName], [a].[PasswordHash], [a].[PhoneNumber], [a].[PhoneNumberConfirmed], [a].[ProfileImageUrl], [a].[RefreshToken], [a].[RefreshTokenExpiry], [a].[SecurityStamp], [a].[TwoFactorEnabled], [a].[UpdatedAt], [a].[UserName]
FROM [AspNetUsers] AS [a]
WHERE [a].[Id] = @p
2026-03-31 16:35:29.183 +05:30 [INF] Executing OkObjectResult, writing value of type '<>f__AnonymousType2`3[[System.Boolean, System.Private.CoreLib, Version=10.0.0.0, Culture=neutral, PublicKeyToken=7cec85d7bea7798e],[System.String, System.Private.CoreLib, Version=10.0.0.0, Culture=neutral, PublicKeyToken=7cec85d7bea7798e],[System.String, System.Private.CoreLib, Version=10.0.0.0, Culture=neutral, PublicKeyToken=7cec85d7bea7798e]]'.
2026-03-31 16:35:29.212 +05:30 [INF] Executed action UserService.API.Controllers.AuthController.SendOtp (UserService.API) in 6526.8348ms
2026-03-31 16:35:29.219 +05:30 [INF] Executed endpoint 'UserService.API.Controllers.AuthController.SendOtp (UserService.API)'
2026-03-31 16:35:29.221 +05:30 [INF] HTTP POST /api/v1/auth/send-otp responded 200 in 6770.2656 ms
2026-03-31 16:35:29.226 +05:30 [INF] Request finished HTTP/1.1 POST http://localhost:5010/api/v1/auth/send-otp - 200 null application/json; charset=utf-8 6792.5272ms
2026-03-31 16:36:17.167 +05:30 [INF] Request starting HTTP/1.1 POST http://localhost:5010/api/v1/auth/verify-otp - application/json 97
2026-03-31 16:36:17.199 +05:30 [INF] CORS policy execution successful.
2026-03-31 16:36:17.209 +05:30 [INF] Executing endpoint 'UserService.API.Controllers.AuthController.VerifyOtp (UserService.API)'
2026-03-31 16:36:17.243 +05:30 [INF] Route matched with {action = "VerifyOtp", controller = "Auth"}. Executing controller action with signature System.Threading.Tasks.Task`1[Microsoft.AspNetCore.Mvc.IActionResult] VerifyOtp(UserService.Application.DTOs.VerifyOtpDto) on controller UserService.API.Controllers.AuthController (UserService.API).
2026-03-31 16:36:17.313 +05:30 [INF] Executing OkObjectResult, writing value of type '<>f__AnonymousType1`2[[System.Boolean, System.Private.CoreLib, Version=10.0.0.0, Culture=neutral, PublicKeyToken=7cec85d7bea7798e],[System.String, System.Private.CoreLib, Version=10.0.0.0, Culture=neutral, PublicKeyToken=7cec85d7bea7798e]]'.
2026-03-31 16:36:17.320 +05:30 [INF] Executed action UserService.API.Controllers.AuthController.VerifyOtp (UserService.API) in 66.6158ms
2026-03-31 16:36:17.323 +05:30 [INF] Executed endpoint 'UserService.API.Controllers.AuthController.VerifyOtp (UserService.API)'
2026-03-31 16:36:17.327 +05:30 [INF] HTTP POST /api/v1/auth/verify-otp responded 200 in 121.8911 ms
2026-03-31 16:36:17.332 +05:30 [INF] Request finished HTTP/1.1 POST http://localhost:5010/api/v1/auth/verify-otp - 200 null application/json; charset=utf-8 164.7975ms
2026-03-31 16:36:28.779 +05:30 [INF] Request starting HTTP/1.1 POST http://localhost:5010/api/v1/auth/send-otp - application/json 94
2026-03-31 16:36:28.816 +05:30 [INF] CORS policy execution successful.
2026-03-31 16:36:28.829 +05:30 [INF] Executing endpoint 'UserService.API.Controllers.AuthController.SendOtp (UserService.API)'
2026-03-31 16:36:28.839 +05:30 [INF] Route matched with {action = "SendOtp", controller = "Auth"}. Executing controller action with signature System.Threading.Tasks.Task`1[Microsoft.AspNetCore.Mvc.IActionResult] SendOtp(UserService.Application.DTOs.SendOtpDto) on controller UserService.API.Controllers.AuthController (UserService.API).
2026-03-31 16:36:28.894 +05:30 [INF] Executed DbCommand (37ms) [Parameters=[@p='?' (Size = 450)], CommandType='"Text"', CommandTimeout='30']
SELECT TOP(1) [a].[Id], [a].[AccessFailedCount], [a].[ConcurrencyStamp], [a].[CreatedAt], [a].[Email], [a].[EmailConfirmed], [a].[FirstName], [a].[IsActive], [a].[IsMfaEnabled], [a].[LastName], [a].[LockoutEnabled], [a].[LockoutEnd], [a].[NormalizedEmail], [a].[NormalizedUserName], [a].[PasswordHash], [a].[PhoneNumber], [a].[PhoneNumberConfirmed], [a].[ProfileImageUrl], [a].[RefreshToken], [a].[RefreshTokenExpiry], [a].[SecurityStamp], [a].[TwoFactorEnabled], [a].[UpdatedAt], [a].[UserName]
FROM [AspNetUsers] AS [a]
WHERE [a].[Id] = @p
2026-03-31 16:36:30.119 +05:30 [INF] Executing OkObjectResult, writing value of type '<>f__AnonymousType2`3[[System.Boolean, System.Private.CoreLib, Version=10.0.0.0, Culture=neutral, PublicKeyToken=7cec85d7bea7798e],[System.String, System.Private.CoreLib, Version=10.0.0.0, Culture=neutral, PublicKeyToken=7cec85d7bea7798e],[System.String, System.Private.CoreLib, Version=10.0.0.0, Culture=neutral, PublicKeyToken=7cec85d7bea7798e]]'.
2026-03-31 16:36:30.131 +05:30 [INF] Executed action UserService.API.Controllers.AuthController.SendOtp (UserService.API) in 1282.8461ms
2026-03-31 16:36:30.139 +05:30 [INF] Executed endpoint 'UserService.API.Controllers.AuthController.SendOtp (UserService.API)'
2026-03-31 16:36:30.142 +05:30 [INF] HTTP POST /api/v1/auth/send-otp responded 200 in 1320.9855 ms
2026-03-31 16:36:30.148 +05:30 [INF] Request finished HTTP/1.1 POST http://localhost:5010/api/v1/auth/send-otp - 200 null application/json; charset=utf-8 1368.3068ms
2026-03-31 16:36:54.567 +05:30 [INF] Request starting HTTP/1.1 POST http://localhost:5010/api/v1/auth/verify-otp - application/json 97
2026-03-31 16:36:54.585 +05:30 [INF] CORS policy execution successful.
2026-03-31 16:36:54.590 +05:30 [INF] Executing endpoint 'UserService.API.Controllers.AuthController.VerifyOtp (UserService.API)'
2026-03-31 16:36:54.620 +05:30 [INF] Route matched with {action = "VerifyOtp", controller = "Auth"}. Executing controller action with signature System.Threading.Tasks.Task`1[Microsoft.AspNetCore.Mvc.IActionResult] VerifyOtp(UserService.Application.DTOs.VerifyOtpDto) on controller UserService.API.Controllers.AuthController (UserService.API).
2026-03-31 16:36:54.632 +05:30 [INF] Executing OkObjectResult, writing value of type '<>f__AnonymousType1`2[[System.Boolean, System.Private.CoreLib, Version=10.0.0.0, Culture=neutral, PublicKeyToken=7cec85d7bea7798e],[System.String, System.Private.CoreLib, Version=10.0.0.0, Culture=neutral, PublicKeyToken=7cec85d7bea7798e]]'.
2026-03-31 16:36:54.638 +05:30 [INF] Executed action UserService.API.Controllers.AuthController.VerifyOtp (UserService.API) in 8.0914ms
2026-03-31 16:36:54.648 +05:30 [INF] Executed endpoint 'UserService.API.Controllers.AuthController.VerifyOtp (UserService.API)'
2026-03-31 16:36:54.653 +05:30 [INF] HTTP POST /api/v1/auth/verify-otp responded 200 in 63.9763 ms
2026-03-31 16:36:54.667 +05:30 [INF] Request finished HTTP/1.1 POST http://localhost:5010/api/v1/auth/verify-otp - 200 null application/json; charset=utf-8 99.9763ms
2026-03-31 16:37:08.675 +05:30 [INF] Request starting HTTP/1.1 POST http://localhost:5010/api/v1/auth/send-otp - application/json 99
2026-03-31 16:37:08.697 +05:30 [INF] CORS policy execution successful.
2026-03-31 16:37:08.701 +05:30 [INF] Executing endpoint 'UserService.API.Controllers.AuthController.SendOtp (UserService.API)'
2026-03-31 16:37:08.707 +05:30 [INF] Route matched with {action = "SendOtp", controller = "Auth"}. Executing controller action with signature System.Threading.Tasks.Task`1[Microsoft.AspNetCore.Mvc.IActionResult] SendOtp(UserService.Application.DTOs.SendOtpDto) on controller UserService.API.Controllers.AuthController (UserService.API).
2026-03-31 16:37:08.806 +05:30 [INF] Executed DbCommand (73ms) [Parameters=[@p='?' (Size = 450)], CommandType='"Text"', CommandTimeout='30']
SELECT TOP(1) [a].[Id], [a].[AccessFailedCount], [a].[ConcurrencyStamp], [a].[CreatedAt], [a].[Email], [a].[EmailConfirmed], [a].[FirstName], [a].[IsActive], [a].[IsMfaEnabled], [a].[LastName], [a].[LockoutEnabled], [a].[LockoutEnd], [a].[NormalizedEmail], [a].[NormalizedUserName], [a].[PasswordHash], [a].[PhoneNumber], [a].[PhoneNumberConfirmed], [a].[ProfileImageUrl], [a].[RefreshToken], [a].[RefreshTokenExpiry], [a].[SecurityStamp], [a].[TwoFactorEnabled], [a].[UpdatedAt], [a].[UserName]
FROM [AspNetUsers] AS [a]
WHERE [a].[Id] = @p
2026-03-31 16:37:09.261 +05:30 [INF] Executing OkObjectResult, writing value of type '<>f__AnonymousType2`3[[System.Boolean, System.Private.CoreLib, Version=10.0.0.0, Culture=neutral, PublicKeyToken=7cec85d7bea7798e],[System.String, System.Private.CoreLib, Version=10.0.0.0, Culture=neutral, PublicKeyToken=7cec85d7bea7798e],[System.String, System.Private.CoreLib, Version=10.0.0.0, Culture=neutral, PublicKeyToken=7cec85d7bea7798e]]'.
2026-03-31 16:37:09.268 +05:30 [INF] Executed action UserService.API.Controllers.AuthController.SendOtp (UserService.API) in 541.5905ms
2026-03-31 16:37:09.282 +05:30 [INF] Executed endpoint 'UserService.API.Controllers.AuthController.SendOtp (UserService.API)'
2026-03-31 16:37:09.285 +05:30 [INF] HTTP POST /api/v1/auth/send-otp responded 200 in 584.9062 ms
2026-03-31 16:37:09.293 +05:30 [INF] Request finished HTTP/1.1 POST http://localhost:5010/api/v1/auth/send-otp - 200 null application/json; charset=utf-8 618.2093ms
